Year,Quarter,Month,Airport_Code,City,State,Departures_Performed,Arrivals_Performed,Total_Operations
2023,1,1,ABE,"Allentown/Bethlehem/Easton, PA",Pennsylvania,300,298,598
2023,1,1,ABI,"Abilene, TX",Texas,107,109,216
2023,1,1,ABQ,"Albuquerque, NM",New Mexico,1690,1689,3379
2023,1,1,ABR,"Aberdeen, SD",South Dakota,61,61,122
2023,1,1,ABY,"Albany, GA",Georgia,82,82,164
2023,1,1,ACT,"Waco, TX",Texas,96,96,192
2023,1,1,ACV,"Arcata/Eureka, CA",California,142,143,285
2023,1,1,ACY,"Atlantic City, NJ",New Jersey,221,220,441
2023,1,1,ADK,"Adak Island, AK",Alaska,8,8,16
2023,1,1,ADQ,"Kodiak, AK",Alaska,50,51,101
2023,1,1,AEX,"Alexandria, LA",Louisiana,152,152,304
2023,1,1,AGS,"Augusta, GA",Georgia,373,375,748
2023,1,1,ALB,"Albany, NY",New York,973,972,1945
2023,1,1,ALO,"Waterloo, IA",Iowa,40,40,80
2023,1,1,AMA,"Amarillo, TX",Texas,349,348,697
2023,1,1,ANC,"Anchorage, AK",Alaska,1280,1280,2560
2023,1,1,APN,"Alpena, MI",Michigan,52,52,104
2023,1,1,ASE,"Aspen, CO",Colorado,887,886,1773
2023,1,1,ATL,"Atlanta, GA",Georgia,26582,26566,53148
2023,1,1,ATW,"Appleton, WI",Wisconsin,353,353,706
2023,1,1,AUS,"Austin, TX",Texas,7425,7428,14853
2023,1,1,AVL,"Asheville, NC",North Carolina,688,689,1377
2023,1,1,AVP,"Scranton/Wilkes-Barre, PA",Pennsylvania,151,151,302
2023,1,1,AZA,"Phoenix, AZ",Arizona,495,495,990
2023,1,1,AZO,"Kalamazoo, MI",Michigan,111,111,222
2023,1,1,BDL,"Hartford, CT",Connecticut,1757,1756,3513
2023,1,1,BET,"Bethel, AK",Alaska,58,58,116
2023,1,1,BFF,"Scottsbluff, NE",Nebraska,52,52,104
2023,1,1,BFL,"Bakersfield, CA",California,192,191,383
2023,1,1,BGM,"Binghamton, NY",New York,49,50,99
2023,1,1,BGR,"Bangor, ME",Maine,295,295,590
2023,1,1,BHM,"Birmingham, AL",Alabama,1048,1048,2096
2023,1,1,BIH,"Bishop, CA",California,51,51,102
2023,1,1,BIL,"Billings, MT",Montana,270,270,540
2023,1,1,BIS,"Bismarck/Mandan, ND",North Dakota,275,274,549
2023,1,1,BJI,"Bemidji, MN",Minnesota,61,62,123
2023,1,1,BLI,"Bellingham, WA",Washington,145,145,290
2023,1,1,BLV,"Belleville, IL",Illinois,58,58,116
2023,1,1,BMI,"Bloomington/Normal, IL",Illinois,167,167,334
2023,1,1,BNA,"Nashville, TN",Tennessee,7590,7591,15181
2023,1,1,BOI,"Boise, ID",Idaho,1687,1685,3372
2023,1,1,BOS,"Boston, MA",Massachusetts,10871,10870,21741
2023,1,1,BPT,"Beaumont/Port Arthur, TX",Texas,61,61,122
2023,1,1,BQK,"Brunswick, GA",Georgia,62,62,124
2023,1,1,BQN,"Aguadilla, PR",Puerto Rico,258,256,514
2023,1,1,BRD,"Brainerd, MN",Minnesota,52,52,104
2023,1,1,BRO,"Brownsville, TX",Texas,76,76,152
2023,1,1,BRW,"Barrow, AK",Alaska,30,30,60
2023,1,1,BTM,"Butte, MT",Montana,56,56,112
2023,1,1,BTR,"Baton Rouge, LA",Louisiana,281,281,562
2023,1,1,BTV,"Burlington, VT",Vermont,603,606,1209
2023,1,1,BUF,"Buffalo, NY",New York,1586,1586,3172
2023,1,1,BUR,"Burbank, CA",California,2385,2384,4769
2023,1,1,BWI,"Baltimore, MD",Maryland,7393,7388,14781
2023,1,1,BZN,"Bozeman, MT",Montana,821,819,1640
2023,1,1,CAE,"Columbia, SC",South Carolina,467,471,938
2023,1,1,CAK,"Akron, OH",Ohio,199,199,398
2023,1,1,CDC,"Cedar City, UT",Utah,51,51,102
2023,1,1,CDV,"Cordova, AK",Alaska,60,60,120
2023,1,1,CHA,"Chattanooga, TN",Tennessee,413,416,829
2023,1,1,CHO,"Charlottesville, VA",Virginia,202,203,405
2023,1,1,CHS,"Charleston, SC",South Carolina,1714,1715,3429
2023,1,1,CID,"Cedar Rapids/Iowa City, IA",Iowa,530,530,1060
2023,1,1,CIU,"Sault Ste. Marie, MI",Michigan,61,61,122
2023,1,1,CKB,"Clarksburg/Fairmont, WV",West Virginia,10,10,20
2023,1,1,CLE,"Cleveland, OH",Ohio,3127,3131,6258
2023,1,1,CLL,"College Station/Bryan, TX",Texas,90,90,180
2023,1,1,CLT,"Charlotte, NC",North Carolina,15170,15167,30337
2023,1,1,CMH,"Columbus, OH",Ohio,3176,3175,6351
2023,1,1,CMI,"Champaign/Urbana, IL",Illinois,118,118,236
2023,1,1,CMX,"Hancock/Houghton, MI",Michigan,61,61,122
2023,1,1,CNY,"Moab, UT",Utah,32,31,63
2023,1,1,COD,"Cody, WY",Wyoming,3,3,6
2023,1,1,COS,"Colorado Springs, CO",Colorado,864,864,1728
2023,1,1,COU,"Columbia, MO",Missouri,87,86,173
2023,1,1,CPR,"Casper, WY",Wyoming,160,161,321
2023,1,1,CRP,"Corpus Christi, TX",Texas,213,213,426
2023,1,1,CRW,"Charleston/Dunbar, WV",West Virginia,263,264,527
2023,1,1,CSG,"Columbus, GA",Georgia,91,91,182
2023,1,1,CVG,"Cincinnati, OH",Kentucky,2897,2896,5793
2023,1,1,CWA,"Mosinee, WI",Wisconsin,119,119,238
2023,1,1,CYS,"Cheyenne, WY",Wyoming,61,61,122
2023,1,1,DAB,"Daytona Beach, FL",Florida,225,225,450
2023,1,1,DAL,"Dallas, TX",Texas,5986,5984,11970
2023,1,1,DAY,"Dayton, OH",Ohio,551,552,1103
2023,1,1,DCA,"Washington, DC",Virginia,11772,11774,23546
2023,1,1,DDC,"Dodge City, KS",Kansas,52,52,104
2023,1,1,DEC,"Decatur, IL",Illinois,83,83,166
2023,1,1,DEN,"Denver, CO",Colorado,22460,22461,44921
2023,1,1,DFW,"Dallas/Fort Worth, TX",Texas,20502,20521,41023
2023,1,1,DHN,"Dothan, AL",Alabama,62,62,124
2023,1,1,DIK,"Dickinson, ND",North Dakota,53,53,106
2023,1,1,DLH,"Duluth, MN",Minnesota,123,123,246
2023,1,1,DRO,"Durango, CO",Colorado,214,217,431
2023,1,1,DRT,"Del Rio, TX",Texas,60,60,120
2023,1,1,DSM,"Des Moines, IA",Iowa,1136,1136,2272
2023,1,1,DTW,"Detroit, MI",Michigan,9905,9899,19804
2023,1,1,DVL,"Devils Lake, ND",North Dakota,56,56,112
2023,1,1,ECP,"Panama City, FL",Florida,354,354,708
2023,1,1,EGE,"Eagle, CO",Colorado,511,511,1022
2023,1,1,EKO,"Elko, NV",Nevada,31,31,62
2023,1,1,ELM,"Elmira/Corning, NY",New York,80,80,160
2023,1,1,ELP,"El Paso, TX",Texas,1372,1373,2745
2023,1,1,ESC,"Escanaba, MI",Michigan,61,61,122
2023,1,1,EUG,"Eugene, OR",Oregon,508,508,1016
2023,1,1,EVV,"Evansville, IN",Indiana,110,109,219
2023,1,1,EWR,"Newark, NJ",New Jersey,11623,11628,23251
2023,1,1,EYW,"Key West, FL",Florida,673,670,1343
2023,1,1,FAI,"Fairbanks, AK",Alaska,247,249,496
2023,1,1,FAR,"Fargo, ND",North Dakota,563,565,1128
2023,1,1,FAT,"Fresno, CA",California,777,779,1556
2023,1,1,FAY,"Fayetteville, NC",North Carolina,105,105,210
2023,1,1,FCA,"Kalispell, MT",Montana,246,245,491
2023,1,1,FLG,"Flagstaff, AZ",Arizona,121,121,242
2023,1,1,FLL,"Fort Lauderdale, FL",Florida,7600,7584,15184
2023,1,1,FNT,"Flint, MI",Michigan,158,158,316
2023,1,1,FOD,"Fort Dodge, IA",Iowa,52,52,104
2023,1,1,FSD,"Sioux Falls, SD",South Dakota,571,573,1144
2023,1,1,FSM,"Fort Smith, AR",Arkansas,80,80,160
2023,1,1,FWA,"Fort Wayne, IN",Indiana,313,313,626
2023,1,1,GCC,"Gillette, WY",Wyoming,52,52,104
2023,1,1,GCK,"Garden City, KS",Kansas,60,60,120
2023,1,1,GEG,"Spokane, WA",Washington,1202,1206,2408
2023,1,1,GFK,"Grand Forks, ND",North Dakota,119,119,238
2023,1,1,GGG,"Longview, TX",Texas,61,61,122
2023,1,1,GJT,"Grand Junction, CO",Colorado,200,199,399
2023,1,1,GNV,"Gainesville, FL",Florida,252,254,506
2023,1,1,GPT,"Gulfport/Biloxi, MS",Mississippi,215,215,430
2023,1,1,GRB,"Green Bay, WI",Wisconsin,282,282,564
2023,1,1,GRI,"Grand Island, NE",Nebraska,79,79,158
2023,1,1,GRK,"Killeen, TX",Texas,71,72,143
2023,1,1,GRR,"Grand Rapids, MI",Michigan,1289,1290,2579
2023,1,1,GSO,"Greensboro/High Point, NC",North Carolina,848,850,1698
2023,1,1,GSP,"Greer, SC",South Carolina,978,980,1958
2023,1,1,GTF,"Great Falls, MT",Montana,190,190,380
2023,1,1,GTR,"Columbus, MS",Mississippi,87,87,174
2023,1,1,GUC,"Gunnison, CO",Colorado,94,94,188
2023,1,1,GUM,"Guam, TT",U.S. Pacific Trust Territories and Possessions,62,62,124
2023,1,1,HDN,"Hayden, CO",Colorado,370,370,740
2023,1,1,HGR,"Hagerstown, MD",Maryland,18,18,36
2023,1,1,HHH,"Hilton Head, SC",South Carolina,68,68,136
2023,1,1,HIB,"Hibbing, MN",Minnesota,73,73,146
2023,1,1,HLN,"Helena, MT",Montana,92,92,184
2023,1,1,HNL,"Honolulu, HI",Hawaii,5079,5079,10158
2023,1,1,HOU,"Houston, TX",Texas,4247,4245,8492
2023,1,1,HPN,"White Plains, NY",New York,1117,1120,2237
2023,1,1,HRL,"Harlingen/San Benito, TX",Texas,273,273,546
2023,1,1,HSV,"Huntsville, AL",Alabama,596,598,1194
2023,1,1,HTS,"Ashland, WV",West Virginia,27,27,54
2023,1,1,HYS,"Hays, KS",Kansas,62,62,124
2023,1,1,IAD,"Washington, DC",Virginia,3588,3593,7181
2023,1,1,IAG,"Niagara Falls, NY",New York,28,28,56
2023,1,1,IAH,"Houston, TX",Texas,9123,9120,18243
2023,1,1,ICT,"Wichita, KS",Kansas,682,684,1366
2023,1,1,IDA,"Idaho Falls, ID",Idaho,245,245,490
2023,1,1,ILM,"Wilmington, NC",North Carolina,470,469,939
2023,1,1,IMT,"Iron Mountain/Kingsfd, MI",Michigan,61,61,122
2023,1,1,IND,"Indianapolis, IN",Indiana,3404,3405,6809
2023,1,1,INL,"International Falls, MN",Minnesota,52,52,104
2023,1,1,ISP,"Islip, NY",New York,379,379,758
2023,1,1,ITH,"Ithaca/Cortland, NY",New York,57,58,115
2023,1,1,ITO,"Hilo, HI",Hawaii,557,557,1114
2023,1,1,JAC,"Jackson, WY",Wyoming,510,509,1019
2023,1,1,JAN,"Jackson/Vicksburg, MS",Mississippi,550,550,1100
2023,1,1,JAX,"Jacksonville, FL",Florida,2213,2213,4426
2023,1,1,JFK,"New York, NY",New York,10918,10912,21830
2023,1,1,JLN,"Joplin, MO",Missouri,52,52,104
2023,1,1,JMS,"Jamestown, ND",North Dakota,56,56,112
2023,1,1,JNU,"Juneau, AK",Alaska,342,342,684
2023,1,1,JST,"Johnstown, PA",Pennsylvania,61,61,122
2023,1,1,KOA,"Kona, HI",Hawaii,1438,1438,2876
2023,1,1,KTN,"Ketchikan, AK",Alaska,182,182,364
2023,1,1,LAN,"Lansing, MI",Michigan,136,137,273
2023,1,1,LAR,"Laramie, WY",Wyoming,53,53,106
2023,1,1,LAS,"Las Vegas, NV",Nevada,15792,15793,31585
2023,1,1,LAW,"Lawton/Fort Sill, OK",Oklahoma,68,67,135
2023,1,1,LAX,"Los Angeles, CA",California,15424,15428,30852
2023,1,1,LBB,"Lubbock, TX",Texas,414,414,828
2023,1,1,LBE,"Latrobe, PA",Pennsylvania,31,31,62
2023,1,1,LBF,"North Platte, NE",Nebraska,83,83,166
2023,1,1,LBL,"Liberal, KS",Kansas,52,52,104
2023,1,1,LCH,"Lake Charles, LA",Louisiana,91,91,182
2023,1,1,LCK,"Columbus, OH",Ohio,56,56,112
2023,1,1,LEX,"Lexington, KY",Kentucky,552,552,1104
2023,1,1,LFT,"Lafayette, LA",Louisiana,211,211,422
2023,1,1,LGA,"New York, NY",New York,13479,13481,26960
2023,1,1,LGB,"Long Beach, CA",California,1300,1300,2600
2023,1,1,LIH,"Lihue, HI",Hawaii,1354,1351,2705
2023,1,1,LIT,"Little Rock, AR",Arkansas,821,820,1641
2023,1,1,LNK,"Lincoln, NE",Nebraska,28,28,56
2023,1,1,LRD,"Laredo, TX",Texas,87,87,174
2023,1,1,LSE,"La Crosse, WI",Wisconsin,80,80,160
2023,1,1,LWS,"Lewiston, ID",Idaho,62,62,124
2023,1,1,MAF,"Midland/Odessa, TX",Texas,562,566,1128
2023,1,1,MBS,"Saginaw/Bay City/Midland, MI",Michigan,62,62,124
2023,1,1,MCI,"Kansas City, MO",Missouri,3584,3586,7170
2023,1,1,MCO,"Orlando, FL",Florida,13333,13327,26660
2023,1,1,MCW,"Mason City, IA",Iowa,52,52,104
2023,1,1,MDT,"Harrisburg, PA",Pennsylvania,385,385,770
2023,1,1,MDW,"Chicago, IL",Illinois,6498,6498,12996
2023,1,1,MEI,"Meridian, MS",Mississippi,83,83,166
2023,1,1,MEM,"Memphis, TN",Tennessee,1796,1799,3595
2023,1,1,MFE,"Mission/McAllen/Edinburg, TX",Texas,223,225,448
2023,1,1,MFR,"Medford, OR",Oregon,354,355,709
2023,1,1,MGM,"Montgomery, AL",Alabama,200,201,401
2023,1,1,MHK,"Manhattan/Ft. Riley, KS",Kansas,126,126,252
2023,1,1,MHT,"Manchester, NH",New Hampshire,488,487,975
2023,1,1,MIA,"Miami, FL",Florida,8697,8689,17386
2023,1,1,MKE,"Milwaukee, WI",Wisconsin,1981,1983,3964
2023,1,1,MLB,"Melbourne, FL",Florida,233,234,467
2023,1,1,MLI,"Moline, IL",Illinois,281,280,561
2023,1,1,MLU,"Monroe, LA",Louisiana,152,152,304
2023,1,1,MOB,"Mobile, AL",Alabama,171,171,342
2023,1,1,MOT,"Minot, ND",North Dakota,174,174,348
2023,1,1,MQT,"Marquette, MI",Michigan,71,71,142
2023,1,1,MRY,"Monterey, CA",California,286,286,572
2023,1,1,MSN,"Madison, WI",Wisconsin,810,809,1619
2023,1,1,MSO,"Missoula, MT",Montana,238,239,477
2023,1,1,MSP,"Minneapolis, MN",Minnesota,9470,9460,18930
2023,1,1,MSY,"New Orleans, LA",Louisiana,3996,4002,7998
2023,1,1,MTJ,"Montrose/Delta, CO",Colorado,372,372,744
2023,1,1,MYR,"Myrtle Beach, SC",South Carolina,735,735,1470
2023,1,1,OAJ,"Jacksonville/Camp Lejeune, NC",North Carolina,62,62,124
2023,1,1,OAK,"Oakland, CA",California,3797,3792,7589
2023,1,1,OGG,"Kahului, HI",Hawaii,2609,2609,5218
2023,1,1,OKC,"Oklahoma City, OK",Oklahoma,1653,1654,3307
2023,1,1,OMA,"Omaha, NE",Nebraska,1751,1753,3504
2023,1,1,OME,"Nome, AK",Alaska,60,60,120
2023,1,1,ONT,"Ontario, CA",California,1842,1842,3684
2023,1,1,ORD,"Chicago, IL",Illinois,20086,20092,40178
2023,1,1,ORF,"Norfolk, VA",Virginia,1440,1441,2881
2023,1,1,ORH,"Worcester, MA",Massachusetts,144,144,288
2023,1,1,OTH,"North Bend/Coos Bay, OR",Oregon,18,18,36
2023,1,1,OTZ,"Kotzebue, AK",Alaska,60,60,120
2023,1,1,OWB,"Owensboro, KY",Kentucky,9,9,18
2023,1,1,PAE,"Everett, WA",Washington,97,98,195
2023,1,1,PBG,"Plattsburgh, NY",New York,36,36,72
2023,1,1,PBI,"West Palm Beach/Palm Beach, FL",Florida,2520,2516,5036
2023,1,1,PDX,"Portland, OR",Oregon,4540,4540,9080
2023,1,1,PGD,"Punta Gorda, FL",Florida,552,552,1104
2023,1,1,PGV,"Greenville, NC",North Carolina,21,21,42
2023,1,1,PHL,"Philadelphia, PA",Pennsylvania,7015,7011,14026
2023,1,1,PHX,"Phoenix, AZ",Arizona,14613,14620,29233
2023,1,1,PIA,"Peoria, IL",Illinois,216,217,433
2023,1,1,PIB,"Hattiesburg/Laurel, MS",Mississippi,52,52,104
2023,1,1,PIE,"St. Petersburg, FL",Florida,573,574,1147
2023,1,1,PIH,"Pocatello, ID",Idaho,31,31,62
2023,1,1,PIT,"Pittsburgh, PA",Pennsylvania,3348,3349,6697
2023,1,1,PLN,"Pellston, MI",Michigan,52,52,104
2023,1,1,PNS,"Pensacola, FL",Florida,781,781,1562
2023,1,1,PPG,"Pago Pago, TT",U.S. Pacific Trust Territories and Possessions,11,11,22
2023,1,1,PRC,"Prescott, AZ",Arizona,61,61,122
2023,1,1,PSC,"Pasco/Kennewick/Richland, WA",Washington,323,323,646
2023,1,1,PSE,"Ponce, PR",Puerto Rico,77,76,153
2023,1,1,PSG,"Petersburg, AK",Alaska,60,60,120
2023,1,1,PSM,"Portsmouth, NH",New Hampshire,19,19,38
2023,1,1,PSP,"Palm Springs, CA",California,1534,1537,3071
2023,1,1,PUB,"Pueblo, CO",Colorado,27,27,54
2023,1,1,PVD,"Providence, RI",Rhode Island,1179,1179,2358
2023,1,1,PVU,"Provo, UT",Utah,168,168,336
2023,1,1,PWM,"Portland, ME",Maine,700,699,1399
2023,1,1,RAP,"Rapid City, SD",South Dakota,299,300,599
2023,1,1,RDD,"Redding, CA",California,92,94,186
2023,1,1,RDM,"Bend/Redmond, OR",Oregon,425,423,848
2023,1,1,RDU,"Raleigh/Durham, NC",North Carolina,4306,4306,8612
2023,1,1,RFD,"Rockford, IL",Illinois,65,65,130
2023,1,1,RHI,"Rhinelander, WI",Wisconsin,61,61,122
2023,1,1,RIC,"Richmond, VA",Virginia,1447,1451,2898
2023,1,1,RIW,"Riverton/Lander, WY",Wyoming,31,31,62
2023,1,1,RKS,"Rock Springs, WY",Wyoming,31,31,62
2023,1,1,RNO,"Reno, NV",Nevada,1572,1569,3141
2023,1,1,ROA,"Roanoke, VA",Virginia,187,189,376
2023,1,1,ROC,"Rochester, NY",New York,1067,1068,2135
2023,1,1,ROW,"Roswell, NM",New Mexico,92,92,184
2023,1,1,RST,"Rochester, MN",Minnesota,132,132,264
2023,1,1,RSW,"Fort Myers, FL",Florida,3183,3175,6358
2023,1,1,SAF,"Santa Fe, NM",New Mexico,120,120,240
2023,1,1,SAN,"San Diego, CA",California,6983,6984,13967
2023,1,1,SAT,"San Antonio, TX",Texas,2895,2893,5788
2023,1,1,SAV,"Savannah, GA",Georgia,1159,1157,2316
2023,1,1,SBA,"Santa Barbara, CA",California,552,552,1104
2023,1,1,SBN,"South Bend, IN",Indiana,429,430,859
2023,1,1,SBP,"San Luis Obispo, CA",California,381,382,763
2023,1,1,SCC,"Deadhorse, AK",Alaska,35,35,70
2023,1,1,SCE,"State College, PA",Pennsylvania,106,108,214
2023,1,1,SCK,"Stockton, CA",California,46,46,92
2023,1,1,SDF,"Louisville, KY",Kentucky,1597,1599,3196
2023,1,1,SEA,"Seattle, WA",Washington,11873,11875,23748
2023,1,1,SFB,"Sanford, FL",Florida,714,714,1428
2023,1,1,SFO,"San Francisco, CA",California,10276,10265,20541
2023,1,1,SGF,"Springfield, MO",Missouri,533,534,1067
2023,1,1,SGU,"St. George, UT",Utah,175,175,350
2023,1,1,SHR,"Sheridan, WY",Wyoming,53,53,106
2023,1,1,SHV,"Shreveport, LA",Louisiana,266,266,532
2023,1,1,SIT,"Sitka, AK",Alaska,92,92,184
2023,1,1,SJC,"San Jose, CA",California,4429,4421,8850
2023,1,1,SJT,"San Angelo, TX",Texas,90,90,180
2023,1,1,SJU,"San Juan, PR",Puerto Rico,2791,2784,5575
2023,1,1,SLC,"Salt Lake City, UT",Utah,8944,8940,17884
2023,1,1,SLN,"Salina, KS",Kansas,62,62,124
2023,1,1,SMF,"Sacramento, CA",California,4248,4246,8494
2023,1,1,SMX,"Santa Maria, CA",California,9,9,18
2023,1,1,SNA,"Santa Ana, CA",California,3736,3739,7475
2023,1,1,SPI,"Springfield, IL",Illinois,59,57,116
2023,1,1,SPN,"Saipan, TT",U.S. Pacific Trust Territories and Possessions,31,31,62
2023,1,1,SPS,"Wichita Falls, TX",Texas,61,61,122
2023,1,1,SRQ,"Sarasota/Bradenton, FL",Florida,1433,1433,2866
2023,1,1,STC,"St. Cloud, MN",Minnesota,17,17,34
2023,1,1,STL,"St. Louis, MO",Missouri,4668,4673,9341
2023,1,1,STS,"Santa Rosa, CA",California,226,226,452
2023,1,1,STT,"Charlotte Amalie, VI",U.S. Virgin Islands,493,493,986
2023,1,1,STX,"Christiansted, VI",U.S. Virgin Islands,88,88,176
2023,1,1,SUN,"Sun Valley/Hailey/Ketchum, ID",Idaho,168,167,335
2023,1,1,SUX,"Sioux City, IA",Iowa,61,61,122
2023,1,1,SWF,"Newburgh/Poughkeepsie, NY",New York,56,56,112
2023,1,1,SWO,"Stillwater, OK",Oklahoma,61,61,122
2023,1,1,SYR,"Syracuse, NY",New York,1062,1061,2123
2023,1,1,TLH,"Tallahassee, FL",Florida,425,427,852
2023,1,1,TOL,"Toledo, OH",Ohio,33,33,66
2023,1,1,TPA,"Tampa, FL",Florida,6479,6484,12963
2023,1,1,TRI,"Bristol/Johnson City/Kingsport, TN",Tennessee,254,256,510
2023,1,1,TTN,"Trenton, NJ",New Jersey,143,143,286
2023,1,1,TUL,"Tulsa, OK",Oklahoma,1252,1252,2504
2023,1,1,TUS,"Tucson, AZ",Arizona,1462,1462,2924
2023,1,1,TVC,"Traverse City, MI",Michigan,218,219,437
2023,1,1,TWF,"Twin Falls, ID",Idaho,37,37,74
2023,1,1,TXK,"Texarkana, AR",Arkansas,90,90,180
2023,1,1,TYR,"Tyler, TX",Texas,90,90,180
2023,1,1,TYS,"Knoxville, TN",Tennessee,925,924,1849
2023,1,1,USA,"Concord, NC",North Carolina,66,66,132
2023,1,1,VCT,"Victoria, TX",Texas,58,59,117
2023,1,1,VEL,"Vernal, UT",Utah,51,51,102
2023,1,1,VLD,"Valdosta, GA",Georgia,82,82,164
2023,1,1,VPS,"Valparaiso, FL",Florida,473,473,946
2023,1,1,WRG,"Wrangell, AK",Alaska,60,60,120
2023,1,1,XNA,"Fayetteville, AR",Arkansas,866,865,1731
2023,1,1,XWA,"Williston, ND",North Dakota,107,107,214
2023,1,1,YAK,"Yakutat, AK",Alaska,60,60,120
2023,1,1,YUM,"Yuma, AZ",Arizona,90,90,180
2023,1,2,ABE,"Allentown/Bethlehem/Easton, PA",Pennsylvania,288,289,577
2023,1,2,ABI,"Abilene, TX",Texas,80,79,159
2023,1,2,ABQ,"Albuquerque, NM",New Mexico,1559,1559,3118
2023,1,2,ABR,"Aberdeen, SD",South Dakota,55,55,110
2023,1,2,ABY,"Albany, GA",Georgia,68,68,136
2023,1,2,ACT,"Waco, TX",Texas,81,81,162
2023,1,2,ACV,"Arcata/Eureka, CA",California,136,136,272
2023,1,2,ACY,"Atlantic City, NJ",New Jersey,217,217,434
2023,1,2,ADK,"Adak Island, AK",Alaska,8,8,16
2023,1,2,ADQ,"Kodiak, AK",Alaska,48,48,96
2023,1,2,AEX,"Alexandria, LA",Louisiana,140,140,280
2023,1,2,AGS,"Augusta, GA",Georgia,323,324,647
2023,1,2,ALB,"Albany, NY",New York,875,875,1750
2023,1,2,ALO,"Waterloo, IA",Iowa,35,35,70
2023,1,2,AMA,"Amarillo, TX",Texas,378,379,757
2023,1,2,ANC,"Anchorage, AK",Alaska,1152,1152,2304
2023,1,2,APN,"Alpena, MI",Michigan,48,48,96
2023,1,2,ASE,"Aspen, CO",Colorado,852,853,1705
2023,1,2,ATL,"Atlanta, GA",Georgia,24126,24119,48245
2023,1,2,ATW,"Appleton, WI",Wisconsin,358,358,716
2023,1,2,AUS,"Austin, TX",Texas,6763,6765,13528
2023,1,2,AVL,"Asheville, NC",North Carolina,665,666,1331
2023,1,2,AVP,"Scranton/Wilkes-Barre, PA",Pennsylvania,164,165,329
2023,1,2,AZA,"Phoenix, AZ",Arizona,478,478,956
2023,1,2,AZO,"Kalamazoo, MI",Michigan,60,60,120
2023,1,2,BDL,"Hartford, CT",Connecticut,1767,1768,3535
2023,1,2,BET,"Bethel, AK",Alaska,56,56,112
2023,1,2,BFF,"Scottsbluff, NE",Nebraska,48,48,96
2023,1,2,BFL,"Bakersfield, CA",California,185,186,371
2023,1,2,BGM,"Binghamton, NY",New York,52,52,104
2023,1,2,BGR,"Bangor, ME",Maine,298,298,596
2023,1,2,BHM,"Birmingham, AL",Alabama,1061,1063,2124
2023,1,2,BIH,"Bishop, CA",California,50,50,100
2023,1,2,BIL,"Billings, MT",Montana,286,287,573
2023,1,2,BIS,"Bismarck/Mandan, ND",North Dakota,278,279,557
2023,1,2,BJI,"Bemidji, MN",Minnesota,55,55,110
2023,1,2,BLI,"Bellingham, WA",Washington,146,146,292
2023,1,2,BLV,"Belleville, IL",Illinois,54,54,108
2023,1,2,BMI,"Bloomington/Normal, IL",Illinois,122,121,243
2023,1,2,BNA,"Nashville, TN",Tennessee,6971,6971,13942
2023,1,2,BOI,"Boise, ID",Idaho,1633,1631,3264
2023,1,2,BOS,"Boston, MA",Massachusetts,10594,10595,21189
2023,1,2,BPT,"Beaumont/Port Arthur, TX",Texas,56,56,112
2023,1,2,BQK,"Brunswick, GA",Georgia,56,56,112
2023,1,2,BQN,"Aguadilla, PR",Puerto Rico,194,194,388
2023,1,2,BRD,"Brainerd, MN",Minnesota,48,48,96
2023,1,2,BRO,"Brownsville, TX",Texas,82,82,164
2023,1,2,BRW,"Barrow, AK",Alaska,29,29,58
2023,1,2,BTM,"Butte, MT",Montana,51,51,102
2023,1,2,BTR,"Baton Rouge, LA",Louisiana,259,259,518
2023,1,2,BTV,"Burlington, VT",Vermont,543,542,1085
2023,1,2,BUF,"Buffalo, NY",New York,1476,1477,2953
2023,1,2,BUR,"Burbank, CA",California,2150,2152,4302
2023,1,2,BWI,"Baltimore, MD",Maryland,6681,6681,13362
2023,1,2,BZN,"Bozeman, MT",Montana,807,808,1615
2023,1,2,CAE,"Columbia, SC",South Carolina,413,412,825
2023,1,2,CAK,"Akron, OH",Ohio,234,235,469
2023,1,2,CDC,"Cedar City, UT",Utah,47,47,94
2023,1,2,CDV,"Cordova, AK",Alaska,56,56,112
2023,1,2,CHA,"Chattanooga, TN",Tennessee,462,461,923
2023,1,2,CHO,"Charlottesville, VA",Virginia,196,196,392
2023,1,2,CHS,"Charleston, SC",South Carolina,1579,1579,3158
2023,1,2,CID,"Cedar Rapids/Iowa City, IA",Iowa,510,510,1020
2023,1,2,CIU,"Sault Ste. Marie, MI",Michigan,56,56,112
2023,1,2,CKB,"Clarksburg/Fairmont, WV",West Virginia,12,12,24
2023,1,2,CLE,"Cleveland, OH",Ohio,2861,2862,5723
2023,1,2,CLL,"College Station/Bryan, TX",Texas,79,79,158
2023,1,2,CLT,"Charlotte, NC",North Carolina,14234,14246,28480
2023,1,2,CMH,"Columbus, OH",Ohio,2951,2950,5901
2023,1,2,CMI,"Champaign/Urbana, IL",Illinois,111,111,222
2023,1,2,CMX,"Hancock/Houghton, MI",Michigan,56,56,112
2023,1,2,CNY,"Moab, UT",Utah,28,28,56
2023,1,2,COS,"Colorado Springs, CO",Colorado,773,774,1547
2023,1,2,COU,"Columbia, MO",Missouri,107,108,215
2023,1,2,CPR,"Casper, WY",Wyoming,140,140,280
2023,1,2,CRP,"Corpus Christi, TX",Texas,224,225,449
2023,1,2,CRW,"Charleston/Dunbar, WV",West Virginia,258,258,516
2023,1,2,CSG,"Columbus, GA",Georgia,61,61,122
2023,1,2,CVG,"Cincinnati, OH",Kentucky,2735,2737,5472
2023,1,2,CWA,"Mosinee, WI",Wisconsin,60,59,119
2023,1,2,CYS,"Cheyenne, WY",Wyoming,31,31,62
2023,1,2,DAB,"Daytona Beach, FL",Florida,232,232,464
2023,1,2,DAL,"Dallas, TX",Texas,5444,5444,10888
2023,1,2,DAY,"Dayton, OH",Ohio,452,452,904
2023,1,2,DCA,"Washington, DC",Virginia,11082,11087,22169
2023,1,2,DDC,"Dodge City, KS",Kansas,48,48,96
2023,1,2,DEC,"Decatur, IL",Illinois,76,76,152
2023,1,2,DEN,"Denver, CO",Colorado,20653,20651,41304
2023,1,2,DFW,"Dallas/Fort Worth, TX",Texas,19910,19900,39810
2023,1,2,DHN,"Dothan, AL",Alabama,56,56,112
2023,1,2,DIK,"Dickinson, ND",North Dakota,48,48,96
2023,1,2,DLH,"Duluth, MN",Minnesota,126,126,252
2023,1,2,DRO,"Durango, CO",Colorado,261,260,521
2023,1,2,DRT,"Del Rio, TX",Texas,56,56,112
2023,1,2,DSM,"Des Moines, IA",Iowa,1049,1049,2098
2023,1,2,DTW,"Detroit, MI",Michigan,9141,9140,18281
2023,1,2,DVL,"Devils Lake, ND",North Dakota,52,52,104
2023,1,2,ECP,"Panama City, FL",Florida,325,326,651
2023,1,2,EGE,"Eagle, CO",Colorado,483,483,966
2023,1,2,EKO,"Elko, NV",Nevada,29,29,58
2023,1,2,ELM,"Elmira/Corning, NY",New York,89,89,178
2023,1,2,ELP,"El Paso, TX",Texas,1227,1226,2453
2023,1,2,ERI,"Erie, PA",Pennsylvania,37,38,75
2023,1,2,ESC,"Escanaba, MI",Michigan,56,56,112
2023,1,2,EUG,"Eugene, OR",Oregon,492,491,983
2023,1,2,EVV,"Evansville, IN",Indiana,117,118,235
2023,1,2,EWN,"New Bern/Morehead/Beaufort, NC",North Carolina,26,26,52
2023,1,2,EWR,"Newark, NJ",New Jersey,10991,10988,21979
2023,1,2,EYW,"Key West, FL",Florida,631,633,1264
2023,1,2,FAI,"Fairbanks, AK",Alaska,208,208,416
2023,1,2,FAR,"Fargo, ND",North Dakota,530,530,1060
2023,1,2,FAT,"Fresno, CA",California,711,710,1421
2023,1,2,FAY,"Fayetteville, NC",North Carolina,85,85,170
2023,1,2,FCA,"Kalispell, MT",Montana,218,218,436
2023,1,2,FLG,"Flagstaff, AZ",Arizona,138,138,276
2023,1,2,FLL,"Fort Lauderdale, FL",Florida,7133,7138,14271
2023,1,2,FNT,"Flint, MI",Michigan,201,202,403
2023,1,2,FOD,"Fort Dodge, IA",Iowa,48,48,96
2023,1,2,FSD,"Sioux Falls, SD",South Dakota,573,573,1146
2023,1,2,FSM,"Fort Smith, AR",Arkansas,78,78,156
2023,1,2,FWA,"Fort Wayne, IN",Indiana,317,317,634
2023,1,2,GCC,"Gillette, WY",Wyoming,48,48,96
2023,1,2,GCK,"Garden City, KS",Kansas,56,56,112
2023,1,2,GEG,"Spokane, WA",Washington,1138,1138,2276
2023,1,2,GFK,"Grand Forks, ND",North Dakota,106,106,212
2023,1,2,GGG,"Longview, TX",Texas,56,56,112
2023,1,2,GJT,"Grand Junction, CO",Colorado,215,215,430
2023,1,2,GNV,"Gainesville, FL",Florida,205,205,410
2023,1,2,GPT,"Gulfport/Biloxi, MS",Mississippi,196,196,392
2023,1,2,GRB,"Green Bay, WI",Wisconsin,271,272,543
2023,1,2,GRI,"Grand Island, NE",Nebraska,72,72,144
2023,1,2,GRK,"Killeen, TX",Texas,110,110,220
2023,1,2,GRR,"Grand Rapids, MI",Michigan,1261,1263,2524
2023,1,2,GSO,"Greensboro/High Point, NC",North Carolina,797,795,1592
2023,1,2,GSP,"Greer, SC",South Carolina,901,900,1801
2023,1,2,GTF,"Great Falls, MT",Montana,178,179,357
2023,1,2,GTR,"Columbus, MS",Mississippi,76,76,152
2023,1,2,GUC,"Gunnison, CO",Colorado,95,95,190
2023,1,2,GUM,"Guam, TT",U.S. Pacific Trust Territories and Possessions,56,56,112
2023,1,2,HDN,"Hayden, CO",Colorado,400,400,800
2023,1,2,HGR,"Hagerstown, MD",Maryland,16,16,32
2023,1,2,HHH,"Hilton Head, SC",South Carolina,56,56,112
2023,1,2,HIB,"Hibbing, MN",Minnesota,68,68,136
2023,1,2,HLN,"Helena, MT",Montana,84,84,168
2023,1,2,HNL,"Honolulu, HI",Hawaii,4573,4573,9146
2023,1,2,HOU,"Houston, TX",Texas,3863,3864,7727
2023,1,2,HPN,"White Plains, NY",New York,1059,1058,2117
2023,1,2,HRL,"Harlingen/San Benito, TX",Texas,288,288,576
2023,1,2,HSV,"Huntsville, AL",Alabama,560,559,1119
2023,1,2,HTS,"Ashland, WV",West Virginia,17,17,34
2023,1,2,HYS,"Hays, KS",Kansas,56,56,112
2023,1,2,IAD,"Washington, DC",Virginia,3505,3501,7006
2023,1,2,IAG,"Niagara Falls, NY",New York,37,37,74
2023,1,2,IAH,"Houston, TX",Texas,8653,8648,17301
2023,1,2,ICT,"Wichita, KS",Kansas,649,649,1298
2023,1,2,IDA,"Idaho Falls, ID",Idaho,218,218,436
2023,1,2,ILM,"Wilmington, NC",North Carolina,482,484,966
2023,1,2,IMT,"Iron Mountain/Kingsfd, MI",Michigan,56,56,112
2023,1,2,IND,"Indianapolis, IN",Indiana,3187,3190,6377
2023,1,2,INL,"International Falls, MN",Minnesota,48,48,96
2023,1,2,ISP,"Islip, NY",New York,362,362,724
2023,1,2,ITH,"Ithaca/Cortland, NY",New York,56,56,112
2023,1,2,ITO,"Hilo, HI",Hawaii,488,489,977
2023,1,2,JAC,"Jackson, WY",Wyoming,518,519,1037
2023,1,2,JAN,"Jackson/Vicksburg, MS",Mississippi,539,540,1079
2023,1,2,JAX,"Jacksonville, FL",Florida,2060,2060,4120
2023,1,2,JFK,"New York, NY",New York,10567,10570,21137
2023,1,2,JLN,"Joplin, MO",Missouri,48,48,96
2023,1,2,JMS,"Jamestown, ND",North Dakota,52,52,104
2023,1,2,JNU,"Juneau, AK",Alaska,316,316,632
2023,1,2,JST,"Johnstown, PA",Pennsylvania,56,56,112
2023,1,2,KOA,"Kona, HI",Hawaii,1294,1294,2588
2023,1,2,KTN,"Ketchikan, AK",Alaska,168,168,336
2023,1,2,LAN,"Lansing, MI",Michigan,135,135,270
2023,1,2,LAR,"Laramie, WY",Wyoming,48,48,96
2023,1,2,LAS,"Las Vegas, NV",Nevada,14116,14106,28222
2023,1,2,LAW,"Lawton/Fort Sill, OK",Oklahoma,106,107,213
2023,1,2,LAX,"Los Angeles, CA",California,13973,13961,27934
2023,1,2,LBB,"Lubbock, TX",Texas,361,361,722
2023,1,2,LBE,"Latrobe, PA",Pennsylvania,28,28,56
2023,1,2,LBF,"North Platte, NE",Nebraska,76,76,152
2023,1,2,LBL,"Liberal, KS",Kansas,48,48,96
2023,1,2,LCH,"Lake Charles, LA",Louisiana,84,84,168
2023,1,2,LCK,"Columbus, OH",Ohio,49,49,98
2023,1,2,LEX,"Lexington, KY",Kentucky,551,551,1102
2023,1,2,LFT,"Lafayette, LA",Louisiana,176,176,352
2023,1,2,LGA,"New York, NY",New York,13203,13200,26403
2023,1,2,LGB,"Long Beach, CA",California,1172,1172,2344
2023,1,2,LIH,"Lihue, HI",Hawaii,1200,1200,2400
2023,1,2,LIT,"Little Rock, AR",Arkansas,816,817,1633
2023,1,2,LNK,"Lincoln, NE",Nebraska,37,38,75
2023,1,2,LRD,"Laredo, TX",Texas,86,86,172
2023,1,2,LSE,"La Crosse, WI",Wisconsin,102,102,204
2023,1,2,LWS,"Lewiston, ID",Idaho,56,56,112
2023,1,2,MAF,"Midland/Odessa, TX",Texas,586,585,1171
2023,1,2,MBS,"Saginaw/Bay City/Midland, MI",Michigan,74,75,149
2023,1,2,MCI,"Kansas City, MO",Missouri,3372,3374,6746
2023,1,2,MCO,"Orlando, FL",Florida,12400,12403,24803
2023,1,2,MCW,"Mason City, IA",Iowa,48,48,96
2023,1,2,MDT,"Harrisburg, PA",Pennsylvania,377,377,754
2023,1,2,MDW,"Chicago, IL",Illinois,5850,5850,11700
2023,1,2,MEI,"Meridian, MS",Mississippi,76,76,152
2023,1,2,MEM,"Memphis, TN",Tennessee,1629,1630,3259
2023,1,2,MFE,"Mission/McAllen/Edinburg, TX",Texas,218,218,436
2023,1,2,MFR,"Medford, OR",Oregon,332,332,664
2023,1,2,MGM,"Montgomery, AL",Alabama,147,146,293
2023,1,2,MHK,"Manhattan/Ft. Riley, KS",Kansas,136,136,272
2023,1,2,MHT,"Manchester, NH",New Hampshire,430,429,859
2023,1,2,MIA,"Miami, FL",Florida,8001,8003,16004
2023,1,2,MKE,"Milwaukee, WI",Wisconsin,1857,1857,3714
2023,1,2,MLB,"Melbourne, FL",Florida,210,210,420
2023,1,2,MLI,"Moline, IL",Illinois,261,261,522
2023,1,2,MLU,"Monroe, LA",Louisiana,140,140,280
2023,1,2,MOB,"Mobile, AL",Alabama,190,190,380
2023,1,2,MOT,"Minot, ND",North Dakota,121,120,241
2023,1,2,MQT,"Marquette, MI",Michigan,56,56,112
2023,1,2,MRY,"Monterey, CA",California,268,268,536
2023,1,2,MSN,"Madison, WI",Wisconsin,689,688,1377
2023,1,2,MSO,"Missoula, MT",Montana,235,235,470
2023,1,2,MSP,"Minneapolis, MN",Minnesota,8637,8636,17273
2023,1,2,MSY,"New Orleans, LA",Louisiana,3960,3958,7918
2023,1,2,MTJ,"Montrose/Delta, CO",Colorado,355,355,710
2023,1,2,MYR,"Myrtle Beach, SC",South Carolina,778,780,1558
2023,1,2,OAJ,"Jacksonville/Camp Lejeune, NC",North Carolina,56,56,112
2023,1,2,OAK,"Oakland, CA",California,3364,3365,6729
2023,1,2,OGG,"Kahului, HI",Hawaii,2339,2339,4678
2023,1,2,OKC,"Oklahoma City, OK",Oklahoma,1515,1515,3030
2023,1,2,OMA,"Omaha, NE",Nebraska,1626,1626,3252
2023,1,2,OME,"Nome, AK",Alaska,56,56,112
2023,1,2,ONT,"Ontario, CA",California,1721,1721,3442
2023,1,2,ORD,"Chicago, IL",Illinois,19329,19321,38650
2023,1,2,ORF,"Norfolk, VA",Virginia,1354,1355,2709
2023,1,2,ORH,"Worcester, MA",Massachusetts,136,136,272
2023,1,2,OTH,"North Bend/Coos Bay, OR",Oregon,16,16,32
2023,1,2,OTZ,"Kotzebue, AK",Alaska,56,56,112
2023,1,2,OWB,"Owensboro, KY",Kentucky,8,8,16
2023,1,2,PAE,"Everett, WA",Washington,100,100,200
2023,1,2,PBG,"Plattsburgh, NY",New York,52,52,104
2023,1,2,PBI,"West Palm Beach/Palm Beach, FL",Florida,2394,2395,4789
2023,1,2,PDX,"Portland, OR",Oregon,4263,4265,8528
2023,1,2,PGD,"Punta Gorda, FL",Florida,561,561,1122
2023,1,2,PGV,"Greenville, NC",North Carolina,28,28,56
2023,1,2,PHL,"Philadelphia, PA",Pennsylvania,6062,6058,12120
2023,1,2,PHX,"Phoenix, AZ",Arizona,13700,13697,27397
2023,1,2,PIA,"Peoria, IL",Illinois,215,215,430
2023,1,2,PIB,"Hattiesburg/Laurel, MS",Mississippi,48,48,96
2023,1,2,PIE,"St. Petersburg, FL",Florida,582,582,1164
2023,1,2,PIH,"Pocatello, ID",Idaho,28,28,56
2023,1,2,PIT,"Pittsburgh, PA",Pennsylvania,3103,3105,6208
2023,1,2,PLN,"Pellston, MI",Michigan,48,48,96
2023,1,2,PNS,"Pensacola, FL",Florida,756,756,1512
2023,1,2,PPG,"Pago Pago, TT",U.S. Pacific Trust Territories and Possessions,8,8,16
2023,1,2,PRC,"Prescott, AZ",Arizona,56,56,112
2023,1,2,PSC,"Pasco/Kennewick/Richland, WA",Washington,333,334,667
2023,1,2,PSE,"Ponce, PR",Puerto Rico,69,69,138
2023,1,2,PSG,"Petersburg, AK",Alaska,56,56,112
2023,1,2,PSM,"Portsmouth, NH",New Hampshire,30,30,60
2023,1,2,PSP,"Palm Springs, CA",California,1497,1498,2995
2023,1,2,PVD,"Providence, RI",Rhode Island,1164,1164,2328
2023,1,2,PVU,"Provo, UT",Utah,158,158,316
2023,1,2,PWM,"Portland, ME",Maine,660,661,1321
2023,1,2,RAP,"Rapid City, SD",South Dakota,257,257,514
2023,1,2,RDD,"Redding, CA",California,83,82,165
2023,1,2,RDM,"Bend/Redmond, OR",Oregon,432,435,867
2023,1,2,RDU,"Raleigh/Durham, NC",North Carolina,4062,4064,8126
2023,1,2,RFD,"Rockford, IL",Illinois,61,61,122
2023,1,2,RHI,"Rhinelander, WI",Wisconsin,56,56,112
2023,1,2,RIC,"Richmond, VA",Virginia,1372,1373,2745
2023,1,2,RIW,"Riverton/Lander, WY",Wyoming,28,28,56
2023,1,2,RKS,"Rock Springs, WY",Wyoming,28,28,56
2023,1,2,RNO,"Reno, NV",Nevada,1467,1467,2934
2023,1,2,ROA,"Roanoke, VA",Virginia,194,193,387
2023,1,2,ROC,"Rochester, NY",New York,1064,1064,2128
2023,1,2,ROW,"Roswell, NM",New Mexico,84,84,168
2023,1,2,RST,"Rochester, MN",Minnesota,131,130,261
2023,1,2,RSW,"Fort Myers, FL",Florida,3046,3050,6096
2023,1,2,SAF,"Santa Fe, NM",New Mexico,138,138,276
2023,1,2,SAN,"San Diego, CA",California,6328,6327,12655
2023,1,2,SAT,"San Antonio, TX",Texas,2682,2686,5368
2023,1,2,SAV,"Savannah, GA",Georgia,1178,1179,2357
2023,1,2,SBA,"Santa Barbara, CA",California,528,528,1056
2023,1,2,SBN,"South Bend, IN",Indiana,400,400,800
2023,1,2,SBP,"San Luis Obispo, CA",California,348,347,695
2023,1,2,SCC,"Deadhorse, AK",Alaska,32,32,64
2023,1,2,SCE,"State College, PA",Pennsylvania,108,108,216
2023,1,2,SCK,"Stockton, CA",California,42,42,84
2023,1,2,SDF,"Louisville, KY",Kentucky,1541,1542,3083
2023,1,2,SEA,"Seattle, WA",Washington,11028,11024,22052
2023,1,2,SFB,"Sanford, FL",Florida,729,729,1458
2023,1,2,SFO,"San Francisco, CA",California,9713,9703,19416
2023,1,2,SGF,"Springfield, MO",Missouri,473,473,946
2023,1,2,SGU,"St. George, UT",Utah,161,161,322
2023,1,2,SHR,"Sheridan, WY",Wyoming,48,48,96
2023,1,2,SHV,"Shreveport, LA",Louisiana,239,239,478
2023,1,2,SIT,"Sitka, AK",Alaska,84,84,168
2023,1,2,SJC,"San Jose, CA",California,3908,3905,7813
2023,1,2,SJT,"San Angelo, TX",Texas,105,105,210
2023,1,2,SJU,"San Juan, PR",Puerto Rico,2335,2338,4673
2023,1,2,SLC,"Salt Lake City, UT",Utah,8138,8139,16277
2023,1,2,SLN,"Salina, KS",Kansas,56,56,112
2023,1,2,SMF,"Sacramento, CA",California,3844,3846,7690
2023,1,2,SMX,"Santa Maria, CA",California,8,8,16
2023,1,2,SNA,"Santa Ana, CA",California,3358,3358,6716
2023,1,2,SPI,"Springfield, IL",Illinois,62,63,125
2023,1,2,SPN,"Saipan, TT",U.S. Pacific Trust Territories and Possessions,28,28,56
2023,1,2,SPS,"Wichita Falls, TX",Texas,56,56,112
2023,1,2,SRQ,"Sarasota/Bradenton, FL",Florida,1370,1371,2741
2023,1,2,STC,"St. Cloud, MN",Minnesota,20,20,40
2023,1,2,STL,"St. Louis, MO",Missouri,4292,4294,8586
2023,1,2,STS,"Santa Rosa, CA",California,213,213,426
2023,1,2,STT,"Charlotte Amalie, VI",U.S. Virgin Islands,449,449,898
2023,1,2,STX,"Christiansted, VI",U.S. Virgin Islands,100,100,200
2023,1,2,SUN,"Sun Valley/Hailey/Ketchum, ID",Idaho,181,182,363
2023,1,2,SUX,"Sioux City, IA",Iowa,56,56,112
2023,1,2,SWF,"Newburgh/Poughkeepsie, NY",New York,53,53,106
2023,1,2,SWO,"Stillwater, OK",Oklahoma,56,56,112
2023,1,2,SYR,"Syracuse, NY",New York,1016,1016,2032
2023,1,2,TLH,"Tallahassee, FL",Florida,367,365,732
2023,1,2,TOL,"Toledo, OH",Ohio,35,35,70
2023,1,2,TPA,"Tampa, FL",Florida,6010,6009,12019
2023,1,2,TRI,"Bristol/Johnson City/Kingsport, TN",Tennessee,247,246,493
2023,1,2,TTN,"Trenton, NJ",New Jersey,143,143,286
2023,1,2,TUL,"Tulsa, OK",Oklahoma,1183,1186,2369
2023,1,2,TUS,"Tucson, AZ",Arizona,1331,1330,2661
2023,1,2,TVC,"Traverse City, MI",Michigan,226,226,452
2023,1,2,TWF,"Twin Falls, ID",Idaho,28,28,56
2023,1,2,TXK,"Texarkana, AR",Arkansas,79,79,158
2023,1,2,TYR,"Tyler, TX",Texas,79,79,158
2023,1,2,TYS,"Knoxville, TN",Tennessee,897,898,1795
2023,1,2,USA,"Concord, NC",North Carolina,60,60,120
2023,1,2,VCT,"Victoria, TX",Texas,48,48,96
2023,1,2,VEL,"Vernal, UT",Utah,48,48,96
2023,1,2,VLD,"Valdosta, GA",Georgia,68,68,136
2023,1,2,VPS,"Valparaiso, FL",Florida,496,496,992
2023,1,2,WRG,"Wrangell, AK",Alaska,56,56,112
2023,1,2,XNA,"Fayetteville, AR",Arkansas,777,777,1554
2023,1,2,XWA,"Williston, ND",North Dakota,123,123,246
2023,1,2,YAK,"Yakutat, AK",Alaska,56,56,112
2023,1,2,YUM,"Yuma, AZ",Arizona,136,136,272
2023,1,3,ABE,"Allentown/Bethlehem/Easton, PA",Pennsylvania,392,392,784
2023,1,3,ABI,"Abilene, TX",Texas,84,84,168
2023,1,3,ABQ,"Albuquerque, NM",New Mexico,1704,1702,3406
2023,1,3,ABR,"Aberdeen, SD",South Dakota,62,62,124
2023,1,3,ABY,"Albany, GA",Georgia,89,89,178
2023,1,3,ACT,"Waco, TX",Texas,84,84,168
2023,1,3,ACV,"Arcata/Eureka, CA",California,149,148,297
2023,1,3,ACY,"Atlantic City, NJ",New Jersey,248,248,496
2023,1,3,ADK,"Adak Island, AK",Alaska,9,9,18
2023,1,3,ADQ,"Kodiak, AK",Alaska,58,58,116
2023,1,3,AEX,"Alexandria, LA",Louisiana,155,155,310
2023,1,3,AGS,"Augusta, GA",Georgia,386,386,772
2023,1,3,ALB,"Albany, NY",New York,1041,1043,2084
2023,1,3,AMA,"Amarillo, TX",Texas,446,446,892
2023,1,3,ANC,"Anchorage, AK",Alaska,1292,1291,2583
2023,1,3,APN,"Alpena, MI",Michigan,54,54,108
2023,1,3,ASE,"Aspen, CO",Colorado,939,939,1878
2023,1,3,ATL,"Atlanta, GA",Georgia,28350,28339,56689
2023,1,3,ATW,"Appleton, WI",Wisconsin,407,406,813
2023,1,3,AUS,"Austin, TX",Texas,7820,7819,15639
2023,1,3,AVL,"Asheville, NC",North Carolina,841,841,1682
2023,1,3,AVP,"Scranton/Wilkes-Barre, PA",Pennsylvania,164,164,328
2023,1,3,AZA,"Phoenix, AZ",Arizona,611,611,1222
2023,1,3,AZO,"Kalamazoo, MI",Michigan,63,62,125
2023,1,3,BDL,"Hartford, CT",Connecticut,2094,2094,4188
2023,1,3,BET,"Bethel, AK",Alaska,62,62,124
2023,1,3,BFF,"Scottsbluff, NE",Nebraska,53,53,106
2023,1,3,BFL,"Bakersfield, CA",California,215,215,430
2023,1,3,BGM,"Binghamton, NY",New York,58,58,116
2023,1,3,BGR,"Bangor, ME",Maine,298,297,595
2023,1,3,BHM,"Birmingham, AL",Alabama,1267,1268,2535
2023,1,3,BIH,"Bishop, CA",California,49,49,98
2023,1,3,BIL,"Billings, MT",Montana,298,297,595
2023,1,3,BIS,"Bismarck/Mandan, ND",North Dakota,293,292,585
2023,1,3,BJI,"Bemidji, MN",Minnesota,62,62,124
2023,1,3,BLI,"Bellingham, WA",Washington,217,218,435
2023,1,3,BLV,"Belleville, IL",Illinois,91,91,182
2023,1,3,BMI,"Bloomington/Normal, IL",Illinois,134,134,268
2023,1,3,BNA,"Nashville, TN",Tennessee,8002,8005,16007
2023,1,3,BOI,"Boise, ID",Idaho,1809,1811,3620
2023,1,3,BOS,"Boston, MA",Massachusetts,12339,12340,24679
2023,1,3,BPT,"Beaumont/Port Arthur, TX",Texas,62,62,124
2023,1,3,BQK,"Brunswick, GA",Georgia,62,62,124
2023,1,3,BQN,"Aguadilla, PR",Puerto Rico,209,210,419
2023,1,3,BRD,"Brainerd, MN",Minnesota,54,54,108
2023,1,3,BRO,"Brownsville, TX",Texas,96,96,192
2023,1,3,BRW,"Barrow, AK",Alaska,31,31,62
2023,1,3,BTM,"Butte, MT",Montana,58,58,116
2023,1,3,BTR,"Baton Rouge, LA",Louisiana,341,342,683
2023,1,3,BTV,"Burlington, VT",Vermont,660,661,1321
2023,1,3,BUF,"Buffalo, NY",New York,1740,1741,3481
2023,1,3,BUR,"Burbank, CA",California,2447,2444,4891
2023,1,3,BWI,"Baltimore, MD",Maryland,7591,7594,15185
2023,1,3,BZN,"Bozeman, MT",Montana,894,895,1789
2023,1,3,CAE,"Columbia, SC",South Carolina,549,550,1099
2023,1,3,CAK,"Akron, OH",Ohio,271,271,542
2023,1,3,CDC,"Cedar City, UT",Utah,54,54,108
2023,1,3,CDV,"Cordova, AK",Alaska,62,62,124
2023,1,3,CHA,"Chattanooga, TN",Tennessee,496,496,992
2023,1,3,CHO,"Charlottesville, VA",Virginia,224,224,448
2023,1,3,CHS,"Charleston, SC",South Carolina,2016,2019,4035
2023,1,3,CID,"Cedar Rapids/Iowa City, IA",Iowa,571,571,1142
2023,1,3,CIU,"Sault Ste. Marie, MI",Michigan,62,62,124
2023,1,3,CKB,"Clarksburg/Fairmont, WV",West Virginia,18,18,36
2023,1,3,CLE,"Cleveland, OH",Ohio,3389,3389,6778
2023,1,3,CLL,"College Station/Bryan, TX",Texas,84,84,168
2023,1,3,CLT,"Charlotte, NC",North Carolina,16457,16451,32908
2023,1,3,CMH,"Columbus, OH",Ohio,3458,3458,6916
2023,1,3,CMI,"Champaign/Urbana, IL",Illinois,124,124,248
2023,1,3,CMX,"Hancock/Houghton, MI",Michigan,62,62,124
2023,1,3,CNY,"Moab, UT",Utah,54,54,108
2023,1,3,COD,"Cody, WY",Wyoming,3,3,6
2023,1,3,COS,"Colorado Springs, CO",Colorado,886,886,1772
2023,1,3,COU,"Columbia, MO",Missouri,125,125,250
2023,1,3,CPR,"Casper, WY",Wyoming,155,155,310
2023,1,3,CRP,"Corpus Christi, TX",Texas,286,286,572
2023,1,3,CRW,"Charleston/Dunbar, WV",West Virginia,264,264,528
2023,1,3,CSG,"Columbus, GA",Georgia,80,80,160
2023,1,3,CVG,"Cincinnati, OH",Kentucky,3385,3386,6771
2023,1,3,CWA,"Mosinee, WI",Wisconsin,123,124,247
2023,1,3,CYS,"Cheyenne, WY",Wyoming,62,62,124
2023,1,3,DAB,"Daytona Beach, FL",Florida,274,275,549
2023,1,3,DAL,"Dallas, TX",Texas,6188,6186,12374
2023,1,3,DAY,"Dayton, OH",Ohio,505,504,1009
2023,1,3,DCA,"Washington, DC",Virginia,12338,12335,24673
2023,1,3,DDC,"Dodge City, KS",Kansas,54,54,108
2023,1,3,DEC,"Decatur, IL",Illinois,84,84,168
2023,1,3,DEN,"Denver, CO",Colorado,23694,23699,47393
2023,1,3,DFW,"Dallas/Fort Worth, TX",Texas,22583,22582,45165
2023,1,3,DHN,"Dothan, AL",Alabama,62,62,124
2023,1,3,DIK,"Dickinson, ND",North Dakota,51,51,102
2023,1,3,DLH,"Duluth, MN",Minnesota,155,155,310
2023,1,3,DRO,"Durango, CO",Colorado,295,295,590
2023,1,3,DRT,"Del Rio, TX",Texas,62,62,124
2023,1,3,DSM,"Des Moines, IA",Iowa,1227,1227,2454
2023,1,3,DTW,"Detroit, MI",Michigan,10889,10886,21775
2023,1,3,DVL,"Devils Lake, ND",North Dakota,58,58,116
2023,1,3,ECP,"Panama City, FL",Florida,568,569,1137
2023,1,3,EGE,"Eagle, CO",Colorado,585,585,1170
2023,1,3,EKO,"Elko, NV",Nevada,31,31,62
2023,1,3,ELM,"Elmira/Corning, NY",New York,99,99,198
2023,1,3,ELP,"El Paso, TX",Texas,1317,1316,2633
2023,1,3,ERI,"Erie, PA",Pennsylvania,61,61,122
2023,1,3,ESC,"Escanaba, MI",Michigan,62,62,124
2023,1,3,EUG,"Eugene, OR",Oregon,585,585,1170
2023,1,3,EVV,"Evansville, IN",Indiana,133,133,266
2023,1,3,EWR,"Newark, NJ",New Jersey,12593,12597,25190
2023,1,3,EYW,"Key West, FL",Florida,745,745,1490
2023,1,3,FAI,"Fairbanks, AK",Alaska,242,242,484
2023,1,3,FAR,"Fargo, ND",North Dakota,593,593,1186
2023,1,3,FAT,"Fresno, CA",California,838,839,1677
2023,1,3,FAY,"Fayetteville, NC",North Carolina,93,93,186
2023,1,3,FCA,"Kalispell, MT",Montana,264,264,528
2023,1,3,FLG,"Flagstaff, AZ",Arizona,183,184,367
2023,1,3,FLL,"Fort Lauderdale, FL",Florida,8570,8575,17145
2023,1,3,FNT,"Flint, MI",Michigan,202,201,403
2023,1,3,FOD,"Fort Dodge, IA",Iowa,54,54,108
2023,1,3,FSD,"Sioux Falls, SD",South Dakota,633,633,1266
2023,1,3,FSM,"Fort Smith, AR",Arkansas,84,84,168
2023,1,3,FWA,"Fort Wayne, IN",Indiana,360,360,720
2023,1,3,GCC,"Gillette, WY",Wyoming,53,53,106
2023,1,3,GCK,"Garden City, KS",Kansas,62,62,124
2023,1,3,GEG,"Spokane, WA",Washington,1296,1296,2592
2023,1,3,GFK,"Grand Forks, ND",North Dakota,117,117,234
2023,1,3,GGG,"Longview, TX",Texas,62,62,124
2023,1,3,GJT,"Grand Junction, CO",Colorado,299,297,596
2023,1,3,GNV,"Gainesville, FL",Florida,262,262,524
2023,1,3,GPT,"Gulfport/Biloxi, MS",Mississippi,244,244,488
2023,1,3,GRB,"Green Bay, WI",Wisconsin,361,360,721
2023,1,3,GRI,"Grand Island, NE",Nebraska,80,80,160
2023,1,3,GRK,"Killeen, TX",Texas,130,130,260
2023,1,3,GRR,"Grand Rapids, MI",Michigan,1380,1379,2759
2023,1,3,GSO,"Greensboro/High Point, NC",North Carolina,923,924,1847
2023,1,3,GSP,"Greer, SC",South Carolina,1137,1138,2275
2023,1,3,GTF,"Great Falls, MT",Montana,224,224,448
2023,1,3,GTR,"Columbus, MS",Mississippi,89,89,178
2023,1,3,GUC,"Gunnison, CO",Colorado,98,97,195
2023,1,3,GUM,"Guam, TT",U.S. Pacific Trust Territories and Possessions,62,62,124
2023,1,3,HDN,"Hayden, CO",Colorado,420,420,840
2023,1,3,HGR,"Hagerstown, MD",Maryland,18,18,36
2023,1,3,HHH,"Hilton Head, SC",South Carolina,91,91,182
2023,1,3,HIB,"Hibbing, MN",Minnesota,75,75,150
2023,1,3,HLN,"Helena, MT",Montana,93,93,186
2023,1,3,HNL,"Honolulu, HI",Hawaii,5189,5194,10383
2023,1,3,HOU,"Houston, TX",Texas,4410,4409,8819
2023,1,3,HPN,"White Plains, NY",New York,1190,1191,2381
2023,1,3,HRL,"Harlingen/San Benito, TX",Texas,308,308,616
2023,1,3,HSV,"Huntsville, AL",Alabama,664,665,1329
2023,1,3,HTS,"Ashland, WV",West Virginia,18,18,36
2023,1,3,HYS,"Hays, KS",Kansas,62,62,124
2023,1,3,IAD,"Washington, DC",Virginia,4317,4323,8640
2023,1,3,IAG,"Niagara Falls, NY",New York,29,29,58
2023,1,3,IAH,"Houston, TX",Texas,9726,9729,19455
2023,1,3,ICT,"Wichita, KS",Kansas,725,724,1449
2023,1,3,IDA,"Idaho Falls, ID",Idaho,248,248,496
2023,1,3,ILM,"Wilmington, NC",North Carolina,614,614,1228
2023,1,3,IMT,"Iron Mountain/Kingsfd, MI",Michigan,62,62,124
2023,1,3,IND,"Indianapolis, IN",Indiana,3830,3833,7663
2023,1,3,INL,"International Falls, MN",Minnesota,53,53,106
2023,1,3,ISP,"Islip, NY",New York,393,393,786
2023,1,3,ITH,"Ithaca/Cortland, NY",New York,62,62,124
2023,1,3,ITO,"Hilo, HI",Hawaii,578,576,1154
2023,1,3,JAC,"Jackson, WY",Wyoming,597,596,1193
2023,1,3,JAN,"Jackson/Vicksburg, MS",Mississippi,612,610,1222
2023,1,3,JAX,"Jacksonville, FL",Florida,2434,2435,4869
2023,1,3,JFK,"New York, NY",New York,12158,12166,24324
2023,1,3,JLN,"Joplin, MO",Missouri,53,53,106
2023,1,3,JMS,"Jamestown, ND",North Dakota,58,58,116
2023,1,3,JNU,"Juneau, AK",Alaska,349,349,698
2023,1,3,JST,"Johnstown, PA",Pennsylvania,62,62,124
2023,1,3,KOA,"Kona, HI",Hawaii,1462,1463,2925
2023,1,3,KTN,"Ketchikan, AK",Alaska,186,186,372
2023,1,3,LAN,"Lansing, MI",Michigan,151,151,302
2023,1,3,LAR,"Laramie, WY",Wyoming,54,54,108
2023,1,3,LAS,"Las Vegas, NV",Nevada,15890,15895,31785
2023,1,3,LAW,"Lawton/Fort Sill, OK",Oklahoma,32,31,63
2023,1,3,LAX,"Los Angeles, CA",California,15910,15913,31823
2023,1,3,LBB,"Lubbock, TX",Texas,417,417,834
2023,1,3,LBE,"Latrobe, PA",Pennsylvania,31,31,62
2023,1,3,LBF,"North Platte, NE",Nebraska,55,55,110
2023,1,3,LBL,"Liberal, KS",Kansas,54,54,108
2023,1,3,LCH,"Lake Charles, LA",Louisiana,93,93,186
2023,1,3,LCK,"Columbus, OH",Ohio,76,76,152
2023,1,3,LEX,"Lexington, KY",Kentucky,692,692,1384
2023,1,3,LFT,"Lafayette, LA",Louisiana,226,226,452
2023,1,3,LGA,"New York, NY",New York,14763,14764,29527
2023,1,3,LGB,"Long Beach, CA",California,1330,1330,2660
2023,1,3,LIH,"Lihue, HI",Hawaii,1383,1384,2767
2023,1,3,LIT,"Little Rock, AR",Arkansas,993,993,1986
2023,1,3,LNK,"Lincoln, NE",Nebraska,55,55,110
2023,1,3,LRD,"Laredo, TX",Texas,93,93,186
2023,1,3,LSE,"La Crosse, WI",Wisconsin,115,115,230
2023,1,3,LWS,"Lewiston, ID",Idaho,62,62,124
2023,1,3,MAF,"Midland/Odessa, TX",Texas,569,568,1137
2023,1,3,MBS,"Saginaw/Bay City/Midland, MI",Michigan,113,113,226
2023,1,3,MCI,"Kansas City, MO",Missouri,3917,3915,7832
2023,1,3,MCO,"Orlando, FL",Florida,14593,14593,29186
2023,1,3,MCW,"Mason City, IA",Iowa,54,54,108
2023,1,3,MDT,"Harrisburg, PA",Pennsylvania,446,446,892
2023,1,3,MDW,"Chicago, IL",Illinois,7071,7068,14139
2023,1,3,MEI,"Meridian, MS",Mississippi,56,57,113
2023,1,3,MEM,"Memphis, TN",Tennessee,1935,1936,3871
2023,1,3,MFE,"Mission/McAllen/Edinburg, TX",Texas,200,200,400
2023,1,3,MFR,"Medford, OR",Oregon,407,408,815
2023,1,3,MGM,"Montgomery, AL",Alabama,177,178,355
2023,1,3,MHK,"Manhattan/Ft. Riley, KS",Kansas,131,131,262
2023,1,3,MHT,"Manchester, NH",New Hampshire,519,520,1039
2023,1,3,MIA,"Miami, FL",Florida,8936,8932,17868
2023,1,3,MKE,"Milwaukee, WI",Wisconsin,2153,2154,4307
2023,1,3,MLB,"Melbourne, FL",Florida,238,238,476
2023,1,3,MLI,"Moline, IL",Illinois,305,306,611
2023,1,3,MLU,"Monroe, LA",Louisiana,155,155,310
2023,1,3,MOB,"Mobile, AL",Alabama,217,217,434
2023,1,3,MOT,"Minot, ND",North Dakota,143,143,286
2023,1,3,MQT,"Marquette, MI",Michigan,62,62,124
2023,1,3,MRY,"Monterey, CA",California,287,287,574
2023,1,3,MSN,"Madison, WI",Wisconsin,863,864,1727
2023,1,3,MSO,"Missoula, MT",Montana,275,275,550
2023,1,3,MSP,"Minneapolis, MN",Minnesota,10303,10296,20599
2023,1,3,MSY,"New Orleans, LA",Louisiana,4447,4444,8891
2023,1,3,MTJ,"Montrose/Delta, CO",Colorado,384,384,768
2023,1,3,MYR,"Myrtle Beach, SC",South Carolina,993,994,1987
2023,1,3,OAJ,"Jacksonville/Camp Lejeune, NC",North Carolina,62,62,124
2023,1,3,OAK,"Oakland, CA",California,3696,3684,7380
2023,1,3,OGG,"Kahului, HI",Hawaii,2784,2785,5569
2023,1,3,OKC,"Oklahoma City, OK",Oklahoma,1725,1725,3450
2023,1,3,OMA,"Omaha, NE",Nebraska,1869,1869,3738
2023,1,3,OME,"Nome, AK",Alaska,62,62,124
2023,1,3,ONT,"Ontario, CA",California,1981,1980,3961
2023,1,3,ORD,"Chicago, IL",Illinois,21905,21909,43814
2023,1,3,ORF,"Norfolk, VA",Virginia,1640,1641,3281
2023,1,3,ORH,"Worcester, MA",Massachusetts,151,151,302
2023,1,3,OTH,"North Bend/Coos Bay, OR",Oregon,18,18,36
2023,1,3,OTZ,"Kotzebue, AK",Alaska,62,62,124
2023,1,3,OWB,"Owensboro, KY",Kentucky,9,9,18
2023,1,3,PAE,"Everett, WA",Washington,113,112,225
2023,1,3,PBG,"Plattsburgh, NY",New York,36,36,72
2023,1,3,PBI,"West Palm Beach/Palm Beach, FL",Florida,2883,2885,5768
2023,1,3,PDX,"Portland, OR",Oregon,4789,4787,9576
2023,1,3,PGD,"Punta Gorda, FL",Florida,704,704,1408
2023,1,3,PGV,"Greenville, NC",North Carolina,31,31,62
2023,1,3,PHL,"Philadelphia, PA",Pennsylvania,6878,6876,13754
2023,1,3,PHX,"Phoenix, AZ",Arizona,15557,15546,31103
2023,1,3,PIA,"Peoria, IL",Illinois,284,284,568
2023,1,3,PIB,"Hattiesburg/Laurel, MS",Mississippi,55,54,109
2023,1,3,PIE,"St. Petersburg, FL",Florida,726,726,1452
2023,1,3,PIH,"Pocatello, ID",Idaho,31,31,62
2023,1,3,PIT,"Pittsburgh, PA",Pennsylvania,3617,3618,7235
2023,1,3,PLN,"Pellston, MI",Michigan,77,78,155
2023,1,3,PNS,"Pensacola, FL",Florida,953,953,1906
2023,1,3,PPG,"Pago Pago, TT",U.S. Pacific Trust Territories and Possessions,10,9,19
2023,1,3,PRC,"Prescott, AZ",Arizona,62,62,124
2023,1,3,PSC,"Pasco/Kennewick/Richland, WA",Washington,442,442,884
2023,1,3,PSE,"Ponce, PR",Puerto Rico,93,93,186
2023,1,3,PSG,"Petersburg, AK",Alaska,62,62,124
2023,1,3,PSM,"Portsmouth, NH",New Hampshire,29,29,58
2023,1,3,PSP,"Palm Springs, CA",California,1675,1674,3349
2023,1,3,PVD,"Providence, RI",Rhode Island,1262,1263,2525
2023,1,3,PVU,"Provo, UT",Utah,184,184,368
2023,1,3,PWM,"Portland, ME",Maine,703,704,1407
2023,1,3,RAP,"Rapid City, SD",South Dakota,303,303,606
2023,1,3,RDD,"Redding, CA",California,105,105,210
2023,1,3,RDM,"Bend/Redmond, OR",Oregon,514,513,1027
2023,1,3,RDU,"Raleigh/Durham, NC",North Carolina,4759,4761,9520
2023,1,3,RFD,"Rockford, IL",Illinois,90,90,180
2023,1,3,RHI,"Rhinelander, WI",Wisconsin,62,62,124
2023,1,3,RIC,"Richmond, VA",Virginia,1581,1581,3162
2023,1,3,RIW,"Riverton/Lander, WY",Wyoming,31,31,62
2023,1,3,RKS,"Rock Springs, WY",Wyoming,31,31,62
2023,1,3,RNO,"Reno, NV",Nevada,1613,1613,3226
2023,1,3,ROA,"Roanoke, VA",Virginia,214,215,429
2023,1,3,ROC,"Rochester, NY",New York,1222,1222,2444
2023,1,3,ROW,"Roswell, NM",New Mexico,93,93,186
2023,1,3,RST,"Rochester, MN",Minnesota,154,155,309
2023,1,3,RSW,"Fort Myers, FL",Florida,3575,3574,7149
2023,1,3,SAF,"Santa Fe, NM",New Mexico,124,124,248
2023,1,3,SAN,"San Diego, CA",California,7374,7387,14761
2023,1,3,SAT,"San Antonio, TX",Texas,3107,3106,6213
2023,1,3,SAV,"Savannah, GA",Georgia,1488,1489,2977
2023,1,3,SBA,"Santa Barbara, CA",California,602,602,1204
2023,1,3,SBN,"South Bend, IN",Indiana,479,479,958
2023,1,3,SBP,"San Luis Obispo, CA",California,371,371,742
2023,1,3,SCC,"Deadhorse, AK",Alaska,36,36,72
2023,1,3,SCE,"State College, PA",Pennsylvania,146,146,292
2023,1,3,SCK,"Stockton, CA",California,50,50,100
2023,1,3,SDF,"Louisville, KY",Kentucky,1880,1882,3762
2023,1,3,SEA,"Seattle, WA",Washington,12781,12782,25563
2023,1,3,SFB,"Sanford, FL",Florida,861,861,1722
2023,1,3,SFO,"San Francisco, CA",California,11257,11253,22510
2023,1,3,SGF,"Springfield, MO",Missouri,524,524,1048
2023,1,3,SGU,"St. George, UT",Utah,223,224,447
2023,1,3,SHR,"Sheridan, WY",Wyoming,53,53,106
2023,1,3,SHV,"Shreveport, LA",Louisiana,321,321,642
2023,1,3,SIT,"Sitka, AK",Alaska,93,93,186
2023,1,3,SJC,"San Jose, CA",California,4232,4221,8453
2023,1,3,SJT,"San Angelo, TX",Texas,115,115,230
2023,1,3,SJU,"San Juan, PR",Puerto Rico,2604,2606,5210
2023,1,3,SLC,"Salt Lake City, UT",Utah,9304,9305,18609
2023,1,3,SLN,"Salina, KS",Kansas,62,62,124
2023,1,3,SMF,"Sacramento, CA",California,4303,4301,8604
2023,1,3,SMX,"Santa Maria, CA",California,9,9,18
2023,1,3,SNA,"Santa Ana, CA",California,3751,3752,7503
2023,1,3,SPI,"Springfield, IL",Illinois,79,79,158
2023,1,3,SPN,"Saipan, TT",U.S. Pacific Trust Territories and Possessions,31,31,62
2023,1,3,SPS,"Wichita Falls, TX",Texas,62,62,124
2023,1,3,SRQ,"Sarasota/Bradenton, FL",Florida,1740,1740,3480
2023,1,3,STC,"St. Cloud, MN",Minnesota,27,27,54
2023,1,3,STL,"St. Louis, MO",Missouri,5025,5023,10048
2023,1,3,STS,"Santa Rosa, CA",California,234,234,468
2023,1,3,STT,"Charlotte Amalie, VI",U.S. Virgin Islands,491,492,983
2023,1,3,STX,"Christiansted, VI",U.S. Virgin Islands,118,119,237
2023,1,3,SUN,"Sun Valley/Hailey/Ketchum, ID",Idaho,193,192,385
2023,1,3,SUX,"Sioux City, IA",Iowa,62,62,124
2023,1,3,SWF,"Newburgh/Poughkeepsie, NY",New York,62,62,124
2023,1,3,SWO,"Stillwater, OK",Oklahoma,62,62,124
2023,1,3,SYR,"Syracuse, NY",New York,1125,1125,2250
2023,1,3,TLH,"Tallahassee, FL",Florida,448,448,896
2023,1,3,TOL,"Toledo, OH",Ohio,56,56,112
2023,1,3,TPA,"Tampa, FL",Florida,7353,7349,14702
2023,1,3,TRI,"Bristol/Johnson City/Kingsport, TN",Tennessee,283,283,566
2023,1,3,TTN,"Trenton, NJ",New Jersey,187,187,374
2023,1,3,TUL,"Tulsa, OK",Oklahoma,1323,1322,2645
2023,1,3,TUS,"Tucson, AZ",Arizona,1524,1525,3049
2023,1,3,TVC,"Traverse City, MI",Michigan,280,279,559
2023,1,3,TWF,"Twin Falls, ID",Idaho,31,31,62
2023,1,3,TXK,"Texarkana, AR",Arkansas,84,84,168
2023,1,3,TYR,"Tyler, TX",Texas,84,84,168
2023,1,3,TYS,"Knoxville, TN",Tennessee,1125,1124,2249
2023,1,3,USA,"Concord, NC",North Carolina,62,62,124
2023,1,3,VCT,"Victoria, TX",Texas,54,54,108
2023,1,3,VEL,"Vernal, UT",Utah,54,56,110
2023,1,3,VLD,"Valdosta, GA",Georgia,92,92,184
2023,1,3,VPS,"Valparaiso, FL",Florida,699,701,1400
2023,1,3,WRG,"Wrangell, AK",Alaska,62,62,124
2023,1,3,XNA,"Fayetteville, AR",Arkansas,943,944,1887
2023,1,3,XWA,"Williston, ND",North Dakota,147,146,293
2023,1,3,YAK,"Yakutat, AK",Alaska,62,62,124
2023,1,3,YUM,"Yuma, AZ",Arizona,124,124,248
2023,2,4,ABE,"Allentown/Bethlehem/Easton, PA",Pennsylvania,350,350,700
2023,2,4,ABI,"Abilene, TX",Texas,88,88,176
2023,2,4,ABQ,"Albuquerque, NM",New Mexico,1864,1869,3733
2023,2,4,ABR,"Aberdeen, SD",South Dakota,60,60,120
2023,2,4,ABY,"Albany, GA",Georgia,85,85,170
2023,2,4,ACT,"Waco, TX",Texas,88,88,176
2023,2,4,ACV,"Arcata/Eureka, CA",California,120,120,240
2023,2,4,ACY,"Atlantic City, NJ",New Jersey,291,292,583
2023,2,4,ADK,"Adak Island, AK",Alaska,9,9,18
2023,2,4,ADQ,"Kodiak, AK",Alaska,60,60,120
2023,2,4,AEX,"Alexandria, LA",Louisiana,149,149,298
2023,2,4,AGS,"Augusta, GA",Georgia,442,441,883
2023,2,4,AKN,"King Salmon, AK",Alaska,13,13,26
2023,2,4,ALB,"Albany, NY",New York,1053,1052,2105
2023,2,4,AMA,"Amarillo, TX",Texas,438,439,877
2023,2,4,ANC,"Anchorage, AK",Alaska,1267,1269,2536
2023,2,4,APN,"Alpena, MI",Michigan,51,51,102
2023,2,4,ASE,"Aspen, CO",Colorado,285,280,565
2023,2,4,ATL,"Atlanta, GA",Georgia,27535,27543,55078
2023,2,4,ATW,"Appleton, WI",Wisconsin,339,338,677
2023,2,4,AUS,"Austin, TX",Texas,7438,7437,14875
2023,2,4,AVL,"Asheville, NC",North Carolina,778,777,1555
2023,2,4,AVP,"Scranton/Wilkes-Barre, PA",Pennsylvania,239,240,479
2023,2,4,AZA,"Phoenix, AZ",Arizona,486,486,972
2023,2,4,AZO,"Kalamazoo, MI",Michigan,60,60,120
2023,2,4,BDL,"Hartford, CT",Connecticut,1957,1958,3915
2023,2,4,BET,"Bethel, AK",Alaska,60,60,120
2023,2,4,BFF,"Scottsbluff, NE",Nebraska,52,52,104
2023,2,4,BFL,"Bakersfield, CA",California,210,210,420
2023,2,4,BGM,"Binghamton, NY",New York,55,55,110
2023,2,4,BGR,"Bangor, ME",Maine,344,345,689
2023,2,4,BHM,"Birmingham, AL",Alabama,1287,1288,2575
2023,2,4,BIH,"Bishop, CA",California,4,4,8
2023,2,4,BIL,"Billings, MT",Montana,281,282,563
2023,2,4,BIS,"Bismarck/Mandan, ND",North Dakota,292,293,585
2023,2,4,BJI,"Bemidji, MN",Minnesota,60,60,120
2023,2,4,BLI,"Bellingham, WA",Washington,257,257,514
2023,2,4,BLV,"Belleville, IL",Illinois,95,95,190
2023,2,4,BMI,"Bloomington/Normal, IL",Illinois,148,149,297
2023,2,4,BNA,"Nashville, TN",Tennessee,7780,7782,15562
2023,2,4,BOI,"Boise, ID",Idaho,1772,1770,3542
2023,2,4,BOS,"Boston, MA",Massachusetts,12069,12069,24138
2023,2,4,BPT,"Beaumont/Port Arthur, TX",Texas,59,59,118
2023,2,4,BQK,"Brunswick, GA",Georgia,60,60,120
2023,2,4,BQN,"Aguadilla, PR",Puerto Rico,205,204,409
2023,2,4,BRD,"Brainerd, MN",Minnesota,51,51,102
2023,2,4,BRO,"Brownsville, TX",Texas,111,111,222
2023,2,4,BRW,"Barrow, AK",Alaska,31,31,62
2023,2,4,BTM,"Butte, MT",Montana,56,56,112
2023,2,4,BTR,"Baton Rouge, LA",Louisiana,341,341,682
2023,2,4,BTV,"Burlington, VT",Vermont,651,650,1301
2023,2,4,BUF,"Buffalo, NY",New York,1736,1737,3473
2023,2,4,BUR,"Burbank, CA",California,2434,2435,4869
2023,2,4,BWI,"Baltimore, MD",Maryland,7795,7795,15590
2023,2,4,BZN,"Bozeman, MT",Montana,638,637,1275
2023,2,4,CAE,"Columbia, SC",South Carolina,456,456,912
2023,2,4,CAK,"Akron, OH",Ohio,270,270,540
2023,2,4,CDC,"Cedar City, UT",Utah,51,51,102
2023,2,4,CDV,"Cordova, AK",Alaska,60,60,120
2023,2,4,CHA,"Chattanooga, TN",Tennessee,416,416,832
2023,2,4,CHO,"Charlottesville, VA",Virginia,235,235,470
2023,2,4,CHS,"Charleston, SC",South Carolina,2172,2175,4347
2023,2,4,CID,"Cedar Rapids/Iowa City, IA",Iowa,541,541,1082
2023,2,4,CIU,"Sault Ste. Marie, MI",Michigan,60,60,120
2023,2,4,CKB,"Clarksburg/Fairmont, WV",West Virginia,17,17,34
2023,2,4,CLE,"Cleveland, OH",Ohio,3273,3273,6546
2023,2,4,CLL,"College Station/Bryan, TX",Texas,87,87,174
2023,2,4,CLT,"Charlotte, NC",North Carolina,15674,15672,31346
2023,2,4,CMH,"Columbus, OH",Ohio,3360,3358,6718
2023,2,4,CMI,"Champaign/Urbana, IL",Illinois,120,120,240
2023,2,4,CMX,"Hancock/Houghton, MI",Michigan,60,60,120
2023,2,4,CNY,"Moab, UT",Utah,52,52,104
2023,2,4,COD,"Cody, WY",Wyoming,13,13,26
2023,2,4,COS,"Colorado Springs, CO",Colorado,914,916,1830
2023,2,4,COU,"Columbia, MO",Missouri,147,147,294
2023,2,4,CPR,"Casper, WY",Wyoming,150,150,300
2023,2,4,CRP,"Corpus Christi, TX",Texas,304,304,608
2023,2,4,CRW,"Charleston/Dunbar, WV",West Virginia,279,279,558
2023,2,4,CSG,"Columbus, GA",Georgia,77,77,154
2023,2,4,CVG,"Cincinnati, OH",Kentucky,3319,3318,6637
2023,2,4,CWA,"Mosinee, WI",Wisconsin,119,119,238
2023,2,4,CYS,"Cheyenne, WY",Wyoming,7,6,13
2023,2,4,DAB,"Daytona Beach, FL",Florida,298,298,596
2023,2,4,DAL,"Dallas, TX",Texas,5922,5921,11843
2023,2,4,DAY,"Dayton, OH",Ohio,487,488,975
2023,2,4,DCA,"Washington, DC",Virginia,11688,11689,23377
2023,2,4,DDC,"Dodge City, KS",Kansas,51,51,102
2023,2,4,DEC,"Decatur, IL",Illinois,81,81,162
2023,2,4,DEN,"Denver, CO",Colorado,22735,22733,45468
2023,2,4,DFW,"Dallas/Fort Worth, TX",Texas,22870,22856,45726
2023,2,4,DHN,"Dothan, AL",Alabama,60,60,120
2023,2,4,DIK,"Dickinson, ND",North Dakota,51,51,102
2023,2,4,DLH,"Duluth, MN",Minnesota,150,150,300
2023,2,4,DRO,"Durango, CO",Colorado,302,302,604
2023,2,4,DRT,"Del Rio, TX",Texas,6,6,12
2023,2,4,DSM,"Des Moines, IA",Iowa,1173,1174,2347
2023,2,4,DTW,"Detroit, MI",Michigan,10389,10386,20775
2023,2,4,DVL,"Devils Lake, ND",North Dakota,56,56,112
2023,2,4,ECP,"Panama City, FL",Florida,631,631,1262
2023,2,4,EGE,"Eagle, CO",Colorado,155,155,310
2023,2,4,EKO,"Elko, NV",Nevada,30,30,60
2023,2,4,ELM,"Elmira/Corning, NY",New York,95,95,190
2023,2,4,ELP,"El Paso, TX",Texas,1429,1433,2862
2023,2,4,ERI,"Erie, PA",Pennsylvania,60,60,120
2023,2,4,ESC,"Escanaba, MI",Michigan,60,60,120
2023,2,4,EUG,"Eugene, OR",Oregon,598,599,1197
2023,2,4,EVV,"Evansville, IN",Indiana,155,155,310
2023,2,4,EWN,"New Bern/Morehead/Beaufort, NC",North Carolina,22,23,45
2023,2,4,EWR,"Newark, NJ",New Jersey,12022,12020,24042
2023,2,4,EYW,"Key West, FL",Florida,709,709,1418
2023,2,4,FAI,"Fairbanks, AK",Alaska,223,222,445
2023,2,4,FAR,"Fargo, ND",North Dakota,557,557,1114
2023,2,4,FAT,"Fresno, CA",California,882,882,1764
2023,2,4,FAY,"Fayetteville, NC",North Carolina,90,90,180
2023,2,4,FCA,"Kalispell, MT",Montana,215,215,430
2023,2,4,FLG,"Flagstaff, AZ",Arizona,149,148,297
2023,2,4,FLL,"Fort Lauderdale, FL",Florida,8071,8072,16143
2023,2,4,FNT,"Flint, MI",Michigan,227,227,454
2023,2,4,FOD,"Fort Dodge, IA",Iowa,51,51,102
2023,2,4,FSD,"Sioux Falls, SD",South Dakota,596,596,1192
2023,2,4,FSM,"Fort Smith, AR",Arkansas,89,89,178
2023,2,4,FWA,"Fort Wayne, IN",Indiana,336,336,672
2023,2,4,GCC,"Gillette, WY",Wyoming,52,52,104
2023,2,4,GCK,"Garden City, KS",Kansas,59,59,118
2023,2,4,GEG,"Spokane, WA",Washington,1278,1277,2555
2023,2,4,GFK,"Grand Forks, ND",North Dakota,112,112,224
2023,2,4,GGG,"Longview, TX",Texas,59,59,118
2023,2,4,GJT,"Grand Junction, CO",Colorado,254,254,508
2023,2,4,GNV,"Gainesville, FL",Florida,229,228,457
2023,2,4,GPT,"Gulfport/Biloxi, MS",Mississippi,212,212,424
2023,2,4,GRB,"Green Bay, WI",Wisconsin,280,280,560
2023,2,4,GRI,"Grand Island, NE",Nebraska,78,78,156
2023,2,4,GRK,"Killeen, TX",Texas,120,120,240
2023,2,4,GRR,"Grand Rapids, MI",Michigan,1339,1339,2678
2023,2,4,GSO,"Greensboro/High Point, NC",North Carolina,868,868,1736
2023,2,4,GSP,"Greer, SC",South Carolina,1093,1092,2185
2023,2,4,GTF,"Great Falls, MT",Montana,222,222,444
2023,2,4,GTR,"Columbus, MS",Mississippi,61,60,121
2023,2,4,GUC,"Gunnison, CO",Colorado,34,34,68
2023,2,4,GUM,"Guam, TT",U.S. Pacific Trust Territories and Possessions,60,60,120
2023,2,4,HDN,"Hayden, CO",Colorado,123,123,246
2023,2,4,HGR,"Hagerstown, MD",Maryland,17,17,34
2023,2,4,HHH,"Hilton Head, SC",South Carolina,162,162,324
2023,2,4,HIB,"Hibbing, MN",Minnesota,74,74,148
2023,2,4,HLN,"Helena, MT",Montana,103,103,206
2023,2,4,HNL,"Honolulu, HI",Hawaii,5012,5011,10023
2023,2,4,HOU,"Houston, TX",Texas,4387,4385,8772
2023,2,4,HPN,"White Plains, NY",New York,1140,1140,2280
2023,2,4,HRL,"Harlingen/San Benito, TX",Texas,338,338,676
2023,2,4,HSV,"Huntsville, AL",Alabama,675,675,1350
2023,2,4,HTS,"Ashland, WV",West Virginia,17,17,34
2023,2,4,HYS,"Hays, KS",Kansas,60,60,120
2023,2,4,IAD,"Washington, DC",Virginia,3928,3929,7857
2023,2,4,IAG,"Niagara Falls, NY",New York,54,54,108
2023,2,4,IAH,"Houston, TX",Texas,8753,8753,17506
2023,2,4,ICT,"Wichita, KS",Kansas,702,703,1405
2023,2,4,IDA,"Idaho Falls, ID",Idaho,271,271,542
2023,2,4,ILM,"Wilmington, NC",North Carolina,565,564,1129
2023,2,4,IMT,"Iron Mountain/Kingsfd, MI",Michigan,60,60,120
2023,2,4,IND,"Indianapolis, IN",Indiana,3665,3667,7332
2023,2,4,INL,"International Falls, MN",Minnesota,52,52,104
2023,2,4,ISP,"Islip, NY",New York,364,365,729
2023,2,4,ITH,"Ithaca/Cortland, NY",New York,60,60,120
2023,2,4,ITO,"Hilo, HI",Hawaii,603,603,1206
2023,2,4,JAC,"Jackson, WY",Wyoming,239,239,478
2023,2,4,JAN,"Jackson/Vicksburg, MS",Mississippi,627,628,1255
2023,2,4,JAX,"Jacksonville, FL",Florida,2388,2388,4776
2023,2,4,JFK,"New York, NY",New York,11638,11636,23274
2023,2,4,JLN,"Joplin, MO",Missouri,52,52,104
2023,2,4,JMS,"Jamestown, ND",North Dakota,56,56,112
2023,2,4,JNU,"Juneau, AK",Alaska,340,340,680
2023,2,4,JST,"Johnstown, PA",Pennsylvania,60,60,120
2023,2,4,KOA,"Kona, HI",Hawaii,1416,1416,2832
2023,2,4,KTN,"Ketchikan, AK",Alaska,180,180,360
2023,2,4,LAN,"Lansing, MI",Michigan,96,95,191
2023,2,4,LAR,"Laramie, WY",Wyoming,51,51,102
2023,2,4,LAS,"Las Vegas, NV",Nevada,15802,15802,31604
2023,2,4,LAW,"Lawton/Fort Sill, OK",Oklahoma,81,82,163
2023,2,4,LAX,"Los Angeles, CA",California,15660,15666,31326
2023,2,4,LBB,"Lubbock, TX",Texas,425,426,851
2023,2,4,LBE,"Latrobe, PA",Pennsylvania,30,30,60
2023,2,4,LBF,"North Platte, NE",Nebraska,52,53,105
2023,2,4,LBL,"Liberal, KS",Kansas,51,51,102
2023,2,4,LCH,"Lake Charles, LA",Louisiana,89,89,178
2023,2,4,LCK,"Columbus, OH",Ohio,87,87,174
2023,2,4,LEX,"Lexington, KY",Kentucky,663,662,1325
2023,2,4,LFT,"Lafayette, LA",Louisiana,258,259,517
2023,2,4,LGA,"New York, NY",New York,13816,13819,27635
2023,2,4,LGB,"Long Beach, CA",California,1278,1278,2556
2023,2,4,LIH,"Lihue, HI",Hawaii,1335,1335,2670
2023,2,4,LIT,"Little Rock, AR",Arkansas,959,959,1918
2023,2,4,LNK,"Lincoln, NE",Nebraska,58,58,116
2023,2,4,LRD,"Laredo, TX",Texas,97,97,194
2023,2,4,LSE,"La Crosse, WI",Wisconsin,40,39,79
2023,2,4,LWS,"Lewiston, ID",Idaho,60,60,120
2023,2,4,MAF,"Midland/Odessa, TX",Texas,539,540,1079
2023,2,4,MBS,"Saginaw/Bay City/Midland, MI",Michigan,90,90,180
2023,2,4,MCI,"Kansas City, MO",Missouri,3859,3861,7720
2023,2,4,MCO,"Orlando, FL",Florida,14085,14083,28168
2023,2,4,MCW,"Mason City, IA",Iowa,51,51,102
2023,2,4,MDT,"Harrisburg, PA",Pennsylvania,433,433,866
2023,2,4,MDW,"Chicago, IL",Illinois,6829,6830,13659
2023,2,4,MEI,"Meridian, MS",Mississippi,51,51,102
2023,2,4,MEM,"Memphis, TN",Tennessee,1818,1818,3636
2023,2,4,MFE,"Mission/McAllen/Edinburg, TX",Texas,226,227,453
2023,2,4,MFR,"Medford, OR",Oregon,383,383,766
2023,2,4,MGM,"Montgomery, AL",Alabama,197,197,394
2023,2,4,MHK,"Manhattan/Ft. Riley, KS",Kansas,142,142,284
2023,2,4,MHT,"Manchester, NH",New Hampshire,544,545,1089
2023,2,4,MIA,"Miami, FL",Florida,8478,8470,16948
2023,2,4,MKE,"Milwaukee, WI",Wisconsin,2035,2035,4070
2023,2,4,MLB,"Melbourne, FL",Florida,233,233,466
2023,2,4,MLI,"Moline, IL",Illinois,289,288,577
2023,2,4,MLU,"Monroe, LA",Louisiana,149,149,298
2023,2,4,MOB,"Mobile, AL",Alabama,205,205,410
2023,2,4,MOT,"Minot, ND",North Dakota,140,140,280
2023,2,4,MQT,"Marquette, MI",Michigan,60,60,120
2023,2,4,MRY,"Monterey, CA",California,278,278,556
2023,2,4,MSN,"Madison, WI",Wisconsin,795,796,1591
2023,2,4,MSO,"Missoula, MT",Montana,257,257,514
2023,2,4,MSP,"Minneapolis, MN",Minnesota,9930,9930,19860
2023,2,4,MSY,"New Orleans, LA",Louisiana,4321,4328,8649
2023,2,4,MTJ,"Montrose/Delta, CO",Colorado,153,153,306
2023,2,4,MYR,"Myrtle Beach, SC",South Carolina,1313,1315,2628
2023,2,4,OAJ,"Jacksonville/Camp Lejeune, NC",North Carolina,87,87,174
2023,2,4,OAK,"Oakland, CA",California,3695,3694,7389
2023,2,4,OGG,"Kahului, HI",Hawaii,2611,2612,5223
2023,2,4,OKC,"Oklahoma City, OK",Oklahoma,1740,1741,3481
2023,2,4,OMA,"Omaha, NE",Nebraska,1831,1832,3663
2023,2,4,OME,"Nome, AK",Alaska,60,60,120
2023,2,4,ONT,"Ontario, CA",California,1937,1938,3875
2023,2,4,ORD,"Chicago, IL",Illinois,21185,21185,42370
2023,2,4,ORF,"Norfolk, VA",Virginia,1691,1690,3381
2023,2,4,ORH,"Worcester, MA",Massachusetts,145,145,290
2023,2,4,OTH,"North Bend/Coos Bay, OR",Oregon,23,23,46
2023,2,4,OTZ,"Kotzebue, AK",Alaska,60,60,120
2023,2,4,OWB,"Owensboro, KY",Kentucky,8,8,16
2023,2,4,PAE,"Everett, WA",Washington,97,97,194
2023,2,4,PBG,"Plattsburgh, NY",New York,54,54,108
2023,2,4,PBI,"West Palm Beach/Palm Beach, FL",Florida,2739,2738,5477
2023,2,4,PDX,"Portland, OR",Oregon,4747,4749,9496
2023,2,4,PGD,"Punta Gorda, FL",Florida,621,621,1242
2023,2,4,PGV,"Greenville, NC",North Carolina,30,30,60
2023,2,4,PHL,"Philadelphia, PA",Pennsylvania,7254,7247,14501
2023,2,4,PHX,"Phoenix, AZ",Arizona,14928,14925,29853
2023,2,4,PIA,"Peoria, IL",Illinois,287,287,574
2023,2,4,PIB,"Hattiesburg/Laurel, MS",Mississippi,51,51,102
2023,2,4,PIE,"St. Petersburg, FL",Florida,683,683,1366
2023,2,4,PIH,"Pocatello, ID",Idaho,30,30,60
2023,2,4,PIT,"Pittsburgh, PA",Pennsylvania,3504,3501,7005
2023,2,4,PLN,"Pellston, MI",Michigan,51,51,102
2023,2,4,PNS,"Pensacola, FL",Florida,975,975,1950
2023,2,4,PPG,"Pago Pago, TT",U.S. Pacific Trust Territories and Possessions,8,8,16
2023,2,4,PRC,"Prescott, AZ",Arizona,57,57,114
2023,2,4,PSC,"Pasco/Kennewick/Richland, WA",Washington,460,461,921
2023,2,4,PSE,"Ponce, PR",Puerto Rico,84,86,170
2023,2,4,PSG,"Petersburg, AK",Alaska,60,60,120
2023,2,4,PSM,"Portsmouth, NH",New Hampshire,44,44,88
2023,2,4,PSP,"Palm Springs, CA",California,1578,1577,3155
2023,2,4,PVD,"Providence, RI",Rhode Island,1335,1336,2671
2023,2,4,PVU,"Provo, UT",Utah,177,177,354
2023,2,4,PWM,"Portland, ME",Maine,789,790,1579
2023,2,4,RAP,"Rapid City, SD",South Dakota,313,313,626
2023,2,4,RDD,"Redding, CA",California,131,131,262
2023,2,4,RDM,"Bend/Redmond, OR",Oregon,510,510,1020
2023,2,4,RDU,"Raleigh/Durham, NC",North Carolina,4683,4688,9371
2023,2,4,RFD,"Rockford, IL",Illinois,70,70,140
2023,2,4,RHI,"Rhinelander, WI",Wisconsin,60,60,120
2023,2,4,RIC,"Richmond, VA",Virginia,1553,1552,3105
2023,2,4,RIW,"Riverton/Lander, WY",Wyoming,30,30,60
2023,2,4,RKS,"Rock Springs, WY",Wyoming,30,30,60
2023,2,4,RNO,"Reno, NV",Nevada,1500,1500,3000
2023,2,4,ROA,"Roanoke, VA",Virginia,256,256,512
2023,2,4,ROC,"Rochester, NY",New York,1071,1071,2142
2023,2,4,ROW,"Roswell, NM",New Mexico,90,90,180
2023,2,4,RST,"Rochester, MN",Minnesota,145,145,290
2023,2,4,RSW,"Fort Myers, FL",Florida,3132,3128,6260
2023,2,4,SAF,"Santa Fe, NM",New Mexico,169,169,338
2023,2,4,SAN,"San Diego, CA",California,7319,7319,14638
2023,2,4,SAT,"San Antonio, TX",Texas,3102,3105,6207
2023,2,4,SAV,"Savannah, GA",Georgia,1597,1598,3195
2023,2,4,SBA,"Santa Barbara, CA",California,583,583,1166
2023,2,4,SBN,"South Bend, IN",Indiana,458,458,916
2023,2,4,SBP,"San Luis Obispo, CA",California,352,352,704
2023,2,4,SCC,"Deadhorse, AK",Alaska,33,33,66
2023,2,4,SCE,"State College, PA",Pennsylvania,143,143,286
2023,2,4,SCK,"Stockton, CA",California,41,41,82
2023,2,4,SDF,"Louisville, KY",Kentucky,1895,1896,3791
2023,2,4,SEA,"Seattle, WA",Washington,12820,12818,25638
2023,2,4,SFB,"Sanford, FL",Florida,815,815,1630
2023,2,4,SFO,"San Francisco, CA",California,10908,10909,21817
2023,2,4,SGF,"Springfield, MO",Missouri,548,548,1096
2023,2,4,SGU,"St. George, UT",Utah,231,230,461
2023,2,4,SHR,"Sheridan, WY",Wyoming,52,52,104
2023,2,4,SHV,"Shreveport, LA",Louisiana,347,348,695
2023,2,4,SIT,"Sitka, AK",Alaska,90,90,180
2023,2,4,SJC,"San Jose, CA",California,4138,4137,8275
2023,2,4,SJT,"San Angelo, TX",Texas,91,91,182
2023,2,4,SJU,"San Juan, PR",Puerto Rico,2487,2481,4968
2023,2,4,SLC,"Salt Lake City, UT",Utah,8791,8789,17580
2023,2,4,SLN,"Salina, KS",Kansas,60,60,120
2023,2,4,SMF,"Sacramento, CA",California,4264,4267,8531
2023,2,4,SMX,"Santa Maria, CA",California,9,9,18
2023,2,4,SNA,"Santa Ana, CA",California,3630,3631,7261
2023,2,4,SPI,"Springfield, IL",Illinois,75,75,150
2023,2,4,SPN,"Saipan, TT",U.S. Pacific Trust Territories and Possessions,30,30,60
2023,2,4,SPS,"Wichita Falls, TX",Texas,59,59,118
2023,2,4,SRQ,"Sarasota/Bradenton, FL",Florida,1571,1569,3140
2023,2,4,STC,"St. Cloud, MN",Minnesota,21,21,42
2023,2,4,STL,"St. Louis, MO",Missouri,4946,4946,9892
2023,2,4,STS,"Santa Rosa, CA",California,268,268,536
2023,2,4,STT,"Charlotte Amalie, VI",U.S. Virgin Islands,428,429,857
2023,2,4,STX,"Christiansted, VI",U.S. Virgin Islands,105,105,210
2023,2,4,SUN,"Sun Valley/Hailey/Ketchum, ID",Idaho,90,90,180
2023,2,4,SUX,"Sioux City, IA",Iowa,60,60,120
2023,2,4,SWF,"Newburgh/Poughkeepsie, NY",New York,56,56,112
2023,2,4,SWO,"Stillwater, OK",Oklahoma,59,59,118
2023,2,4,SYR,"Syracuse, NY",New York,1043,1043,2086
2023,2,4,TLH,"Tallahassee, FL",Florida,369,369,738
2023,2,4,TOL,"Toledo, OH",Ohio,52,52,104
2023,2,4,TPA,"Tampa, FL",Florida,7077,7079,14156
2023,2,4,TRI,"Bristol/Johnson City/Kingsport, TN",Tennessee,211,211,422
2023,2,4,TTN,"Trenton, NJ",New Jersey,196,196,392
2023,2,4,TUL,"Tulsa, OK",Oklahoma,1264,1264,2528
2023,2,4,TUS,"Tucson, AZ",Arizona,1446,1445,2891
2023,2,4,TVC,"Traverse City, MI",Michigan,218,217,435
2023,2,4,TWF,"Twin Falls, ID",Idaho,30,30,60
2023,2,4,TXK,"Texarkana, AR",Arkansas,88,88,176
2023,2,4,TYR,"Tyler, TX",Texas,88,88,176
2023,2,4,TYS,"Knoxville, TN",Tennessee,1050,1050,2100
2023,2,4,USA,"Concord, NC",North Carolina,62,62,124
2023,2,4,VCT,"Victoria, TX",Texas,51,51,102
2023,2,4,VEL,"Vernal, UT",Utah,51,51,102
2023,2,4,VLD,"Valdosta, GA",Georgia,87,87,174
2023,2,4,VPS,"Valparaiso, FL",Florida,793,793,1586
2023,2,4,WRG,"Wrangell, AK",Alaska,60,60,120
2023,2,4,XNA,"Fayetteville, AR",Arkansas,910,908,1818
2023,2,4,XWA,"Williston, ND",North Dakota,139,140,279
2023,2,4,YAK,"Yakutat, AK",Alaska,60,60,120
2023,2,4,YUM,"Yuma, AZ",Arizona,120,120,240
2023,2,5,ABE,"Allentown/Bethlehem/Easton, PA",Pennsylvania,351,351,702
2023,2,5,ABI,"Abilene, TX",Texas,93,93,186
2023,2,5,ABQ,"Albuquerque, NM",New Mexico,2039,2038,4077
2023,2,5,ABR,"Aberdeen, SD",South Dakota,62,62,124
2023,2,5,ABY,"Albany, GA",Georgia,62,62,124
2023,2,5,ACK,"Nantucket, MA",Massachusetts,100,100,200
2023,2,5,ACT,"Waco, TX",Texas,91,91,182
2023,2,5,ACV,"Arcata/Eureka, CA",California,142,142,284
2023,2,5,ACY,"Atlantic City, NJ",New Jersey,229,229,458
2023,2,5,ADK,"Adak Island, AK",Alaska,9,9,18
2023,2,5,ADQ,"Kodiak, AK",Alaska,78,78,156
2023,2,5,AEX,"Alexandria, LA",Louisiana,150,150,300
2023,2,5,AGS,"Augusta, GA",Georgia,267,266,533
2023,2,5,AKN,"King Salmon, AK",Alaska,31,31,62
2023,2,5,ALB,"Albany, NY",New York,1030,1029,2059
2023,2,5,ALW,"Walla Walla, WA",Washington,14,14,28
2023,2,5,AMA,"Amarillo, TX",Texas,446,445,891
2023,2,5,ANC,"Anchorage, AK",Alaska,1516,1519,3035
2023,2,5,APN,"Alpena, MI",Michigan,12,12,24
2023,2,5,ASE,"Aspen, CO",Colorado,124,125,249
2023,2,5,ATL,"Atlanta, GA",Georgia,28740,28741,57481
2023,2,5,ATW,"Appleton, WI",Wisconsin,370,371,741
2023,2,5,AUS,"Austin, TX",Texas,7877,7879,15756
2023,2,5,AVL,"Asheville, NC",North Carolina,820,821,1641
2023,2,5,AVP,"Scranton/Wilkes-Barre, PA",Pennsylvania,133,131,264
2023,2,5,AZA,"Phoenix, AZ",Arizona,399,399,798
2023,2,5,AZO,"Kalamazoo, MI",Michigan,62,62,124
2023,2,5,BDL,"Hartford, CT",Connecticut,1862,1858,3720
2023,2,5,BET,"Bethel, AK",Alaska,62,62,124
2023,2,5,BFF,"Scottsbluff, NE",Nebraska,53,53,106
2023,2,5,BFL,"Bakersfield, CA",California,238,238,476
2023,2,5,BGM,"Binghamton, NY",New York,58,58,116
2023,2,5,BGR,"Bangor, ME",Maine,400,400,800
2023,2,5,BHM,"Birmingham, AL",Alabama,1293,1291,2584
2023,2,5,BIL,"Billings, MT",Montana,293,292,585
2023,2,5,BIS,"Bismarck/Mandan, ND",North Dakota,275,274,549
2023,2,5,BJI,"Bemidji, MN",Minnesota,62,62,124
2023,2,5,BLI,"Bellingham, WA",Washington,233,233,466
2023,2,5,BLV,"Belleville, IL",Illinois,93,93,186
2023,2,5,BMI,"Bloomington/Normal, IL",Illinois,154,154,308
2023,2,5,BNA,"Nashville, TN",Tennessee,8253,8250,16503
2023,2,5,BOI,"Boise, ID",Idaho,1749,1749,3498
2023,2,5,BOS,"Boston, MA",Massachusetts,12428,12436,24864
2023,2,5,BPT,"Beaumont/Port Arthur, TX",Texas,62,62,124
2023,2,5,BQK,"Brunswick, GA",Georgia,62,62,124
2023,2,5,BQN,"Aguadilla, PR",Puerto Rico,250,251,501
2023,2,5,BRD,"Brainerd, MN",Minnesota,53,53,106
2023,2,5,BRO,"Brownsville, TX",Texas,121,121,242
2023,2,5,BRW,"Barrow, AK",Alaska,31,31,62
2023,2,5,BTM,"Butte, MT",Montana,57,57,114
2023,2,5,BTR,"Baton Rouge, LA",Louisiana,307,306,613
2023,2,5,BTV,"Burlington, VT",Vermont,680,681,1361
2023,2,5,BUF,"Buffalo, NY",New York,1719,1716,3435
2023,2,5,BUR,"Burbank, CA",California,2546,2547,5093
2023,2,5,BWI,"Baltimore, MD",Maryland,8316,8317,16633
2023,2,5,BZN,"Bozeman, MT",Montana,666,666,1332
2023,2,5,CAE,"Columbia, SC",South Carolina,462,460,922
2023,2,5,CAK,"Akron, OH",Ohio,298,298,596
2023,2,5,CDC,"Cedar City, UT",Utah,53,53,106
2023,2,5,CDV,"Cordova, AK",Alaska,62,62,124
2023,2,5,CHA,"Chattanooga, TN",Tennessee,448,449,897
2023,2,5,CHO,"Charlottesville, VA",Virginia,249,249,498
2023,2,5,CHS,"Charleston, SC",South Carolina,2240,2237,4477
2023,2,5,CID,"Cedar Rapids/Iowa City, IA",Iowa,535,535,1070
2023,2,5,CIU,"Sault Ste. Marie, MI",Michigan,62,62,124
2023,2,5,CKB,"Clarksburg/Fairmont, WV",West Virginia,17,17,34
2023,2,5,CLE,"Cleveland, OH",Ohio,3426,3424,6850
2023,2,5,CLL,"College Station/Bryan, TX",Texas,91,91,182
2023,2,5,CLT,"Charlotte, NC",North Carolina,16121,16141,32262
2023,2,5,CMH,"Columbus, OH",Ohio,3488,3489,6977
2023,2,5,CMI,"Champaign/Urbana, IL",Illinois,124,124,248
2023,2,5,CMX,"Hancock/Houghton, MI",Michigan,41,41,82
2023,2,5,CNY,"Moab, UT",Utah,79,79,158
2023,2,5,COS,"Colorado Springs, CO",Colorado,941,940,1881
2023,2,5,COU,"Columbia, MO",Missouri,149,149,298
2023,2,5,CPR,"Casper, WY",Wyoming,101,100,201
2023,2,5,CRP,"Corpus Christi, TX",Texas,300,300,600
2023,2,5,CRW,"Charleston/Dunbar, WV",West Virginia,275,275,550
2023,2,5,CSG,"Columbus, GA",Georgia,78,78,156
2023,2,5,CVG,"Cincinnati, OH",Kentucky,3371,3373,6744
2023,2,5,CWA,"Mosinee, WI",Wisconsin,124,123,247
2023,2,5,DAB,"Daytona Beach, FL",Florida,277,277,554
2023,2,5,DAL,"Dallas, TX",Texas,6176,6174,12350
2023,2,5,DAY,"Dayton, OH",Ohio,549,550,1099
2023,2,5,DCA,"Washington, DC",Virginia,12202,12204,24406
2023,2,5,DDC,"Dodge City, KS",Kansas,53,53,106
2023,2,5,DEC,"Decatur, IL",Illinois,84,84,168
2023,2,5,DEN,"Denver, CO",Colorado,23997,23988,47985
2023,2,5,DFW,"Dallas/Fort Worth, TX",Texas,23900,23926,47826
2023,2,5,DHN,"Dothan, AL",Alabama,62,62,124
2023,2,5,DIK,"Dickinson, ND",North Dakota,53,53,106
2023,2,5,DLG,"Dillingham, AK",Alaska,14,14,28
2023,2,5,DLH,"Duluth, MN",Minnesota,101,100,201
2023,2,5,DRO,"Durango, CO",Colorado,296,296,592
2023,2,5,DSM,"Des Moines, IA",Iowa,1220,1220,2440
2023,2,5,DTW,"Detroit, MI",Michigan,10680,10678,21358
2023,2,5,DVL,"Devils Lake, ND",North Dakota,57,57,114
2023,2,5,ECP,"Panama City, FL",Florida,616,616,1232
2023,2,5,EGE,"Eagle, CO",Colorado,139,139,278
2023,2,5,EKO,"Elko, NV",Nevada,31,31,62
2023,2,5,ELM,"Elmira/Corning, NY",New York,83,83,166
2023,2,5,ELP,"El Paso, TX",Texas,1506,1505,3011
2023,2,5,ERI,"Erie, PA",Pennsylvania,62,62,124
2023,2,5,ESC,"Escanaba, MI",Michigan,62,62,124
2023,2,5,EUG,"Eugene, OR",Oregon,621,621,1242
2023,2,5,EVV,"Evansville, IN",Indiana,170,170,340
2023,2,5,EWN,"New Bern/Morehead/Beaufort, NC",North Carolina,32,31,63
2023,2,5,EWR,"Newark, NJ",New Jersey,12371,12371,24742
2023,2,5,EYW,"Key West, FL",Florida,539,537,1076
2023,2,5,FAI,"Fairbanks, AK",Alaska,210,210,420
2023,2,5,FAR,"Fargo, ND",North Dakota,533,533,1066
2023,2,5,FAT,"Fresno, CA",California,920,920,1840
2023,2,5,FAY,"Fayetteville, NC",North Carolina,119,120,239
2023,2,5,FCA,"Kalispell, MT",Montana,224,224,448
2023,2,5,FLG,"Flagstaff, AZ",Arizona,148,149,297
2023,2,5,FLL,"Fort Lauderdale, FL",Florida,7426,7418,14844
2023,2,5,FNT,"Flint, MI",Michigan,201,201,402
2023,2,5,FOD,"Fort Dodge, IA",Iowa,53,53,106
2023,2,5,FSD,"Sioux Falls, SD",South Dakota,572,571,1143
2023,2,5,FSM,"Fort Smith, AR",Arkansas,93,93,186
2023,2,5,FWA,"Fort Wayne, IN",Indiana,309,309,618
2023,2,5,GCC,"Gillette, WY",Wyoming,53,53,106
2023,2,5,GCK,"Garden City, KS",Kansas,62,62,124
2023,2,5,GEG,"Spokane, WA",Washington,1421,1421,2842
2023,2,5,GFK,"Grand Forks, ND",North Dakota,107,107,214
2023,2,5,GGG,"Longview, TX",Texas,61,62,123
2023,2,5,GJT,"Grand Junction, CO",Colorado,311,311,622
2023,2,5,GNV,"Gainesville, FL",Florida,206,206,412
2023,2,5,GPT,"Gulfport/Biloxi, MS",Mississippi,245,245,490
2023,2,5,GRB,"Green Bay, WI",Wisconsin,372,372,744
2023,2,5,GRI,"Grand Island, NE",Nebraska,78,78,156
2023,2,5,GRK,"Killeen, TX",Texas,147,146,293
2023,2,5,GRR,"Grand Rapids, MI",Michigan,1347,1347,2694
2023,2,5,GSO,"Greensboro/High Point, NC",North Carolina,890,889,1779
2023,2,5,GSP,"Greer, SC",South Carolina,1168,1169,2337
2023,2,5,GTF,"Great Falls, MT",Montana,225,225,450
2023,2,5,GTR,"Columbus, MS",Mississippi,62,62,124
2023,2,5,GUC,"Gunnison, CO",Colorado,31,31,62
2023,2,5,GUM,"Guam, TT",U.S. Pacific Trust Territories and Possessions,62,62,124
2023,2,5,HDN,"Hayden, CO",Colorado,93,93,186
2023,2,5,HGR,"Hagerstown, MD",Maryland,19,19,38
2023,2,5,HHH,"Hilton Head, SC",South Carolina,225,225,450
2023,2,5,HIB,"Hibbing, MN",Minnesota,72,71,143
2023,2,5,HLN,"Helena, MT",Montana,110,110,220
2023,2,5,HNL,"Honolulu, HI",Hawaii,5166,5167,10333
2023,2,5,HOU,"Houston, TX",Texas,4595,4593,9188
2023,2,5,HPN,"White Plains, NY",New York,1152,1153,2305
2023,2,5,HRL,"Harlingen/San Benito, TX",Texas,295,295,590
2023,2,5,HSV,"Huntsville, AL",Alabama,641,639,1280
2023,2,5,HTS,"Ashland, WV",West Virginia,26,26,52
2023,2,5,HYA,"Hyannis, MA",Massachusetts,14,14,28
2023,2,5,HYS,"Hays, KS",Kansas,62,62,124
2023,2,5,IAD,"Washington, DC",Virginia,4233,4232,8465
2023,2,5,IAG,"Niagara Falls, NY",New York,22,22,44
2023,2,5,IAH,"Houston, TX",Texas,9395,9395,18790
2023,2,5,ICT,"Wichita, KS",Kansas,727,726,1453
2023,2,5,IDA,"Idaho Falls, ID",Idaho,283,282,565
2023,2,5,ILM,"Wilmington, NC",North Carolina,597,598,1195
2023,2,5,IMT,"Iron Mountain/Kingsfd, MI",Michigan,62,62,124
2023,2,5,IND,"Indianapolis, IN",Indiana,3768,3769,7537
2023,2,5,INL,"International Falls, MN",Minnesota,52,52,104
2023,2,5,ISP,"Islip, NY",New York,376,377,753
2023,2,5,ITH,"Ithaca/Cortland, NY",New York,62,62,124
2023,2,5,ITO,"Hilo, HI",Hawaii,622,622,1244
2023,2,5,JAC,"Jackson, WY",Wyoming,239,239,478
2023,2,5,JAN,"Jackson/Vicksburg, MS",Mississippi,649,649,1298
2023,2,5,JAX,"Jacksonville, FL",Florida,2484,2484,4968
2023,2,5,JFK,"New York, NY",New York,11822,11825,23647
2023,2,5,JLN,"Joplin, MO",Missouri,52,52,104
2023,2,5,JMS,"Jamestown, ND",North Dakota,57,57,114
2023,2,5,JNU,"Juneau, AK",Alaska,378,380,758
2023,2,5,JST,"Johnstown, PA",Pennsylvania,62,62,124
2023,2,5,KOA,"Kona, HI",Hawaii,1457,1456,2913
2023,2,5,KTN,"Ketchikan, AK",Alaska,200,200,400
2023,2,5,LAN,"Lansing, MI",Michigan,93,93,186
2023,2,5,LAR,"Laramie, WY",Wyoming,53,53,106
2023,2,5,LAS,"Las Vegas, NV",Nevada,16205,16196,32401
2023,2,5,LAW,"Lawton/Fort Sill, OK",Oklahoma,91,91,182
2023,2,5,LAX,"Los Angeles, CA",California,16736,16734,33470
2023,2,5,LBB,"Lubbock, TX",Texas,453,453,906
2023,2,5,LBE,"Latrobe, PA",Pennsylvania,58,58,116
2023,2,5,LBF,"North Platte, NE",Nebraska,52,52,104
2023,2,5,LBL,"Liberal, KS",Kansas,53,53,106
2023,2,5,LCH,"Lake Charles, LA",Louisiana,93,93,186
2023,2,5,LCK,"Columbus, OH",Ohio,79,79,158
2023,2,5,LEX,"Lexington, KY",Kentucky,675,675,1350
2023,2,5,LFT,"Lafayette, LA",Louisiana,237,236,473
2023,2,5,LGA,"New York, NY",New York,14517,14514,29031
2023,2,5,LGB,"Long Beach, CA",California,1331,1331,2662
2023,2,5,LIH,"Lihue, HI",Hawaii,1365,1365,2730
2023,2,5,LIT,"Little Rock, AR",Arkansas,1005,1005,2010
2023,2,5,LNK,"Lincoln, NE",Nebraska,62,62,124
2023,2,5,LRD,"Laredo, TX",Texas,99,99,198
2023,2,5,LSE,"La Crosse, WI",Wisconsin,31,31,62
2023,2,5,LWS,"Lewiston, ID",Idaho,62,62,124
2023,2,5,MAF,"Midland/Odessa, TX",Texas,651,652,1303
2023,2,5,MBS,"Saginaw/Bay City/Midland, MI",Michigan,120,120,240
2023,2,5,MCI,"Kansas City, MO",Missouri,4065,4066,8131
2023,2,5,MCO,"Orlando, FL",Florida,13983,13981,27964
2023,2,5,MCW,"Mason City, IA",Iowa,53,53,106
2023,2,5,MDT,"Harrisburg, PA",Pennsylvania,464,464,928
2023,2,5,MDW,"Chicago, IL",Illinois,7336,7334,14670
2023,2,5,MEI,"Meridian, MS",Mississippi,53,53,106
2023,2,5,MEM,"Memphis, TN",Tennessee,1961,1960,3921
2023,2,5,MFE,"Mission/McAllen/Edinburg, TX",Texas,266,267,533
2023,2,5,MFR,"Medford, OR",Oregon,411,410,821
2023,2,5,MGM,"Montgomery, AL",Alabama,208,208,416
2023,2,5,MHK,"Manhattan/Ft. Riley, KS",Kansas,19,17,36
2023,2,5,MHT,"Manchester, NH",New Hampshire,544,543,1087
2023,2,5,MIA,"Miami, FL",Florida,8649,8650,17299
2023,2,5,MKE,"Milwaukee, WI",Wisconsin,2045,2046,4091
2023,2,5,MLB,"Melbourne, FL",Florida,234,234,468
2023,2,5,MLI,"Moline, IL",Illinois,262,262,524
2023,2,5,MLU,"Monroe, LA",Louisiana,155,155,310
2023,2,5,MOB,"Mobile, AL",Alabama,202,202,404
2023,2,5,MOT,"Minot, ND",North Dakota,133,133,266
2023,2,5,MQT,"Marquette, MI",Michigan,36,37,73
2023,2,5,MRY,"Monterey, CA",California,331,332,663
2023,2,5,MSN,"Madison, WI",Wisconsin,845,845,1690
2023,2,5,MSO,"Missoula, MT",Montana,294,294,588
2023,2,5,MSP,"Minneapolis, MN",Minnesota,10244,10243,20487
2023,2,5,MSY,"New Orleans, LA",Louisiana,4509,4509,9018
2023,2,5,MTJ,"Montrose/Delta, CO",Colorado,124,124,248
2023,2,5,MVY,"Martha's Vineyard, MA",Massachusetts,51,51,102
2023,2,5,MYR,"Myrtle Beach, SC",South Carolina,1415,1412,2827
2023,2,5,OAJ,"Jacksonville/Camp Lejeune, NC",North Carolina,116,116,232
2023,2,5,OAK,"Oakland, CA",California,4049,4049,8098
2023,2,5,OGG,"Kahului, HI",Hawaii,2641,2641,5282
2023,2,5,OKC,"Oklahoma City, OK",Oklahoma,1735,1735,3470
2023,2,5,OMA,"Omaha, NE",Nebraska,1936,1935,3871
2023,2,5,OME,"Nome, AK",Alaska,62,62,124
2023,2,5,ONT,"Ontario, CA",California,2044,2045,4089
2023,2,5,ORD,"Chicago, IL",Illinois,21932,21941,43873
2023,2,5,ORF,"Norfolk, VA",Virginia,1800,1801,3601
2023,2,5,ORH,"Worcester, MA",Massachusetts,151,151,302
2023,2,5,OTH,"North Bend/Coos Bay, OR",Oregon,39,39,78
2023,2,5,OTZ,"Kotzebue, AK",Alaska,62,62,124
2023,2,5,OWB,"Owensboro, KY",Kentucky,9,9,18
2023,2,5,PAE,"Everett, WA",Washington,59,58,117
2023,2,5,PBG,"Plattsburgh, NY",New York,28,28,56
2023,2,5,PBI,"West Palm Beach/Palm Beach, FL",Florida,2267,2262,4529
2023,2,5,PDX,"Portland, OR",Oregon,5046,5050,10096
2023,2,5,PGD,"Punta Gorda, FL",Florida,442,442,884
2023,2,5,PGV,"Greenville, NC",North Carolina,4,4,8
2023,2,5,PHL,"Philadelphia, PA",Pennsylvania,7251,7257,14508
2023,2,5,PHX,"Phoenix, AZ",Arizona,14621,14620,29241
2023,2,5,PIA,"Peoria, IL",Illinois,268,268,536
2023,2,5,PIB,"Hattiesburg/Laurel, MS",Mississippi,53,53,106
2023,2,5,PIE,"St. Petersburg, FL",Florida,635,635,1270
2023,2,5,PIH,"Pocatello, ID",Idaho,31,31,62
2023,2,5,PIT,"Pittsburgh, PA",Pennsylvania,3636,3638,7274
2023,2,5,PLN,"Pellston, MI",Michigan,58,58,116
2023,2,5,PNS,"Pensacola, FL",Florida,1012,1013,2025
2023,2,5,PPG,"Pago Pago, TT",U.S. Pacific Trust Territories and Possessions,12,12,24
2023,2,5,PRC,"Prescott, AZ",Arizona,62,62,124
2023,2,5,PSC,"Pasco/Kennewick/Richland, WA",Washington,459,459,918
2023,2,5,PSE,"Ponce, PR",Puerto Rico,104,105,209
2023,2,5,PSG,"Petersburg, AK",Alaska,62,62,124
2023,2,5,PSM,"Portsmouth, NH",New Hampshire,30,30,60
2023,2,5,PSP,"Palm Springs, CA",California,1123,1119,2242
2023,2,5,PVD,"Providence, RI",Rhode Island,1285,1285,2570
2023,2,5,PVU,"Provo, UT",Utah,177,177,354
2023,2,5,PWM,"Portland, ME",Maine,838,838,1676
2023,2,5,RAP,"Rapid City, SD",South Dakota,325,325,650
2023,2,5,RDD,"Redding, CA",California,138,138,276
2023,2,5,RDM,"Bend/Redmond, OR",Oregon,553,553,1106
2023,2,5,RDU,"Raleigh/Durham, NC",North Carolina,5097,5095,10192
2023,2,5,RFD,"Rockford, IL",Illinois,55,55,110
2023,2,5,RHI,"Rhinelander, WI",Wisconsin,62,62,124
2023,2,5,RIC,"Richmond, VA",Virginia,1666,1667,3333
2023,2,5,RIW,"Riverton/Lander, WY",Wyoming,39,39,78
2023,2,5,RKS,"Rock Springs, WY",Wyoming,39,39,78
2023,2,5,RNO,"Reno, NV",Nevada,1561,1560,3121
2023,2,5,ROA,"Roanoke, VA",Virginia,264,264,528
2023,2,5,ROC,"Rochester, NY",New York,1149,1149,2298
2023,2,5,ROW,"Roswell, NM",New Mexico,66,65,131
2023,2,5,RST,"Rochester, MN",Minnesota,128,128,256
2023,2,5,RSW,"Fort Myers, FL",Florida,2639,2636,5275
2023,2,5,SAF,"Santa Fe, NM",New Mexico,154,154,308
2023,2,5,SAN,"San Diego, CA",California,7765,7758,15523
2023,2,5,SAT,"San Antonio, TX",Texas,3370,3371,6741
2023,2,5,SAV,"Savannah, GA",Georgia,1640,1637,3277
2023,2,5,SBA,"Santa Barbara, CA",California,597,597,1194
2023,2,5,SBN,"South Bend, IN",Indiana,432,432,864
2023,2,5,SBP,"San Luis Obispo, CA",California,363,363,726
2023,2,5,SCC,"Deadhorse, AK",Alaska,36,36,72
2023,2,5,SCE,"State College, PA",Pennsylvania,124,124,248
2023,2,5,SCK,"Stockton, CA",California,40,40,80
2023,2,5,SDF,"Louisville, KY",Kentucky,2216,2216,4432
2023,2,5,SEA,"Seattle, WA",Washington,13784,13780,27564
2023,2,5,SFB,"Sanford, FL",Florida,706,706,1412
2023,2,5,SFO,"San Francisco, CA",California,11880,11882,23762
2023,2,5,SGF,"Springfield, MO",Missouri,678,678,1356
2023,2,5,SGU,"St. George, UT",Utah,235,235,470
2023,2,5,SHR,"Sheridan, WY",Wyoming,53,53,106
2023,2,5,SHV,"Shreveport, LA",Louisiana,326,325,651
2023,2,5,SIT,"Sitka, AK",Alaska,107,107,214
2023,2,5,SJC,"San Jose, CA",California,4504,4505,9009
2023,2,5,SJT,"San Angelo, TX",Texas,93,93,186
2023,2,5,SJU,"San Juan, PR",Puerto Rico,2952,2958,5910
2023,2,5,SLC,"Salt Lake City, UT",Utah,9010,9012,18022
2023,2,5,SLN,"Salina, KS",Kansas,62,62,124
2023,2,5,SMF,"Sacramento, CA",California,4571,4570,9141
2023,2,5,SMX,"Santa Maria, CA",California,8,8,16
2023,2,5,SNA,"Santa Ana, CA",California,3851,3852,7703
2023,2,5,SPI,"Springfield, IL",Illinois,73,73,146
2023,2,5,SPN,"Saipan, TT",U.S. Pacific Trust Territories and Possessions,31,31,62
2023,2,5,SPS,"Wichita Falls, TX",Texas,61,62,123
2023,2,5,SRQ,"Sarasota/Bradenton, FL",Florida,1266,1266,2532
2023,2,5,STC,"St. Cloud, MN",Minnesota,7,7,14
2023,2,5,STL,"St. Louis, MO",Missouri,5195,5199,10394
2023,2,5,STS,"Santa Rosa, CA",California,302,302,604
2023,2,5,STT,"Charlotte Amalie, VI",U.S. Virgin Islands,348,348,696
2023,2,5,STX,"Christiansted, VI",U.S. Virgin Islands,101,101,202
2023,2,5,SUN,"Sun Valley/Hailey/Ketchum, ID",Idaho,93,93,186
2023,2,5,SUX,"Sioux City, IA",Iowa,62,62,124
2023,2,5,SWF,"Newburgh/Poughkeepsie, NY",New York,33,33,66
2023,2,5,SWO,"Stillwater, OK",Oklahoma,62,62,124
2023,2,5,SYR,"Syracuse, NY",New York,1110,1112,2222
2023,2,5,TLH,"Tallahassee, FL",Florida,354,354,708
2023,2,5,TOL,"Toledo, OH",Ohio,30,30,60
2023,2,5,TPA,"Tampa, FL",Florida,6642,6633,13275
2023,2,5,TRI,"Bristol/Johnson City/Kingsport, TN",Tennessee,218,217,435
2023,2,5,TTN,"Trenton, NJ",New Jersey,182,182,364
2023,2,5,TUL,"Tulsa, OK",Oklahoma,1315,1316,2631
2023,2,5,TUS,"Tucson, AZ",Arizona,1396,1394,2790
2023,2,5,TVC,"Traverse City, MI",Michigan,306,306,612
2023,2,5,TWF,"Twin Falls, ID",Idaho,31,31,62
2023,2,5,TXK,"Texarkana, AR",Arkansas,91,91,182
2023,2,5,TYR,"Tyler, TX",Texas,91,91,182
2023,2,5,TYS,"Knoxville, TN",Tennessee,1168,1168,2336
2023,2,5,USA,"Concord, NC",North Carolina,61,61,122
2023,2,5,VCT,"Victoria, TX",Texas,53,53,106
2023,2,5,VEL,"Vernal, UT",Utah,53,53,106
2023,2,5,VLD,"Valdosta, GA",Georgia,62,62,124
2023,2,5,VPS,"Valparaiso, FL",Florida,837,837,1674
2023,2,5,WRG,"Wrangell, AK",Alaska,62,62,124
2023,2,5,WYS,"West Yellowstone, MT",Montana,29,29,58
2023,2,5,XNA,"Fayetteville, AR",Arkansas,980,982,1962
2023,2,5,XWA,"Williston, ND",North Dakota,141,141,282
2023,2,5,YAK,"Yakutat, AK",Alaska,62,62,124
2023,2,5,YUM,"Yuma, AZ",Arizona,124,124,248
2023,2,6,ABE,"Allentown/Bethlehem/Easton, PA",Pennsylvania,374,374,748
2023,2,6,ABI,"Abilene, TX",Texas,116,116,232
2023,2,6,ABQ,"Albuquerque, NM",New Mexico,1909,1911,3820
2023,2,6,ABR,"Aberdeen, SD",South Dakota,60,60,120
2023,2,6,ABY,"Albany, GA",Georgia,60,60,120
2023,2,6,ACK,"Nantucket, MA",Massachusetts,343,343,686
2023,2,6,ACT,"Waco, TX",Texas,90,90,180
2023,2,6,ACV,"Arcata/Eureka, CA",California,142,142,284
2023,2,6,ACY,"Atlantic City, NJ",New Jersey,210,211,421
2023,2,6,ADK,"Adak Island, AK",Alaska,8,8,16
2023,2,6,ADQ,"Kodiak, AK",Alaska,80,80,160
2023,2,6,AEX,"Alexandria, LA",Louisiana,150,151,301
2023,2,6,AGS,"Augusta, GA",Georgia,284,285,569
2023,2,6,AKN,"King Salmon, AK",Alaska,48,48,96
2023,2,6,ALB,"Albany, NY",New York,930,931,1861
2023,2,6,ALW,"Walla Walla, WA",Washington,30,30,60
2023,2,6,AMA,"Amarillo, TX",Texas,413,414,827
2023,2,6,ANC,"Anchorage, AK",Alaska,1939,1936,3875
2023,2,6,ASE,"Aspen, CO",Colorado,552,555,1107
2023,2,6,ATL,"Atlanta, GA",Georgia,28685,28678,57363
2023,2,6,ATW,"Appleton, WI",Wisconsin,429,430,859
2023,2,6,AUS,"Austin, TX",Texas,7728,7730,15458
2023,2,6,AVL,"Asheville, NC",North Carolina,1070,1073,2143
2023,2,6,AVP,"Scranton/Wilkes-Barre, PA",Pennsylvania,146,146,292
2023,2,6,AZA,"Phoenix, AZ",Arizona,405,405,810
2023,2,6,AZO,"Kalamazoo, MI",Michigan,60,60,120
2023,2,6,BDL,"Hartford, CT",Connecticut,1711,1710,3421
2023,2,6,BET,"Bethel, AK",Alaska,60,60,120
2023,2,6,BFF,"Scottsbluff, NE",Nebraska,52,52,104
2023,2,6,BFL,"Bakersfield, CA",California,205,205,410
2023,2,6,BGM,"Binghamton, NY",New York,56,56,112
2023,2,6,BGR,"Bangor, ME",Maine,514,514,1028
2023,2,6,BHM,"Birmingham, AL",Alabama,1332,1336,2668
2023,2,6,BIH,"Bishop, CA",California,8,8,16
2023,2,6,BIL,"Billings, MT",Montana,321,322,643
2023,2,6,BIS,"Bismarck/Mandan, ND",North Dakota,297,298,595
2023,2,6,BJI,"Bemidji, MN",Minnesota,60,60,120
2023,2,6,BLI,"Bellingham, WA",Washington,229,229,458
2023,2,6,BLV,"Belleville, IL",Illinois,127,127,254
2023,2,6,BMI,"Bloomington/Normal, IL",Illinois,163,163,326
2023,2,6,BNA,"Nashville, TN",Tennessee,7981,7983,15964
2023,2,6,BOI,"Boise, ID",Idaho,1693,1693,3386
2023,2,6,BOS,"Boston, MA",Massachusetts,11781,11788,23569
2023,2,6,BPT,"Beaumont/Port Arthur, TX",Texas,60,60,120
2023,2,6,BQK,"Brunswick, GA",Georgia,60,60,120
2023,2,6,BQN,"Aguadilla, PR",Puerto Rico,251,250,501
2023,2,6,BRD,"Brainerd, MN",Minnesota,52,52,104
2023,2,6,BRO,"Brownsville, TX",Texas,115,115,230
2023,2,6,BRW,"Barrow, AK",Alaska,30,30,60
2023,2,6,BTM,"Butte, MT",Montana,56,57,113
2023,2,6,BTR,"Baton Rouge, LA",Louisiana,390,391,781
2023,2,6,BTV,"Burlington, VT",Vermont,707,706,1413
2023,2,6,BUF,"Buffalo, NY",New York,1717,1716,3433
2023,2,6,BUR,"Burbank, CA",California,2438,2436,4874
2023,2,6,BWI,"Baltimore, MD",Maryland,8010,8011,16021
2023,2,6,BZN,"Bozeman, MT",Montana,863,866,1729
2023,2,6,CAE,"Columbia, SC",South Carolina,535,539,1074
2023,2,6,CAK,"Akron, OH",Ohio,310,310,620
2023,2,6,CDC,"Cedar City, UT",Utah,52,52,104
2023,2,6,CDV,"Cordova, AK",Alaska,60,60,120
2023,2,6,CHA,"Chattanooga, TN",Tennessee,578,580,1158
2023,2,6,CHO,"Charlottesville, VA",Virginia,282,283,565
2023,2,6,CHS,"Charleston, SC",South Carolina,2178,2179,4357
2023,2,6,CID,"Cedar Rapids/Iowa City, IA",Iowa,619,620,1239
2023,2,6,CIU,"Sault Ste. Marie, MI",Michigan,60,60,120
2023,2,6,CKB,"Clarksburg/Fairmont, WV",West Virginia,31,31,62
2023,2,6,CLE,"Cleveland, OH",Ohio,3602,3602,7204
2023,2,6,CLL,"College Station/Bryan, TX",Texas,90,90,180
2023,2,6,CLT,"Charlotte, NC",North Carolina,16674,16658,33332
2023,2,6,CMH,"Columbus, OH",Ohio,3606,3611,7217
2023,2,6,CMI,"Champaign/Urbana, IL",Illinois,120,120,240
2023,2,6,CMX,"Hancock/Houghton, MI",Michigan,60,60,120
2023,2,6,CNY,"Moab, UT",Utah,52,52,104
2023,2,6,COS,"Colorado Springs, CO",Colorado,957,957,1914
2023,2,6,COU,"Columbia, MO",Missouri,87,86,173
2023,2,6,CPR,"Casper, WY",Wyoming,98,97,195
2023,2,6,CRP,"Corpus Christi, TX",Texas,381,381,762
2023,2,6,CRW,"Charleston/Dunbar, WV",West Virginia,324,324,648
2023,2,6,CSG,"Columbus, GA",Georgia,86,86,172
2023,2,6,CVG,"Cincinnati, OH",Kentucky,3477,3475,6952
2023,2,6,CWA,"Mosinee, WI",Wisconsin,68,68,136
2023,2,6,DAB,"Daytona Beach, FL",Florida,238,237,475
2023,2,6,DAL,"Dallas, TX",Texas,6256,6261,12517
2023,2,6,DAY,"Dayton, OH",Ohio,642,642,1284
2023,2,6,DCA,"Washington, DC",Virginia,11455,11450,22905
2023,2,6,DDC,"Dodge City, KS",Kansas,52,52,104
2023,2,6,DEC,"Decatur, IL",Illinois,82,82,164
2023,2,6,DEN,"Denver, CO",Colorado,24185,24192,48377
2023,2,6,DFW,"Dallas/Fort Worth, TX",Texas,24996,24985,49981
2023,2,6,DHN,"Dothan, AL",Alabama,60,60,120
2023,2,6,DIK,"Dickinson, ND",North Dakota,59,59,118
2023,2,6,DLG,"Dillingham, AK",Alaska,32,32,64
2023,2,6,DLH,"Duluth, MN",Minnesota,157,158,315
2023,2,6,DRO,"Durango, CO",Colorado,295,295,590
2023,2,6,DSM,"Des Moines, IA",Iowa,1244,1245,2489
2023,2,6,DTW,"Detroit, MI",Michigan,10524,10522,21046
2023,2,6,DVL,"Devils Lake, ND",North Dakota,56,56,112
2023,2,6,ECP,"Panama City, FL",Florida,698,699,1397
2023,2,6,EGE,"Eagle, CO",Colorado,149,150,299
2023,2,6,EKO,"Elko, NV",Nevada,30,30,60
2023,2,6,ELM,"Elmira/Corning, NY",New York,79,79,158
2023,2,6,ELP,"El Paso, TX",Texas,1365,1365,2730
2023,2,6,ERI,"Erie, PA",Pennsylvania,2,1,3
2023,2,6,ESC,"Escanaba, MI",Michigan,60,60,120
2023,2,6,EUG,"Eugene, OR",Oregon,645,645,1290
2023,2,6,EVV,"Evansville, IN",Indiana,186,186,372
2023,2,6,EWN,"New Bern/Morehead/Beaufort, NC",North Carolina,8,8,16
2023,2,6,EWR,"Newark, NJ",New Jersey,11339,11351,22690
2023,2,6,EYW,"Key West, FL",Florida,465,465,930
2023,2,6,FAI,"Fairbanks, AK",Alaska,293,293,586
2023,2,6,FAR,"Fargo, ND",North Dakota,447,446,893
2023,2,6,FAT,"Fresno, CA",California,995,995,1990
2023,2,6,FAY,"Fayetteville, NC",North Carolina,150,150,300
2023,2,6,FCA,"Kalispell, MT",Montana,388,388,776
2023,2,6,FLG,"Flagstaff, AZ",Arizona,112,112,224
2023,2,6,FLL,"Fort Lauderdale, FL",Florida,6890,6888,13778
2023,2,6,FNT,"Flint, MI",Michigan,184,184,368
2023,2,6,FOD,"Fort Dodge, IA",Iowa,52,52,104
2023,2,6,FSD,"Sioux Falls, SD",South Dakota,578,578,1156
2023,2,6,FSM,"Fort Smith, AR",Arkansas,90,90,180
2023,2,6,FWA,"Fort Wayne, IN",Indiana,421,421,842
2023,2,6,GCC,"Gillette, WY",Wyoming,51,51,102
2023,2,6,GCK,"Garden City, KS",Kansas,60,60,120
2023,2,6,GEG,"Spokane, WA",Washington,1440,1438,2878
2023,2,6,GFK,"Grand Forks, ND",North Dakota,99,99,198
2023,2,6,GGG,"Longview, TX",Texas,60,60,120
2023,2,6,GJT,"Grand Junction, CO",Colorado,279,279,558
2023,2,6,GNV,"Gainesville, FL",Florida,198,198,396
2023,2,6,GPT,"Gulfport/Biloxi, MS",Mississippi,270,270,540
2023,2,6,GRB,"Green Bay, WI",Wisconsin,326,325,651
2023,2,6,GRI,"Grand Island, NE",Nebraska,76,76,152
2023,2,6,GRK,"Killeen, TX",Texas,141,142,283
2023,2,6,GRR,"Grand Rapids, MI",Michigan,1358,1359,2717
2023,2,6,GSO,"Greensboro/High Point, NC",North Carolina,916,919,1835
2023,2,6,GSP,"Greer, SC",South Carolina,1148,1150,2298
2023,2,6,GST,"Gustavus, AK",Alaska,30,30,60
2023,2,6,GTF,"Great Falls, MT",Montana,222,222,444
2023,2,6,GTR,"Columbus, MS",Mississippi,60,60,120
2023,2,6,GUC,"Gunnison, CO",Colorado,58,59,117
2023,2,6,GUM,"Guam, TT",U.S. Pacific Trust Territories and Possessions,68,68,136
2023,2,6,HDN,"Hayden, CO",Colorado,127,128,255
2023,2,6,HGR,"Hagerstown, MD",Maryland,27,27,54
2023,2,6,HHH,"Hilton Head, SC",South Carolina,238,238,476
2023,2,6,HIB,"Hibbing, MN",Minnesota,27,28,55
2023,2,6,HLN,"Helena, MT",Montana,135,135,270
2023,2,6,HNL,"Honolulu, HI",Hawaii,5198,5195,10393
2023,2,6,HOU,"Houston, TX",Texas,4516,4517,9033
2023,2,6,HPN,"White Plains, NY",New York,1137,1136,2273
2023,2,6,HRL,"Harlingen/San Benito, TX",Texas,291,291,582
2023,2,6,HSV,"Huntsville, AL",Alabama,655,658,1313
2023,2,6,HTS,"Ashland, WV",West Virginia,69,69,138
2023,2,6,HYA,"Hyannis, MA",Massachusetts,60,60,120
2023,2,6,HYS,"Hays, KS",Kansas,60,60,120
2023,2,6,IAD,"Washington, DC",Virginia,4369,4365,8734
2023,2,6,IAG,"Niagara Falls, NY",New York,21,21,42
2023,2,6,IAH,"Houston, TX",Texas,9385,9391,18776
2023,2,6,ICT,"Wichita, KS",Kansas,688,688,1376
2023,2,6,IDA,"Idaho Falls, ID",Idaho,296,297,593
2023,2,6,ILM,"Wilmington, NC",North Carolina,743,744,1487
2023,2,6,IMT,"Iron Mountain/Kingsfd, MI",Michigan,60,60,120
2023,2,6,IND,"Indianapolis, IN",Indiana,3861,3860,7721
2023,2,6,INL,"International Falls, MN",Minnesota,52,52,104
2023,2,6,ISP,"Islip, NY",New York,336,335,671
2023,2,6,ITH,"Ithaca/Cortland, NY",New York,60,60,120
2023,2,6,ITO,"Hilo, HI",Hawaii,625,624,1249
2023,2,6,JAC,"Jackson, WY",Wyoming,552,558,1110
2023,2,6,JAN,"Jackson/Vicksburg, MS",Mississippi,594,594,1188
2023,2,6,JAX,"Jacksonville, FL",Florida,2437,2436,4873
2023,2,6,JFK,"New York, NY",New York,11014,11021,22035
2023,2,6,JLN,"Joplin, MO",Missouri,52,52,104
2023,2,6,JMS,"Jamestown, ND",North Dakota,56,56,112
2023,2,6,JNU,"Juneau, AK",Alaska,494,494,988
2023,2,6,JST,"Johnstown, PA",Pennsylvania,60,60,120
2023,2,6,KOA,"Kona, HI",Hawaii,1477,1477,2954
2023,2,6,KTN,"Ketchikan, AK",Alaska,252,252,504
2023,2,6,LAN,"Lansing, MI",Michigan,90,90,180
2023,2,6,LAR,"Laramie, WY",Wyoming,52,52,104
2023,2,6,LAS,"Las Vegas, NV",Nevada,15535,15533,31068
2023,2,6,LAW,"Lawton/Fort Sill, OK",Oklahoma,90,90,180
2023,2,6,LAX,"Los Angeles, CA",California,16779,16783,33562
2023,2,6,LBB,"Lubbock, TX",Texas,477,478,955
2023,2,6,LBE,"Latrobe, PA",Pennsylvania,58,58,116
2023,2,6,LBF,"North Platte, NE",Nebraska,52,52,104
2023,2,6,LBL,"Liberal, KS",Kansas,52,52,104
2023,2,6,LCH,"Lake Charles, LA",Louisiana,82,82,164
2023,2,6,LCK,"Columbus, OH",Ohio,132,132,264
2023,2,6,LEX,"Lexington, KY",Kentucky,764,766,1530
2023,2,6,LFT,"Lafayette, LA",Louisiana,237,238,475
2023,2,6,LGA,"New York, NY",New York,13568,13570,27138
2023,2,6,LGB,"Long Beach, CA",California,1326,1326,2652
2023,2,6,LIH,"Lihue, HI",Hawaii,1360,1361,2721
2023,2,6,LIT,"Little Rock, AR",Arkansas,1002,1003,2005
2023,2,6,LNK,"Lincoln, NE",Nebraska,89,89,178
2023,2,6,LRD,"Laredo, TX",Texas,99,99,198
2023,2,6,LSE,"La Crosse, WI",Wisconsin,4,4,8
2023,2,6,LWS,"Lewiston, ID",Idaho,60,60,120
2023,2,6,MAF,"Midland/Odessa, TX",Texas,653,653,1306
2023,2,6,MBS,"Saginaw/Bay City/Midland, MI",Michigan,175,175,350
2023,2,6,MCI,"Kansas City, MO",Missouri,4187,4189,8376
2023,2,6,MCO,"Orlando, FL",Florida,13216,13205,26421
2023,2,6,MCW,"Mason City, IA",Iowa,52,52,104
2023,2,6,MDT,"Harrisburg, PA",Pennsylvania,525,525,1050
2023,2,6,MDW,"Chicago, IL",Illinois,7337,7341,14678
2023,2,6,MEI,"Meridian, MS",Mississippi,52,52,104
2023,2,6,MEM,"Memphis, TN",Tennessee,2003,2007,4010
2023,2,6,MFE,"Mission/McAllen/Edinburg, TX",Texas,276,274,550
2023,2,6,MFR,"Medford, OR",Oregon,395,395,790
2023,2,6,MGM,"Montgomery, AL",Alabama,202,202,404
2023,2,6,MHT,"Manchester, NH",New Hampshire,510,511,1021
2023,2,6,MIA,"Miami, FL",Florida,8211,8210,16421
2023,2,6,MKE,"Milwaukee, WI",Wisconsin,2064,2066,4130
2023,2,6,MLB,"Melbourne, FL",Florida,219,219,438
2023,2,6,MLI,"Moline, IL",Illinois,267,267,534
2023,2,6,MLU,"Monroe, LA",Louisiana,147,146,293
2023,2,6,MOB,"Mobile, AL",Alabama,206,206,412
2023,2,6,MOT,"Minot, ND",North Dakota,162,163,325
2023,2,6,MQT,"Marquette, MI",Michigan,60,60,120
2023,2,6,MRY,"Monterey, CA",California,356,356,712
2023,2,6,MSN,"Madison, WI",Wisconsin,869,868,1737
2023,2,6,MSO,"Missoula, MT",Montana,452,452,904
2023,2,6,MSP,"Minneapolis, MN",Minnesota,10470,10464,20934
2023,2,6,MSY,"New Orleans, LA",Louisiana,3988,3984,7972
2023,2,6,MTJ,"Montrose/Delta, CO",Colorado,193,193,386
2023,2,6,MVY,"Martha's Vineyard, MA",Massachusetts,256,256,512
2023,2,6,MYR,"Myrtle Beach, SC",South Carolina,1579,1580,3159
2023,2,6,OAJ,"Jacksonville/Camp Lejeune, NC",North Carolina,123,124,247
2023,2,6,OAK,"Oakland, CA",California,3857,3858,7715
2023,2,6,OGG,"Kahului, HI",Hawaii,2673,2673,5346
2023,2,6,OKC,"Oklahoma City, OK",Oklahoma,1846,1846,3692
2023,2,6,OMA,"Omaha, NE",Nebraska,1865,1865,3730
2023,2,6,OME,"Nome, AK",Alaska,46,46,92
2023,2,6,ONT,"Ontario, CA",California,1992,1990,3982
2023,2,6,ORD,"Chicago, IL",Illinois,22073,22082,44155
2023,2,6,ORF,"Norfolk, VA",Virginia,1927,1926,3853
2023,2,6,ORH,"Worcester, MA",Massachusetts,130,129,259
2023,2,6,OTH,"North Bend/Coos Bay, OR",Oregon,38,38,76
2023,2,6,OTZ,"Kotzebue, AK",Alaska,45,45,90
2023,2,6,PAE,"Everett, WA",Washington,16,16,32
2023,2,6,PBG,"Plattsburgh, NY",New York,25,25,50
2023,2,6,PBI,"West Palm Beach/Palm Beach, FL",Florida,1853,1850,3703
2023,2,6,PDX,"Portland, OR",Oregon,5141,5134,10275
2023,2,6,PGD,"Punta Gorda, FL",Florida,466,466,932
2023,2,6,PHL,"Philadelphia, PA",Pennsylvania,7759,7751,15510
2023,2,6,PHX,"Phoenix, AZ",Arizona,13355,13346,26701
2023,2,6,PIA,"Peoria, IL",Illinois,303,304,607
2023,2,6,PIB,"Hattiesburg/Laurel, MS",Mississippi,52,52,104
2023,2,6,PIE,"St. Petersburg, FL",Florida,786,786,1572
2023,2,6,PIH,"Pocatello, ID",Idaho,30,30,60
2023,2,6,PIT,"Pittsburgh, PA",Pennsylvania,3528,3530,7058
2023,2,6,PLN,"Pellston, MI",Michigan,53,53,106
2023,2,6,PNS,"Pensacola, FL",Florida,1059,1058,2117
2023,2,6,PPG,"Pago Pago, TT",U.S. Pacific Trust Territories and Possessions,13,13,26
2023,2,6,PRC,"Prescott, AZ",Arizona,60,60,120
2023,2,6,PSC,"Pasco/Kennewick/Richland, WA",Washington,492,493,985
2023,2,6,PSE,"Ponce, PR",Puerto Rico,103,103,206
2023,2,6,PSG,"Petersburg, AK",Alaska,60,60,120
2023,2,6,PSM,"Portsmouth, NH",New Hampshire,35,35,70
2023,2,6,PSP,"Palm Springs, CA",California,683,682,1365
2023,2,6,PVD,"Providence, RI",Rhode Island,1142,1139,2281
2023,2,6,PVU,"Provo, UT",Utah,171,171,342
2023,2,6,PWM,"Portland, ME",Maine,1173,1172,2345
2023,2,6,RAP,"Rapid City, SD",South Dakota,438,437,875
2023,2,6,RDD,"Redding, CA",California,142,142,284
2023,2,6,RDM,"Bend/Redmond, OR",Oregon,524,523,1047
2023,2,6,RDU,"Raleigh/Durham, NC",North Carolina,5082,5081,10163
2023,2,6,RFD,"Rockford, IL",Illinois,52,52,104
2023,2,6,RHI,"Rhinelander, WI",Wisconsin,60,61,121
2023,2,6,RIC,"Richmond, VA",Virginia,1592,1592,3184
2023,2,6,RIW,"Riverton/Lander, WY",Wyoming,40,40,80
2023,2,6,RKS,"Rock Springs, WY",Wyoming,39,39,78
2023,2,6,RNO,"Reno, NV",Nevada,1664,1667,3331
2023,2,6,ROA,"Roanoke, VA",Virginia,251,251,502
2023,2,6,ROC,"Rochester, NY",New York,1032,1031,2063
2023,2,6,ROW,"Roswell, NM",New Mexico,60,60,120
2023,2,6,RST,"Rochester, MN",Minnesota,61,60,121
2023,2,6,RSW,"Fort Myers, FL",Florida,2188,2187,4375
2023,2,6,SAF,"Santa Fe, NM",New Mexico,150,150,300
2023,2,6,SAN,"San Diego, CA",California,7841,7843,15684
2023,2,6,SAT,"San Antonio, TX",Texas,3328,3326,6654
2023,2,6,SAV,"Savannah, GA",Georgia,1544,1544,3088
2023,2,6,SBA,"Santa Barbara, CA",California,577,576,1153
2023,2,6,SBN,"South Bend, IN",Indiana,485,485,970
2023,2,6,SBP,"San Luis Obispo, CA",California,364,364,728
2023,2,6,SCC,"Deadhorse, AK",Alaska,35,35,70
2023,2,6,SCE,"State College, PA",Pennsylvania,96,95,191
2023,2,6,SCK,"Stockton, CA",California,48,48,96
2023,2,6,SDF,"Louisville, KY",Kentucky,2131,2132,4263
2023,2,6,SEA,"Seattle, WA",Washington,14679,14669,29348
2023,2,6,SFB,"Sanford, FL",Florida,857,858,1715
2023,2,6,SFO,"San Francisco, CA",California,11736,11725,23461
2023,2,6,SGF,"Springfield, MO",Missouri,638,639,1277
2023,2,6,SGU,"St. George, UT",Utah,182,182,364
2023,2,6,SHR,"Sheridan, WY",Wyoming,51,51,102
2023,2,6,SHV,"Shreveport, LA",Louisiana,338,338,676
2023,2,6,SIT,"Sitka, AK",Alaska,161,163,324
2023,2,6,SJC,"San Jose, CA",California,4504,4508,9012
2023,2,6,SJT,"San Angelo, TX",Texas,90,90,180
2023,2,6,SJU,"San Juan, PR",Puerto Rico,3020,3028,6048
2023,2,6,SLC,"Salt Lake City, UT",Utah,9124,9123,18247
2023,2,6,SLN,"Salina, KS",Kansas,60,60,120
2023,2,6,SMF,"Sacramento, CA",California,4500,4499,8999
2023,2,6,SMX,"Santa Maria, CA",California,9,9,18
2023,2,6,SNA,"Santa Ana, CA",California,3841,3840,7681
2023,2,6,SPI,"Springfield, IL",Illinois,10,9,19
2023,2,6,SPN,"Saipan, TT",U.S. Pacific Trust Territories and Possessions,38,38,76
2023,2,6,SPS,"Wichita Falls, TX",Texas,60,60,120
2023,2,6,SRQ,"Sarasota/Bradenton, FL",Florida,1097,1097,2194
2023,2,6,STL,"St. Louis, MO",Missouri,5194,5190,10384
2023,2,6,STS,"Santa Rosa, CA",California,291,291,582
2023,2,6,STT,"Charlotte Amalie, VI",U.S. Virgin Islands,388,388,776
2023,2,6,STX,"Christiansted, VI",U.S. Virgin Islands,98,98,196
2023,2,6,SUN,"Sun Valley/Hailey/Ketchum, ID",Idaho,119,120,239
2023,2,6,SUX,"Sioux City, IA",Iowa,60,60,120
2023,2,6,SWF,"Newburgh/Poughkeepsie, NY",New York,36,36,72
2023,2,6,SWO,"Stillwater, OK",Oklahoma,60,60,120
2023,2,6,SYR,"Syracuse, NY",New York,1086,1086,2172
2023,2,6,TLH,"Tallahassee, FL",Florida,382,382,764
2023,2,6,TOL,"Toledo, OH",Ohio,26,26,52
2023,2,6,TPA,"Tampa, FL",Florida,6201,6196,12397
2023,2,6,TRI,"Bristol/Johnson City/Kingsport, TN",Tennessee,238,241,479
2023,2,6,TTN,"Trenton, NJ",New Jersey,167,166,333
2023,2,6,TUL,"Tulsa, OK",Oklahoma,1432,1432,2864
2023,2,6,TUS,"Tucson, AZ",Arizona,1187,1186,2373
2023,2,6,TVC,"Traverse City, MI",Michigan,513,515,1028
2023,2,6,TWF,"Twin Falls, ID",Idaho,30,30,60
2023,2,6,TXK,"Texarkana, AR",Arkansas,90,90,180
2023,2,6,TYR,"Tyler, TX",Texas,90,90,180
2023,2,6,TYS,"Knoxville, TN",Tennessee,1214,1214,2428
2023,2,6,USA,"Concord, NC",North Carolina,63,63,126
2023,2,6,VCT,"Victoria, TX",Texas,52,52,104
2023,2,6,VEL,"Vernal, UT",Utah,52,52,104
2023,2,6,VLD,"Valdosta, GA",Georgia,60,60,120
2023,2,6,VPS,"Valparaiso, FL",Florida,1034,1034,2068
2023,2,6,WRG,"Wrangell, AK",Alaska,60,60,120
2023,2,6,WYS,"West Yellowstone, MT",Montana,60,60,120
2023,2,6,XNA,"Fayetteville, AR",Arkansas,1022,1021,2043
2023,2,6,XWA,"Williston, ND",North Dakota,140,140,280
2023,2,6,YAK,"Yakutat, AK",Alaska,60,60,120
2023,2,6,YUM,"Yuma, AZ",Arizona,145,146,291
2023,3,7,ABE,"Allentown/Bethlehem/Easton, PA",Pennsylvania,422,422,844
2023,3,7,ABI,"Abilene, TX",Texas,119,119,238
2023,3,7,ABQ,"Albuquerque, NM",New Mexico,2044,2043,4087
2023,3,7,ABR,"Aberdeen, SD",South Dakota,62,62,124
2023,3,7,ABY,"Albany, GA",Georgia,62,62,124
2023,3,7,ACK,"Nantucket, MA",Massachusetts,436,436,872
2023,3,7,ACT,"Waco, TX",Texas,92,92,184
2023,3,7,ACV,"Arcata/Eureka, CA",California,145,145,290
2023,3,7,ACY,"Atlantic City, NJ",New Jersey,213,213,426
2023,3,7,ADK,"Adak Island, AK",Alaska,9,9,18
2023,3,7,ADQ,"Kodiak, AK",Alaska,80,80,160
2023,3,7,AEX,"Alexandria, LA",Louisiana,155,155,310
2023,3,7,AGS,"Augusta, GA",Georgia,268,267,535
2023,3,7,AKN,"King Salmon, AK",Alaska,54,54,108
2023,3,7,ALB,"Albany, NY",New York,1025,1026,2051
2023,3,7,ALW,"Walla Walla, WA",Washington,31,31,62
2023,3,7,AMA,"Amarillo, TX",Texas,517,517,1034
2023,3,7,ANC,"Anchorage, AK",Alaska,2103,2106,4209
2023,3,7,ASE,"Aspen, CO",Colorado,625,626,1251
2023,3,7,ATL,"Atlanta, GA",Georgia,29919,29915,59834
2023,3,7,ATW,"Appleton, WI",Wisconsin,451,451,902
2023,3,7,AUS,"Austin, TX",Texas,8059,8058,16117
2023,3,7,AVL,"Asheville, NC",North Carolina,1119,1119,2238
2023,3,7,AVP,"Scranton/Wilkes-Barre, PA",Pennsylvania,165,165,330
2023,3,7,AZA,"Phoenix, AZ",Arizona,434,434,868
2023,3,7,AZO,"Kalamazoo, MI",Michigan,62,62,124
2023,3,7,BDL,"Hartford, CT",Connecticut,1775,1776,3551
2023,3,7,BET,"Bethel, AK",Alaska,62,62,124
2023,3,7,BFF,"Scottsbluff, NE",Nebraska,54,54,108
2023,3,7,BFL,"Bakersfield, CA",California,238,238,476
2023,3,7,BGM,"Binghamton, NY",New York,55,55,110
2023,3,7,BGR,"Bangor, ME",Maine,525,525,1050
2023,3,7,BHM,"Birmingham, AL",Alabama,1378,1378,2756
2023,3,7,BIH,"Bishop, CA",California,31,31,62
2023,3,7,BIL,"Billings, MT",Montana,350,350,700
2023,3,7,BIS,"Bismarck/Mandan, ND",North Dakota,308,308,616
2023,3,7,BJI,"Bemidji, MN",Minnesota,51,50,101
2023,3,7,BLI,"Bellingham, WA",Washington,240,240,480
2023,3,7,BLV,"Belleville, IL",Illinois,133,133,266
2023,3,7,BMI,"Bloomington/Normal, IL",Illinois,164,164,328
2023,3,7,BNA,"Nashville, TN",Tennessee,8322,8322,16644
2023,3,7,BOI,"Boise, ID",Idaho,1823,1823,3646
2023,3,7,BOS,"Boston, MA",Massachusetts,12133,12135,24268
2023,3,7,BPT,"Beaumont/Port Arthur, TX",Texas,62,62,124
2023,3,7,BQK,"Brunswick, GA",Georgia,62,62,124
2023,3,7,BQN,"Aguadilla, PR",Puerto Rico,303,304,607
2023,3,7,BRD,"Brainerd, MN",Minnesota,53,53,106
2023,3,7,BRO,"Brownsville, TX",Texas,141,142,283
2023,3,7,BRW,"Barrow, AK",Alaska,31,31,62
2023,3,7,BTM,"Butte, MT",Montana,58,58,116
2023,3,7,BTR,"Baton Rouge, LA",Louisiana,410,411,821
2023,3,7,BTV,"Burlington, VT",Vermont,724,724,1448
2023,3,7,BUF,"Buffalo, NY",New York,1789,1791,3580
2023,3,7,BUR,"Burbank, CA",California,2570,2571,5141
2023,3,7,BWI,"Baltimore, MD",Maryland,8471,8466,16937
2023,3,7,BZN,"Bozeman, MT",Montana,970,969,1939
2023,3,7,CAE,"Columbia, SC",South Carolina,579,580,1159
2023,3,7,CAK,"Akron, OH",Ohio,313,313,626
2023,3,7,CDC,"Cedar City, UT",Utah,53,53,106
2023,3,7,CDV,"Cordova, AK",Alaska,62,62,124
2023,3,7,CHA,"Chattanooga, TN",Tennessee,541,540,1081
2023,3,7,CHO,"Charlottesville, VA",Virginia,285,285,570
2023,3,7,CHS,"Charleston, SC",South Carolina,2284,2285,4569
2023,3,7,CID,"Cedar Rapids/Iowa City, IA",Iowa,666,665,1331
2023,3,7,CIU,"Sault Ste. Marie, MI",Michigan,61,62,123
2023,3,7,CKB,"Clarksburg/Fairmont, WV",West Virginia,32,32,64
2023,3,7,CLE,"Cleveland, OH",Ohio,3686,3685,7371
2023,3,7,CLL,"College Station/Bryan, TX",Texas,92,92,184
2023,3,7,CLT,"Charlotte, NC",North Carolina,16976,16981,33957
2023,3,7,CMH,"Columbus, OH",Ohio,3745,3746,7491
2023,3,7,CMI,"Champaign/Urbana, IL",Illinois,124,124,248
2023,3,7,CMX,"Hancock/Houghton, MI",Michigan,62,62,124
2023,3,7,CNY,"Moab, UT",Utah,54,54,108
2023,3,7,COS,"Colorado Springs, CO",Colorado,1054,1055,2109
2023,3,7,COU,"Columbia, MO",Missouri,114,115,229
2023,3,7,CPR,"Casper, WY",Wyoming,122,122,244
2023,3,7,CRP,"Corpus Christi, TX",Texas,383,383,766
2023,3,7,CRW,"Charleston/Dunbar, WV",West Virginia,330,330,660
2023,3,7,CSG,"Columbus, GA",Georgia,82,82,164
2023,3,7,CVG,"Cincinnati, OH",Kentucky,3583,3584,7167
2023,3,7,CWA,"Mosinee, WI",Wisconsin,67,67,134
2023,3,7,DAB,"Daytona Beach, FL",Florida,238,238,476
2023,3,7,DAL,"Dallas, TX",Texas,6506,6506,13012
2023,3,7,DAY,"Dayton, OH",Ohio,684,683,1367
2023,3,7,DCA,"Washington, DC",Virginia,11566,11570,23136
2023,3,7,DDC,"Dodge City, KS",Kansas,53,53,106
2023,3,7,DEC,"Decatur, IL",Illinois,84,84,168
2023,3,7,DEN,"Denver, CO",Colorado,25684,25681,51365
2023,3,7,DFW,"Dallas/Fort Worth, TX",Texas,26010,26009,52019
2023,3,7,DHN,"Dothan, AL",Alabama,62,62,124
2023,3,7,DIK,"Dickinson, ND",North Dakota,58,58,116
2023,3,7,DLG,"Dillingham, AK",Alaska,34,34,68
2023,3,7,DLH,"Duluth, MN",Minnesota,203,203,406
2023,3,7,DRO,"Durango, CO",Colorado,295,295,590
2023,3,7,DSM,"Des Moines, IA",Iowa,1290,1290,2580
2023,3,7,DTW,"Detroit, MI",Michigan,10999,10999,21998
2023,3,7,DVL,"Devils Lake, ND",North Dakota,58,58,116
2023,3,7,ECP,"Panama City, FL",Florida,804,804,1608
2023,3,7,EGE,"Eagle, CO",Colorado,155,155,310
2023,3,7,EKO,"Elko, NV",Nevada,31,31,62
2023,3,7,ELM,"Elmira/Corning, NY",New York,85,85,170
2023,3,7,ELP,"El Paso, TX",Texas,1470,1470,2940
2023,3,7,ESC,"Escanaba, MI",Michigan,54,54,108
2023,3,7,EUG,"Eugene, OR",Oregon,693,693,1386
2023,3,7,EVV,"Evansville, IN",Indiana,180,180,360
2023,3,7,EWN,"New Bern/Morehead/Beaufort, NC",North Carolina,5,5,10
2023,3,7,EWR,"Newark, NJ",New Jersey,11646,11651,23297
2023,3,7,EYW,"Key West, FL",Florida,479,479,958
2023,3,7,FAI,"Fairbanks, AK",Alaska,346,346,692
2023,3,7,FAR,"Fargo, ND",North Dakota,510,510,1020
2023,3,7,FAT,"Fresno, CA",California,1056,1056,2112
2023,3,7,FAY,"Fayetteville, NC",North Carolina,154,154,308
2023,3,7,FCA,"Kalispell, MT",Montana,487,488,975
2023,3,7,FLG,"Flagstaff, AZ",Arizona,88,88,176
2023,3,7,FLL,"Fort Lauderdale, FL",Florida,7137,7137,14274
2023,3,7,FNT,"Flint, MI",Michigan,185,185,370
2023,3,7,FOD,"Fort Dodge, IA",Iowa,53,53,106
2023,3,7,FSD,"Sioux Falls, SD",South Dakota,538,537,1075
2023,3,7,FSM,"Fort Smith, AR",Arkansas,112,112,224
2023,3,7,FWA,"Fort Wayne, IN",Indiana,382,381,763
2023,3,7,GCC,"Gillette, WY",Wyoming,54,54,108
2023,3,7,GCK,"Garden City, KS",Kansas,62,62,124
2023,3,7,GEG,"Spokane, WA",Washington,1443,1444,2887
2023,3,7,GFK,"Grand Forks, ND",North Dakota,102,102,204
2023,3,7,GGG,"Longview, TX",Texas,62,62,124
2023,3,7,GJT,"Grand Junction, CO",Colorado,260,260,520
2023,3,7,GNV,"Gainesville, FL",Florida,207,207,414
2023,3,7,GPT,"Gulfport/Biloxi, MS",Mississippi,278,278,556
2023,3,7,GRB,"Green Bay, WI",Wisconsin,325,325,650
2023,3,7,GRI,"Grand Island, NE",Nebraska,80,80,160
2023,3,7,GRK,"Killeen, TX",Texas,151,151,302
2023,3,7,GRR,"Grand Rapids, MI",Michigan,1451,1451,2902
2023,3,7,GSO,"Greensboro/High Point, NC",North Carolina,940,940,1880
2023,3,7,GSP,"Greer, SC",South Carolina,1164,1164,2328
2023,3,7,GST,"Gustavus, AK",Alaska,31,31,62
2023,3,7,GTF,"Great Falls, MT",Montana,226,226,452
2023,3,7,GTR,"Columbus, MS",Mississippi,62,62,124
2023,3,7,GUC,"Gunnison, CO",Colorado,62,62,124
2023,3,7,GUM,"Guam, TT",U.S. Pacific Trust Territories and Possessions,71,71,142
2023,3,7,HDN,"Hayden, CO",Colorado,134,133,267
2023,3,7,HGR,"Hagerstown, MD",Maryland,27,27,54
2023,3,7,HHH,"Hilton Head, SC",South Carolina,256,256,512
2023,3,7,HIB,"Hibbing, MN",Minnesota,55,54,109
2023,3,7,HLN,"Helena, MT",Montana,155,155,310
2023,3,7,HNL,"Honolulu, HI",Hawaii,5424,5427,10851
2023,3,7,HOU,"Houston, TX",Texas,4839,4837,9676
2023,3,7,HPN,"White Plains, NY",New York,970,968,1938
2023,3,7,HRL,"Harlingen/San Benito, TX",Texas,299,299,598
2023,3,7,HSV,"Huntsville, AL",Alabama,711,711,1422
2023,3,7,HTS,"Ashland, WV",West Virginia,74,74,148
2023,3,7,HYA,"Hyannis, MA",Massachusetts,62,62,124
2023,3,7,HYS,"Hays, KS",Kansas,62,62,124
2023,3,7,IAD,"Washington, DC",Virginia,4517,4515,9032
2023,3,7,IAG,"Niagara Falls, NY",New York,27,27,54
2023,3,7,IAH,"Houston, TX",Texas,9775,9775,19550
2023,3,7,ICT,"Wichita, KS",Kansas,697,697,1394
2023,3,7,IDA,"Idaho Falls, ID",Idaho,254,254,508
2023,3,7,ILM,"Wilmington, NC",North Carolina,783,784,1567
2023,3,7,IMT,"Iron Mountain/Kingsfd, MI",Michigan,61,62,123
2023,3,7,IND,"Indianapolis, IN",Indiana,4046,4047,8093
2023,3,7,INL,"International Falls, MN",Minnesota,54,54,108
2023,3,7,ISP,"Islip, NY",New York,377,378,755
2023,3,7,ITH,"Ithaca/Cortland, NY",New York,62,62,124
2023,3,7,ITO,"Hilo, HI",Hawaii,656,656,1312
2023,3,7,JAC,"Jackson, WY",Wyoming,606,605,1211
2023,3,7,JAN,"Jackson/Vicksburg, MS",Mississippi,610,609,1219
2023,3,7,JAX,"Jacksonville, FL",Florida,2466,2468,4934
2023,3,7,JFK,"New York, NY",New York,11188,11187,22375
2023,3,7,JLN,"Joplin, MO",Missouri,54,54,108
2023,3,7,JMS,"Jamestown, ND",North Dakota,58,58,116
2023,3,7,JNU,"Juneau, AK",Alaska,520,520,1040
2023,3,7,JST,"Johnstown, PA",Pennsylvania,62,62,124
2023,3,7,KOA,"Kona, HI",Hawaii,1534,1534,3068
2023,3,7,KTN,"Ketchikan, AK",Alaska,279,279,558
2023,3,7,LAN,"Lansing, MI",Michigan,91,91,182
2023,3,7,LAR,"Laramie, WY",Wyoming,53,53,106
2023,3,7,LAS,"Las Vegas, NV",Nevada,15879,15880,31759
2023,3,7,LAW,"Lawton/Fort Sill, OK",Oklahoma,92,92,184
2023,3,7,LAX,"Los Angeles, CA",California,17523,17518,35041
2023,3,7,LBB,"Lubbock, TX",Texas,519,519,1038
2023,3,7,LBE,"Latrobe, PA",Pennsylvania,62,62,124
2023,3,7,LBF,"North Platte, NE",Nebraska,54,54,108
2023,3,7,LBL,"Liberal, KS",Kansas,53,53,106
2023,3,7,LCH,"Lake Charles, LA",Louisiana,85,85,170
2023,3,7,LCK,"Columbus, OH",Ohio,143,143,286
2023,3,7,LEX,"Lexington, KY",Kentucky,712,711,1423
2023,3,7,LFT,"Lafayette, LA",Louisiana,285,284,569
2023,3,7,LGA,"New York, NY",New York,13377,13379,26756
2023,3,7,LGB,"Long Beach, CA",California,1420,1421,2841
2023,3,7,LIH,"Lihue, HI",Hawaii,1427,1426,2853
2023,3,7,LIT,"Little Rock, AR",Arkansas,1095,1096,2191
2023,3,7,LNK,"Lincoln, NE",Nebraska,93,93,186
2023,3,7,LRD,"Laredo, TX",Texas,122,122,244
2023,3,7,LWS,"Lewiston, ID",Idaho,62,62,124
2023,3,7,MAF,"Midland/Odessa, TX",Texas,772,772,1544
2023,3,7,MBS,"Saginaw/Bay City/Midland, MI",Michigan,118,118,236
2023,3,7,MCI,"Kansas City, MO",Missouri,4485,4484,8969
2023,3,7,MCO,"Orlando, FL",Florida,13770,13772,27542
2023,3,7,MCW,"Mason City, IA",Iowa,53,53,106
2023,3,7,MDT,"Harrisburg, PA",Pennsylvania,569,569,1138
2023,3,7,MDW,"Chicago, IL",Illinois,7942,7938,15880
2023,3,7,MEI,"Meridian, MS",Mississippi,53,53,106
2023,3,7,MEM,"Memphis, TN",Tennessee,2031,2031,4062
2023,3,7,MFE,"Mission/McAllen/Edinburg, TX",Texas,265,264,529
2023,3,7,MFR,"Medford, OR",Oregon,401,401,802
2023,3,7,MGM,"Montgomery, AL",Alabama,206,206,412
2023,3,7,MHT,"Manchester, NH",New Hampshire,592,593,1185
2023,3,7,MIA,"Miami, FL",Florida,8623,8618,17241
2023,3,7,MKE,"Milwaukee, WI",Wisconsin,2291,2291,4582
2023,3,7,MLB,"Melbourne, FL",Florida,225,225,450
2023,3,7,MLI,"Moline, IL",Illinois,274,274,548
2023,3,7,MLU,"Monroe, LA",Louisiana,167,167,334
2023,3,7,MOB,"Mobile, AL",Alabama,225,225,450
2023,3,7,MOT,"Minot, ND",North Dakota,185,185,370
2023,3,7,MQT,"Marquette, MI",Michigan,85,85,170
2023,3,7,MRY,"Monterey, CA",California,375,375,750
2023,3,7,MSN,"Madison, WI",Wisconsin,903,904,1807
2023,3,7,MSO,"Missoula, MT",Montana,505,506,1011
2023,3,7,MSP,"Minneapolis, MN",Minnesota,11138,11143,22281
2023,3,7,MSY,"New Orleans, LA",Louisiana,4052,4053,8105
2023,3,7,MTJ,"Montrose/Delta, CO",Colorado,217,217,434
2023,3,7,MVY,"Martha's Vineyard, MA",Massachusetts,339,339,678
2023,3,7,MYR,"Myrtle Beach, SC",South Carolina,1765,1764,3529
2023,3,7,OAJ,"Jacksonville/Camp Lejeune, NC",North Carolina,128,128,256
2023,3,7,OAK,"Oakland, CA",California,4053,4054,8107
2023,3,7,OGG,"Kahului, HI",Hawaii,2786,2787,5573
2023,3,7,OKC,"Oklahoma City, OK",Oklahoma,1912,1913,3825
2023,3,7,OMA,"Omaha, NE",Nebraska,1933,1932,3865
2023,3,7,OME,"Nome, AK",Alaska,35,35,70
2023,3,7,ONT,"Ontario, CA",California,2138,2140,4278
2023,3,7,ORD,"Chicago, IL",Illinois,22796,22788,45584
2023,3,7,ORF,"Norfolk, VA",Virginia,2034,2032,4066
2023,3,7,ORH,"Worcester, MA",Massachusetts,120,119,239
2023,3,7,OTH,"North Bend/Coos Bay, OR",Oregon,40,40,80
2023,3,7,OTZ,"Kotzebue, AK",Alaska,31,31,62
2023,3,7,PBG,"Plattsburgh, NY",New York,40,40,80
2023,3,7,PBI,"West Palm Beach/Palm Beach, FL",Florida,1835,1835,3670
2023,3,7,PDX,"Portland, OR",Oregon,5195,5198,10393
2023,3,7,PGD,"Punta Gorda, FL",Florida,502,502,1004
2023,3,7,PHL,"Philadelphia, PA",Pennsylvania,8309,8308,16617
2023,3,7,PHX,"Phoenix, AZ",Arizona,14037,14032,28069
2023,3,7,PIA,"Peoria, IL",Illinois,314,314,628
2023,3,7,PIB,"Hattiesburg/Laurel, MS",Mississippi,53,53,106
2023,3,7,PIE,"St. Petersburg, FL",Florida,823,823,1646
2023,3,7,PIH,"Pocatello, ID",Idaho,31,31,62
2023,3,7,PIT,"Pittsburgh, PA",Pennsylvania,3612,3613,7225
2023,3,7,PLN,"Pellston, MI",Michigan,85,85,170
2023,3,7,PNS,"Pensacola, FL",Florida,1134,1134,2268
2023,3,7,PPG,"Pago Pago, TT",U.S. Pacific Trust Territories and Possessions,13,13,26
2023,3,7,PRC,"Prescott, AZ",Arizona,62,62,124
2023,3,7,PSC,"Pasco/Kennewick/Richland, WA",Washington,516,516,1032
2023,3,7,PSE,"Ponce, PR",Puerto Rico,105,105,210
2023,3,7,PSG,"Petersburg, AK",Alaska,62,62,124
2023,3,7,PSM,"Portsmouth, NH",New Hampshire,36,36,72
2023,3,7,PSP,"Palm Springs, CA",California,679,679,1358
2023,3,7,PVD,"Providence, RI",Rhode Island,1207,1206,2413
2023,3,7,PVU,"Provo, UT",Utah,180,180,360
2023,3,7,PWM,"Portland, ME",Maine,1213,1214,2427
2023,3,7,RAP,"Rapid City, SD",South Dakota,383,383,766
2023,3,7,RDD,"Redding, CA",California,144,144,288
2023,3,7,RDM,"Bend/Redmond, OR",Oregon,511,511,1022
2023,3,7,RDU,"Raleigh/Durham, NC",North Carolina,5366,5366,10732
2023,3,7,RFD,"Rockford, IL",Illinois,53,53,106
2023,3,7,RHI,"Rhinelander, WI",Wisconsin,62,62,124
2023,3,7,RIC,"Richmond, VA",Virginia,1658,1658,3316
2023,3,7,RIW,"Riverton/Lander, WY",Wyoming,39,39,78
2023,3,7,RKS,"Rock Springs, WY",Wyoming,39,39,78
2023,3,7,RNO,"Reno, NV",Nevada,1831,1834,3665
2023,3,7,ROA,"Roanoke, VA",Virginia,252,252,504
2023,3,7,ROC,"Rochester, NY",New York,1075,1076,2151
2023,3,7,ROW,"Roswell, NM",New Mexico,62,62,124
2023,3,7,RST,"Rochester, MN",Minnesota,62,62,124
2023,3,7,RSW,"Fort Myers, FL",Florida,2270,2270,4540
2023,3,7,SAF,"Santa Fe, NM",New Mexico,154,154,308
2023,3,7,SAN,"San Diego, CA",California,8128,8129,16257
2023,3,7,SAT,"San Antonio, TX",Texas,3481,3480,6961
2023,3,7,SAV,"Savannah, GA",Georgia,1653,1653,3306
2023,3,7,SBA,"Santa Barbara, CA",California,616,617,1233
2023,3,7,SBN,"South Bend, IN",Indiana,501,501,1002
2023,3,7,SBP,"San Luis Obispo, CA",California,433,433,866
2023,3,7,SCC,"Deadhorse, AK",Alaska,34,34,68
2023,3,7,SCE,"State College, PA",Pennsylvania,93,93,186
2023,3,7,SCK,"Stockton, CA",California,49,49,98
2023,3,7,SDF,"Louisville, KY",Kentucky,2159,2158,4317
2023,3,7,SEA,"Seattle, WA",Washington,15666,15672,31338
2023,3,7,SFB,"Sanford, FL",Florida,916,916,1832
2023,3,7,SFO,"San Francisco, CA",California,12201,12195,24396
2023,3,7,SGF,"Springfield, MO",Missouri,669,668,1337
2023,3,7,SGU,"St. George, UT",Utah,178,178,356
2023,3,7,SHR,"Sheridan, WY",Wyoming,54,54,108
2023,3,7,SHV,"Shreveport, LA",Louisiana,349,349,698
2023,3,7,SIT,"Sitka, AK",Alaska,186,186,372
2023,3,7,SJC,"San Jose, CA",California,4575,4575,9150
2023,3,7,SJT,"San Angelo, TX",Texas,92,92,184
2023,3,7,SJU,"San Juan, PR",Puerto Rico,3227,3225,6452
2023,3,7,SLC,"Salt Lake City, UT",Utah,9648,9646,19294
2023,3,7,SLN,"Salina, KS",Kansas,62,62,124
2023,3,7,SMF,"Sacramento, CA",California,4565,4567,9132
2023,3,7,SMX,"Santa Maria, CA",California,9,9,18
2023,3,7,SNA,"Santa Ana, CA",California,3900,3900,7800
2023,3,7,SPI,"Springfield, IL",Illinois,9,9,18
2023,3,7,SPN,"Saipan, TT",U.S. Pacific Trust Territories and Possessions,40,40,80
2023,3,7,SPS,"Wichita Falls, TX",Texas,62,62,124
2023,3,7,SRQ,"Sarasota/Bradenton, FL",Florida,1130,1129,2259
2023,3,7,STL,"St. Louis, MO",Missouri,5495,5496,10991
2023,3,7,STS,"Santa Rosa, CA",California,275,275,550
2023,3,7,STT,"Charlotte Amalie, VI",U.S. Virgin Islands,416,416,832
2023,3,7,STX,"Christiansted, VI",U.S. Virgin Islands,102,102,204
2023,3,7,SUN,"Sun Valley/Hailey/Ketchum, ID",Idaho,187,187,374
2023,3,7,SUX,"Sioux City, IA",Iowa,62,62,124
2023,3,7,SWF,"Newburgh/Poughkeepsie, NY",New York,46,46,92
2023,3,7,SWO,"Stillwater, OK",Oklahoma,62,62,124
2023,3,7,SYR,"Syracuse, NY",New York,1156,1156,2312
2023,3,7,TLH,"Tallahassee, FL",Florida,381,381,762
2023,3,7,TOL,"Toledo, OH",Ohio,27,27,54
2023,3,7,TPA,"Tampa, FL",Florida,6441,6444,12885
2023,3,7,TRI,"Bristol/Johnson City/Kingsport, TN",Tennessee,202,200,402
2023,3,7,TTN,"Trenton, NJ",New Jersey,189,188,377
2023,3,7,TUL,"Tulsa, OK",Oklahoma,1490,1491,2981
2023,3,7,TUS,"Tucson, AZ",Arizona,1261,1262,2523
2023,3,7,TVC,"Traverse City, MI",Michigan,618,617,1235
2023,3,7,TWF,"Twin Falls, ID",Idaho,31,31,62
2023,3,7,TXK,"Texarkana, AR",Arkansas,92,92,184
2023,3,7,TYR,"Tyler, TX",Texas,92,92,184
2023,3,7,TYS,"Knoxville, TN",Tennessee,1353,1354,2707
2023,3,7,USA,"Concord, NC",North Carolina,63,63,126
2023,3,7,VCT,"Victoria, TX",Texas,53,53,106
2023,3,7,VEL,"Vernal, UT",Utah,53,53,106
2023,3,7,VLD,"Valdosta, GA",Georgia,62,62,124
2023,3,7,VPS,"Valparaiso, FL",Florida,1099,1098,2197
2023,3,7,WRG,"Wrangell, AK",Alaska,62,62,124
2023,3,7,WYS,"West Yellowstone, MT",Montana,64,64,128
2023,3,7,XNA,"Fayetteville, AR",Arkansas,1048,1048,2096
2023,3,7,XWA,"Williston, ND",North Dakota,142,142,284
2023,3,7,YAK,"Yakutat, AK",Alaska,62,62,124
2023,3,7,YUM,"Yuma, AZ",Arizona,146,146,292
2023,3,8,ABE,"Allentown/Bethlehem/Easton, PA",Pennsylvania,398,398,796
2023,3,8,ABI,"Abilene, TX",Texas,122,122,244
2023,3,8,ABQ,"Albuquerque, NM",New Mexico,2172,2171,4343
2023,3,8,ABR,"Aberdeen, SD",South Dakota,62,62,124
2023,3,8,ABY,"Albany, GA",Georgia,62,62,124
2023,3,8,ACK,"Nantucket, MA",Massachusetts,406,406,812
2023,3,8,ACT,"Waco, TX",Texas,93,93,186
2023,3,8,ACV,"Arcata/Eureka, CA",California,88,88,176
2023,3,8,ACY,"Atlantic City, NJ",New Jersey,248,248,496
2023,3,8,ADK,"Adak Island, AK",Alaska,9,9,18
2023,3,8,ADQ,"Kodiak, AK",Alaska,79,79,158
2023,3,8,AEX,"Alexandria, LA",Louisiana,155,155,310
2023,3,8,AGS,"Augusta, GA",Georgia,265,265,530
2023,3,8,AKN,"King Salmon, AK",Alaska,39,39,78
2023,3,8,ALB,"Albany, NY",New York,1072,1072,2144
2023,3,8,ALW,"Walla Walla, WA",Washington,31,31,62
2023,3,8,AMA,"Amarillo, TX",Texas,535,535,1070
2023,3,8,ANC,"Anchorage, AK",Alaska,2104,2104,4208
2023,3,8,APN,"Alpena, MI",Michigan,27,27,54
2023,3,8,ASE,"Aspen, CO",Colorado,628,627,1255
2023,3,8,ATL,"Atlanta, GA",Georgia,29431,29428,58859
2023,3,8,ATW,"Appleton, WI",Wisconsin,431,431,862
2023,3,8,AUS,"Austin, TX",Texas,8137,8135,16272
2023,3,8,AVL,"Asheville, NC",North Carolina,1063,1063,2126
2023,3,8,AVP,"Scranton/Wilkes-Barre, PA",Pennsylvania,180,180,360
2023,3,8,AZA,"Phoenix, AZ",Arizona,358,358,716
2023,3,8,AZO,"Kalamazoo, MI",Michigan,62,62,124
2023,3,8,BDL,"Hartford, CT",Connecticut,1832,1832,3664
2023,3,8,BET,"Bethel, AK",Alaska,62,62,124
2023,3,8,BFF,"Scottsbluff, NE",Nebraska,35,35,70
2023,3,8,BFL,"Bakersfield, CA",California,247,247,494
2023,3,8,BGM,"Binghamton, NY",New York,58,58,116
2023,3,8,BGR,"Bangor, ME",Maine,541,541,1082
2023,3,8,BHM,"Birmingham, AL",Alabama,1416,1417,2833
2023,3,8,BIH,"Bishop, CA",California,31,31,62
2023,3,8,BIL,"Billings, MT",Montana,339,339,678
2023,3,8,BIS,"Bismarck/Mandan, ND",North Dakota,289,288,577
2023,3,8,BJI,"Bemidji, MN",Minnesota,60,60,120
2023,3,8,BLI,"Bellingham, WA",Washington,231,231,462
2023,3,8,BLV,"Belleville, IL",Illinois,85,85,170
2023,3,8,BMI,"Bloomington/Normal, IL",Illinois,163,163,326
2023,3,8,BNA,"Nashville, TN",Tennessee,8203,8202,16405
2023,3,8,BOI,"Boise, ID",Idaho,1777,1776,3553
2023,3,8,BOS,"Boston, MA",Massachusetts,12389,12390,24779
2023,3,8,BPT,"Beaumont/Port Arthur, TX",Texas,62,62,124
2023,3,8,BQK,"Brunswick, GA",Georgia,61,62,123
2023,3,8,BQN,"Aguadilla, PR",Puerto Rico,310,310,620
2023,3,8,BRD,"Brainerd, MN",Minnesota,53,53,106
2023,3,8,BRO,"Brownsville, TX",Texas,125,124,249
2023,3,8,BRW,"Barrow, AK",Alaska,31,31,62
2023,3,8,BTM,"Butte, MT",Montana,57,57,114
2023,3,8,BTR,"Baton Rouge, LA",Louisiana,445,445,890
2023,3,8,BTV,"Burlington, VT",Vermont,729,729,1458
2023,3,8,BUF,"Buffalo, NY",New York,1878,1876,3754
2023,3,8,BUR,"Burbank, CA",California,2564,2563,5127
2023,3,8,BWI,"Baltimore, MD",Maryland,8507,8506,17013
2023,3,8,BZN,"Bozeman, MT",Montana,980,980,1960
2023,3,8,CAE,"Columbia, SC",South Carolina,541,539,1080
2023,3,8,CAK,"Akron, OH",Ohio,301,302,603
2023,3,8,CDC,"Cedar City, UT",Utah,53,53,106
2023,3,8,CDV,"Cordova, AK",Alaska,62,62,124
2023,3,8,CHA,"Chattanooga, TN",Tennessee,572,572,1144
2023,3,8,CHO,"Charlottesville, VA",Virginia,272,272,544
2023,3,8,CHS,"Charleston, SC",South Carolina,2217,2215,4432
2023,3,8,CID,"Cedar Rapids/Iowa City, IA",Iowa,592,591,1183
2023,3,8,CIU,"Sault Ste. Marie, MI",Michigan,62,62,124
2023,3,8,CKB,"Clarksburg/Fairmont, WV",West Virginia,19,19,38
2023,3,8,CLE,"Cleveland, OH",Ohio,3800,3800,7600
2023,3,8,CLL,"College Station/Bryan, TX",Texas,110,110,220
2023,3,8,CLT,"Charlotte, NC",North Carolina,17319,17323,34642
2023,3,8,CMH,"Columbus, OH",Ohio,3744,3744,7488
2023,3,8,CMI,"Champaign/Urbana, IL",Illinois,118,118,236
2023,3,8,CMX,"Hancock/Houghton, MI",Michigan,62,62,124
2023,3,8,CNY,"Moab, UT",Utah,52,52,104
2023,3,8,COS,"Colorado Springs, CO",Colorado,1095,1096,2191
2023,3,8,COU,"Columbia, MO",Missouri,111,111,222
2023,3,8,CPR,"Casper, WY",Wyoming,154,156,310
2023,3,8,CRP,"Corpus Christi, TX",Texas,327,327,654
2023,3,8,CRW,"Charleston/Dunbar, WV",West Virginia,335,335,670
2023,3,8,CSG,"Columbus, GA",Georgia,79,79,158
2023,3,8,CVG,"Cincinnati, OH",Kentucky,3488,3489,6977
2023,3,8,CWA,"Mosinee, WI",Wisconsin,62,62,124
2023,3,8,DAB,"Daytona Beach, FL",Florida,229,229,458
2023,3,8,DAL,"Dallas, TX",Texas,6611,6611,13222
2023,3,8,DAY,"Dayton, OH",Ohio,671,672,1343
2023,3,8,DCA,"Washington, DC",Virginia,11912,11913,23825
2023,3,8,DDC,"Dodge City, KS",Kansas,53,53,106
2023,3,8,DEC,"Decatur, IL",Illinois,84,84,168
2023,3,8,DEN,"Denver, CO",Colorado,26308,26300,52608
2023,3,8,DFW,"Dallas/Fort Worth, TX",Texas,26370,26371,52741
2023,3,8,DHN,"Dothan, AL",Alabama,62,62,124
2023,3,8,DIK,"Dickinson, ND",North Dakota,53,53,106
2023,3,8,DLG,"Dillingham, AK",Alaska,35,35,70
2023,3,8,DLH,"Duluth, MN",Minnesota,216,216,432
2023,3,8,DRO,"Durango, CO",Colorado,325,325,650
2023,3,8,DSM,"Des Moines, IA",Iowa,1278,1279,2557
2023,3,8,DTW,"Detroit, MI",Michigan,11211,11210,22421
2023,3,8,DVL,"Devils Lake, ND",North Dakota,57,57,114
2023,3,8,ECP,"Panama City, FL",Florida,664,663,1327
2023,3,8,EGE,"Eagle, CO",Colorado,155,155,310
2023,3,8,EKO,"Elko, NV",Nevada,31,31,62
2023,3,8,ELM,"Elmira/Corning, NY",New York,83,83,166
2023,3,8,ELP,"El Paso, TX",Texas,1502,1502,3004
2023,3,8,ESC,"Escanaba, MI",Michigan,61,62,123
2023,3,8,EUG,"Eugene, OR",Oregon,686,686,1372
2023,3,8,EVV,"Evansville, IN",Indiana,162,162,324
2023,3,8,EWN,"New Bern/Morehead/Beaufort, NC",North Carolina,4,4,8
2023,3,8,EWR,"Newark, NJ",New Jersey,11561,11561,23122
2023,3,8,EYW,"Key West, FL",Florida,428,428,856
2023,3,8,FAI,"Fairbanks, AK",Alaska,365,365,730
2023,3,8,FAR,"Fargo, ND",North Dakota,517,518,1035
2023,3,8,FAT,"Fresno, CA",California,1069,1069,2138
2023,3,8,FAY,"Fayetteville, NC",North Carolina,114,113,227
2023,3,8,FCA,"Kalispell, MT",Montana,486,486,972
2023,3,8,FLG,"Flagstaff, AZ",Arizona,123,123,246
2023,3,8,FLL,"Fort Lauderdale, FL",Florida,7024,7026,14050
2023,3,8,FNT,"Flint, MI",Michigan,115,114,229
2023,3,8,FOD,"Fort Dodge, IA",Iowa,53,53,106
2023,3,8,FSD,"Sioux Falls, SD",South Dakota,514,514,1028
2023,3,8,FSM,"Fort Smith, AR",Arkansas,94,94,188
2023,3,8,FWA,"Fort Wayne, IN",Indiana,388,389,777
2023,3,8,GCC,"Gillette, WY",Wyoming,52,52,104
2023,3,8,GCK,"Garden City, KS",Kansas,62,62,124
2023,3,8,GEG,"Spokane, WA",Washington,1440,1441,2881
2023,3,8,GFK,"Grand Forks, ND",North Dakota,102,102,204
2023,3,8,GGG,"Longview, TX",Texas,62,62,124
2023,3,8,GJT,"Grand Junction, CO",Colorado,282,282,564
2023,3,8,GNV,"Gainesville, FL",Florida,270,271,541
2023,3,8,GPT,"Gulfport/Biloxi, MS",Mississippi,270,270,540
2023,3,8,GRB,"Green Bay, WI",Wisconsin,385,386,771
2023,3,8,GRI,"Grand Island, NE",Nebraska,80,80,160
2023,3,8,GRK,"Killeen, TX",Texas,155,155,310
2023,3,8,GRR,"Grand Rapids, MI",Michigan,1449,1449,2898
2023,3,8,GSO,"Greensboro/High Point, NC",North Carolina,942,943,1885
2023,3,8,GSP,"Greer, SC",South Carolina,1167,1167,2334
2023,3,8,GST,"Gustavus, AK",Alaska,14,14,28
2023,3,8,GTF,"Great Falls, MT",Montana,229,229,458
2023,3,8,GTR,"Columbus, MS",Mississippi,62,62,124
2023,3,8,GUC,"Gunnison, CO",Colorado,62,62,124
2023,3,8,GUM,"Guam, TT",U.S. Pacific Trust Territories and Possessions,71,71,142
2023,3,8,HDN,"Hayden, CO",Colorado,132,132,264
2023,3,8,HGR,"Hagerstown, MD",Maryland,20,20,40
2023,3,8,HHH,"Hilton Head, SC",South Carolina,222,222,444
2023,3,8,HIB,"Hibbing, MN",Minnesota,52,52,104
2023,3,8,HLN,"Helena, MT",Montana,155,155,310
2023,3,8,HNL,"Honolulu, HI",Hawaii,5377,5394,10771
2023,3,8,HOU,"Houston, TX",Texas,4717,4718,9435
2023,3,8,HPN,"White Plains, NY",New York,1009,1009,2018
2023,3,8,HRL,"Harlingen/San Benito, TX",Texas,308,308,616
2023,3,8,HSV,"Huntsville, AL",Alabama,693,694,1387
2023,3,8,HTS,"Ashland, WV",West Virginia,43,43,86
2023,3,8,HYA,"Hyannis, MA",Massachusetts,62,62,124
2023,3,8,HYS,"Hays, KS",Kansas,62,62,124
2023,3,8,IAD,"Washington, DC",Virginia,4853,4855,9708
2023,3,8,IAG,"Niagara Falls, NY",New York,19,19,38
2023,3,8,IAH,"Houston, TX",Texas,9786,9780,19566
2023,3,8,ICT,"Wichita, KS",Kansas,796,797,1593
2023,3,8,IDA,"Idaho Falls, ID",Idaho,293,293,586
2023,3,8,ILM,"Wilmington, NC",North Carolina,787,787,1574
2023,3,8,IMT,"Iron Mountain/Kingsfd, MI",Michigan,62,62,124
2023,3,8,IND,"Indianapolis, IN",Indiana,3964,3968,7932
2023,3,8,INL,"International Falls, MN",Minnesota,52,52,104
2023,3,8,ISP,"Islip, NY",New York,381,379,760
2023,3,8,ITH,"Ithaca/Cortland, NY",New York,62,62,124
2023,3,8,ITO,"Hilo, HI",Hawaii,654,654,1308
2023,3,8,JAC,"Jackson, WY",Wyoming,597,597,1194
2023,3,8,JAN,"Jackson/Vicksburg, MS",Mississippi,639,639,1278
2023,3,8,JAX,"Jacksonville, FL",Florida,2358,2358,4716
2023,3,8,JFK,"New York, NY",New York,11130,11130,22260
2023,3,8,JLN,"Joplin, MO",Missouri,52,52,104
2023,3,8,JMS,"Jamestown, ND",North Dakota,57,57,114
2023,3,8,JNU,"Juneau, AK",Alaska,506,506,1012
2023,3,8,JST,"Johnstown, PA",Pennsylvania,62,62,124
2023,3,8,KOA,"Kona, HI",Hawaii,1512,1512,3024
2023,3,8,KTN,"Ketchikan, AK",Alaska,279,279,558
2023,3,8,LAN,"Lansing, MI",Michigan,93,93,186
2023,3,8,LAR,"Laramie, WY",Wyoming,53,53,106
2023,3,8,LAS,"Las Vegas, NV",Nevada,15939,15937,31876
2023,3,8,LAW,"Lawton/Fort Sill, OK",Oklahoma,93,93,186
2023,3,8,LAX,"Los Angeles, CA",California,17683,17685,35368
2023,3,8,LBB,"Lubbock, TX",Texas,626,627,1253
2023,3,8,LBE,"Latrobe, PA",Pennsylvania,62,62,124
2023,3,8,LBF,"North Platte, NE",Nebraska,52,52,104
2023,3,8,LBL,"Liberal, KS",Kansas,53,53,106
2023,3,8,LCH,"Lake Charles, LA",Louisiana,91,91,182
2023,3,8,LCK,"Columbus, OH",Ohio,88,88,176
2023,3,8,LEX,"Lexington, KY",Kentucky,673,673,1346
2023,3,8,LFT,"Lafayette, LA",Louisiana,259,259,518
2023,3,8,LGA,"New York, NY",New York,14074,14074,28148
2023,3,8,LGB,"Long Beach, CA",California,1471,1471,2942
2023,3,8,LIH,"Lihue, HI",Hawaii,1410,1410,2820
2023,3,8,LIT,"Little Rock, AR",Arkansas,1023,1022,2045
2023,3,8,LNK,"Lincoln, NE",Nebraska,93,93,186
2023,3,8,LRD,"Laredo, TX",Texas,131,131,262
2023,3,8,LWS,"Lewiston, ID",Idaho,62,62,124
2023,3,8,MAF,"Midland/Odessa, TX",Texas,703,703,1406
2023,3,8,MBS,"Saginaw/Bay City/Midland, MI",Michigan,186,186,372
2023,3,8,MCI,"Kansas City, MO",Missouri,4489,4489,8978
2023,3,8,MCO,"Orlando, FL",Florida,13360,13356,26716
2023,3,8,MCW,"Mason City, IA",Iowa,53,53,106
2023,3,8,MDT,"Harrisburg, PA",Pennsylvania,497,497,994
2023,3,8,MDW,"Chicago, IL",Illinois,7890,7893,15783
2023,3,8,MEI,"Meridian, MS",Mississippi,53,53,106
2023,3,8,MEM,"Memphis, TN",Tennessee,2020,2020,4040
2023,3,8,MFE,"Mission/McAllen/Edinburg, TX",Texas,247,247,494
2023,3,8,MFR,"Medford, OR",Oregon,416,416,832
2023,3,8,MGM,"Montgomery, AL",Alabama,209,209,418
2023,3,8,MHT,"Manchester, NH",New Hampshire,576,575,1151
2023,3,8,MIA,"Miami, FL",Florida,8505,8509,17014
2023,3,8,MKE,"Milwaukee, WI",Wisconsin,2333,2332,4665
2023,3,8,MLB,"Melbourne, FL",Florida,226,226,452
2023,3,8,MLI,"Moline, IL",Illinois,265,265,530
2023,3,8,MLU,"Monroe, LA",Louisiana,153,153,306
2023,3,8,MOB,"Mobile, AL",Alabama,213,213,426
2023,3,8,MOT,"Minot, ND",North Dakota,191,191,382
2023,3,8,MQT,"Marquette, MI",Michigan,60,59,119
2023,3,8,MRY,"Monterey, CA",California,379,379,758
2023,3,8,MSN,"Madison, WI",Wisconsin,1000,1001,2001
2023,3,8,MSO,"Missoula, MT",Montana,450,449,899
2023,3,8,MSP,"Minneapolis, MN",Minnesota,11271,11271,22542
2023,3,8,MSY,"New Orleans, LA",Louisiana,3914,3912,7826
2023,3,8,MTJ,"Montrose/Delta, CO",Colorado,217,217,434
2023,3,8,MVY,"Martha's Vineyard, MA",Massachusetts,321,321,642
2023,3,8,MYR,"Myrtle Beach, SC",South Carolina,1578,1577,3155
2023,3,8,OAJ,"Jacksonville/Camp Lejeune, NC",North Carolina,105,104,209
2023,3,8,OAK,"Oakland, CA",California,4047,4049,8096
2023,3,8,OGG,"Kahului, HI",Hawaii,2708,2692,5400
2023,3,8,OKC,"Oklahoma City, OK",Oklahoma,1898,1897,3795
2023,3,8,OMA,"Omaha, NE",Nebraska,1939,1939,3878
2023,3,8,OME,"Nome, AK",Alaska,35,35,70
2023,3,8,ONT,"Ontario, CA",California,2201,2202,4403
2023,3,8,ORD,"Chicago, IL",Illinois,23347,23346,46693
2023,3,8,ORF,"Norfolk, VA",Virginia,2020,2023,4043
2023,3,8,ORH,"Worcester, MA",Massachusetts,120,120,240
2023,3,8,OTH,"North Bend/Coos Bay, OR",Oregon,40,40,80
2023,3,8,OTZ,"Kotzebue, AK",Alaska,31,31,62
2023,3,8,PBG,"Plattsburgh, NY",New York,22,22,44
2023,3,8,PBI,"West Palm Beach/Palm Beach, FL",Florida,1771,1771,3542
2023,3,8,PDX,"Portland, OR",Oregon,5273,5272,10545
2023,3,8,PGD,"Punta Gorda, FL",Florida,367,367,734
2023,3,8,PHL,"Philadelphia, PA",Pennsylvania,8378,8385,16763
2023,3,8,PHX,"Phoenix, AZ",Arizona,14304,14304,28608
2023,3,8,PIA,"Peoria, IL",Illinois,293,293,586
2023,3,8,PIB,"Hattiesburg/Laurel, MS",Mississippi,53,53,106
2023,3,8,PIE,"St. Petersburg, FL",Florida,581,581,1162
2023,3,8,PIH,"Pocatello, ID",Idaho,31,31,62
2023,3,8,PIT,"Pittsburgh, PA",Pennsylvania,3727,3728,7455
2023,3,8,PLN,"Pellston, MI",Michigan,93,93,186
2023,3,8,PNS,"Pensacola, FL",Florida,1056,1056,2112
2023,3,8,PPG,"Pago Pago, TT",U.S. Pacific Trust Territories and Possessions,14,14,28
2023,3,8,PRC,"Prescott, AZ",Arizona,62,62,124
2023,3,8,PSC,"Pasco/Kennewick/Richland, WA",Washington,510,510,1020
2023,3,8,PSE,"Ponce, PR",Puerto Rico,107,107,214
2023,3,8,PSG,"Petersburg, AK",Alaska,62,62,124
2023,3,8,PSM,"Portsmouth, NH",New Hampshire,25,25,50
2023,3,8,PSP,"Palm Springs, CA",California,684,684,1368
2023,3,8,PVD,"Providence, RI",Rhode Island,1237,1237,2474
2023,3,8,PVU,"Provo, UT",Utah,162,162,324
2023,3,8,PWM,"Portland, ME",Maine,1251,1252,2503
2023,3,8,RAP,"Rapid City, SD",South Dakota,396,396,792
2023,3,8,RDD,"Redding, CA",California,147,147,294
2023,3,8,RDM,"Bend/Redmond, OR",Oregon,497,497,994
2023,3,8,RDU,"Raleigh/Durham, NC",North Carolina,5545,5547,11092
2023,3,8,RFD,"Rockford, IL",Illinois,44,44,88
2023,3,8,RHI,"Rhinelander, WI",Wisconsin,62,62,124
2023,3,8,RIC,"Richmond, VA",Virginia,1656,1656,3312
2023,3,8,RIW,"Riverton/Lander, WY",Wyoming,41,41,82
2023,3,8,RKS,"Rock Springs, WY",Wyoming,41,41,82
2023,3,8,RNO,"Reno, NV",Nevada,1891,1891,3782
2023,3,8,ROA,"Roanoke, VA",Virginia,261,261,522
2023,3,8,ROC,"Rochester, NY",New York,1104,1102,2206
2023,3,8,ROW,"Roswell, NM",New Mexico,62,62,124
2023,3,8,RST,"Rochester, MN",Minnesota,62,62,124
2023,3,8,RSW,"Fort Myers, FL",Florida,2139,2138,4277
2023,3,8,SAF,"Santa Fe, NM",New Mexico,155,155,310
2023,3,8,SAN,"San Diego, CA",California,8058,8057,16115
2023,3,8,SAT,"San Antonio, TX",Texas,3509,3511,7020
2023,3,8,SAV,"Savannah, GA",Georgia,1485,1484,2969
2023,3,8,SBA,"Santa Barbara, CA",California,647,647,1294
2023,3,8,SBN,"South Bend, IN",Indiana,496,496,992
2023,3,8,SBP,"San Luis Obispo, CA",California,449,449,898
2023,3,8,SCC,"Deadhorse, AK",Alaska,37,37,74
2023,3,8,SCE,"State College, PA",Pennsylvania,93,93,186
2023,3,8,SCK,"Stockton, CA",California,39,39,78
2023,3,8,SDF,"Louisville, KY",Kentucky,2023,2024,4047
2023,3,8,SEA,"Seattle, WA",Washington,15974,15968,31942
2023,3,8,SFB,"Sanford, FL",Florida,665,664,1329
2023,3,8,SFO,"San Francisco, CA",California,12185,12189,24374
2023,3,8,SGF,"Springfield, MO",Missouri,695,696,1391
2023,3,8,SGU,"St. George, UT",Utah,193,193,386
2023,3,8,SHR,"Sheridan, WY",Wyoming,52,52,104
2023,3,8,SHV,"Shreveport, LA",Louisiana,347,347,694
2023,3,8,SIT,"Sitka, AK",Alaska,186,186,372
2023,3,8,SJC,"San Jose, CA",California,4663,4664,9327
2023,3,8,SJT,"San Angelo, TX",Texas,93,93,186
2023,3,8,SJU,"San Juan, PR",Puerto Rico,3058,3055,6113
2023,3,8,SLC,"Salt Lake City, UT",Utah,9621,9620,19241
2023,3,8,SLN,"Salina, KS",Kansas,62,62,124
2023,3,8,SMF,"Sacramento, CA",California,4704,4705,9409
2023,3,8,SMX,"Santa Maria, CA",California,9,9,18
2023,3,8,SNA,"Santa Ana, CA",California,3913,3913,7826
2023,3,8,SPI,"Springfield, IL",Illinois,4,4,8
2023,3,8,SPN,"Saipan, TT",U.S. Pacific Trust Territories and Possessions,40,40,80
2023,3,8,SPS,"Wichita Falls, TX",Texas,62,62,124
2023,3,8,SRQ,"Sarasota/Bradenton, FL",Florida,997,997,1994
2023,3,8,STL,"St. Louis, MO",Missouri,5506,5505,11011
2023,3,8,STS,"Santa Rosa, CA",California,315,315,630
2023,3,8,STT,"Charlotte Amalie, VI",U.S. Virgin Islands,320,320,640
2023,3,8,STX,"Christiansted, VI",U.S. Virgin Islands,83,82,165
2023,3,8,SUN,"Sun Valley/Hailey/Ketchum, ID",Idaho,163,163,326
2023,3,8,SUX,"Sioux City, IA",Iowa,62,62,124
2023,3,8,SWF,"Newburgh/Poughkeepsie, NY",New York,31,31,62
2023,3,8,SWO,"Stillwater, OK",Oklahoma,62,62,124
2023,3,8,SYR,"Syracuse, NY",New York,1163,1163,2326
2023,3,8,TLH,"Tallahassee, FL",Florida,425,425,850
2023,3,8,TOL,"Toledo, OH",Ohio,17,17,34
2023,3,8,TPA,"Tampa, FL",Florida,6159,6160,12319
2023,3,8,TRI,"Bristol/Johnson City/Kingsport, TN",Tennessee,203,203,406
2023,3,8,TTN,"Trenton, NJ",New Jersey,201,201,402
2023,3,8,TUL,"Tulsa, OK",Oklahoma,1450,1450,2900
2023,3,8,TUS,"Tucson, AZ",Arizona,1281,1282,2563
2023,3,8,TVC,"Traverse City, MI",Michigan,589,590,1179
2023,3,8,TWF,"Twin Falls, ID",Idaho,31,31,62
2023,3,8,TXK,"Texarkana, AR",Arkansas,93,93,186
2023,3,8,TYR,"Tyler, TX",Texas,93,93,186
2023,3,8,TYS,"Knoxville, TN",Tennessee,1322,1322,2644
2023,3,8,USA,"Concord, NC",North Carolina,59,59,118
2023,3,8,VCT,"Victoria, TX",Texas,53,53,106
2023,3,8,VEL,"Vernal, UT",Utah,53,53,106
2023,3,8,VLD,"Valdosta, GA",Georgia,62,62,124
2023,3,8,VPS,"Valparaiso, FL",Florida,855,855,1710
2023,3,8,WRG,"Wrangell, AK",Alaska,62,62,124
2023,3,8,WYS,"West Yellowstone, MT",Montana,60,60,120
2023,3,8,XNA,"Fayetteville, AR",Arkansas,1059,1059,2118
2023,3,8,XWA,"Williston, ND",North Dakota,155,155,310
2023,3,8,YAK,"Yakutat, AK",Alaska,62,62,124
2023,3,8,YUM,"Yuma, AZ",Arizona,171,171,342
2023,3,9,ABE,"Allentown/Bethlehem/Easton, PA",Pennsylvania,376,377,753
2023,3,9,ABI,"Abilene, TX",Texas,118,118,236
2023,3,9,ABQ,"Albuquerque, NM",New Mexico,2131,2136,4267
2023,3,9,ABR,"Aberdeen, SD",South Dakota,60,60,120
2023,3,9,ABY,"Albany, GA",Georgia,60,60,120
2023,3,9,ACK,"Nantucket, MA",Massachusetts,231,231,462
2023,3,9,ACT,"Waco, TX",Texas,84,84,168
2023,3,9,ACV,"Arcata/Eureka, CA",California,142,142,284
2023,3,9,ACY,"Atlantic City, NJ",New Jersey,249,249,498
2023,3,9,ADK,"Adak Island, AK",Alaska,9,9,18
2023,3,9,ADQ,"Kodiak, AK",Alaska,88,88,176
2023,3,9,AEX,"Alexandria, LA",Louisiana,148,148,296
2023,3,9,AGS,"Augusta, GA",Georgia,289,289,578
2023,3,9,AKN,"King Salmon, AK",Alaska,30,30,60
2023,3,9,ALB,"Albany, NY",New York,923,923,1846
2023,3,9,ALW,"Walla Walla, WA",Washington,54,55,109
2023,3,9,AMA,"Amarillo, TX",Texas,433,432,865
2023,3,9,ANC,"Anchorage, AK",Alaska,1564,1559,3123
2023,3,9,APN,"Alpena, MI",Michigan,52,52,104
2023,3,9,ASE,"Aspen, CO",Colorado,462,459,921
2023,3,9,ATL,"Atlanta, GA",Georgia,28344,28359,56703
2023,3,9,ATW,"Appleton, WI",Wisconsin,408,408,816
2023,3,9,AUS,"Austin, TX",Texas,7831,7827,15658
2023,3,9,AVL,"Asheville, NC",North Carolina,1039,1039,2078
2023,3,9,AVP,"Scranton/Wilkes-Barre, PA",Pennsylvania,194,194,388
2023,3,9,AZA,"Phoenix, AZ",Arizona,293,293,586
2023,3,9,AZO,"Kalamazoo, MI",Michigan,78,78,156
2023,3,9,BDL,"Hartford, CT",Connecticut,1732,1733,3465
2023,3,9,BET,"Bethel, AK",Alaska,60,60,120
2023,3,9,BFF,"Scottsbluff, NE",Nebraska,53,52,105
2023,3,9,BFL,"Bakersfield, CA",California,232,232,464
2023,3,9,BGM,"Binghamton, NY",New York,54,54,108
2023,3,9,BGR,"Bangor, ME",Maine,540,541,1081
2023,3,9,BHM,"Birmingham, AL",Alabama,1421,1423,2844
2023,3,9,BIH,"Bishop, CA",California,4,4,8
2023,3,9,BIL,"Billings, MT",Montana,253,253,506
2023,3,9,BIS,"Bismarck/Mandan, ND",North Dakota,283,284,567
2023,3,9,BJI,"Bemidji, MN",Minnesota,60,61,121
2023,3,9,BLI,"Bellingham, WA",Washington,216,216,432
2023,3,9,BLV,"Belleville, IL",Illinois,55,55,110
2023,3,9,BMI,"Bloomington/Normal, IL",Illinois,145,145,290
2023,3,9,BNA,"Nashville, TN",Tennessee,8064,8064,16128
2023,3,9,BOI,"Boise, ID",Idaho,1808,1813,3621
2023,3,9,BOS,"Boston, MA",Massachusetts,11742,11739,23481
2023,3,9,BPT,"Beaumont/Port Arthur, TX",Texas,60,60,120
2023,3,9,BQK,"Brunswick, GA",Georgia,60,60,120
2023,3,9,BQN,"Aguadilla, PR",Puerto Rico,212,210,422
2023,3,9,BRD,"Brainerd, MN",Minnesota,51,51,102
2023,3,9,BRO,"Brownsville, TX",Texas,133,134,267
2023,3,9,BRW,"Barrow, AK",Alaska,30,30,60
2023,3,9,BTM,"Butte, MT",Montana,56,56,112
2023,3,9,BTR,"Baton Rouge, LA",Louisiana,402,402,804
2023,3,9,BTV,"Burlington, VT",Vermont,698,698,1396
2023,3,9,BUF,"Buffalo, NY",New York,1879,1882,3761
2023,3,9,BUR,"Burbank, CA",California,2563,2562,5125
2023,3,9,BWI,"Baltimore, MD",Maryland,8012,8012,16024
2023,3,9,BZN,"Bozeman, MT",Montana,809,808,1617
2023,3,9,CAE,"Columbia, SC",South Carolina,554,553,1107
2023,3,9,CAK,"Akron, OH",Ohio,298,298,596
2023,3,9,CDC,"Cedar City, UT",Utah,51,51,102
2023,3,9,CDV,"Cordova, AK",Alaska,60,60,120
2023,3,9,CHA,"Chattanooga, TN",Tennessee,516,515,1031
2023,3,9,CHO,"Charlottesville, VA",Virginia,235,235,470
2023,3,9,CHS,"Charleston, SC",South Carolina,2069,2069,4138
2023,3,9,CID,"Cedar Rapids/Iowa City, IA",Iowa,602,604,1206
2023,3,9,CIU,"Sault Ste. Marie, MI",Michigan,60,60,120
2023,3,9,CKB,"Clarksburg/Fairmont, WV",West Virginia,8,8,16
2023,3,9,CLE,"Cleveland, OH",Ohio,3718,3719,7437
2023,3,9,CLL,"College Station/Bryan, TX",Texas,91,91,182
2023,3,9,CLT,"Charlotte, NC",North Carolina,16175,16168,32343
2023,3,9,CMH,"Columbus, OH",Ohio,3485,3483,6968
2023,3,9,CMI,"Champaign/Urbana, IL",Illinois,93,92,185
2023,3,9,CMX,"Hancock/Houghton, MI",Michigan,60,60,120
2023,3,9,CNY,"Moab, UT",Utah,74,74,148
2023,3,9,COD,"Cody, WY",Wyoming,16,16,32
2023,3,9,COS,"Colorado Springs, CO",Colorado,1043,1043,2086
2023,3,9,COU,"Columbia, MO",Missouri,118,118,236
2023,3,9,CPR,"Casper, WY",Wyoming,97,95,192
2023,3,9,CRP,"Corpus Christi, TX",Texas,334,335,669
2023,3,9,CRW,"Charleston/Dunbar, WV",West Virginia,313,313,626
2023,3,9,CSG,"Columbus, GA",Georgia,80,80,160
2023,3,9,CVG,"Cincinnati, OH",Kentucky,3291,3289,6580
2023,3,9,CWA,"Mosinee, WI",Wisconsin,60,60,120
2023,3,9,CYS,"Cheyenne, WY",Wyoming,39,40,79
2023,3,9,DAB,"Daytona Beach, FL",Florida,199,199,398
2023,3,9,DAL,"Dallas, TX",Texas,6221,6216,12437
2023,3,9,DAY,"Dayton, OH",Ohio,615,616,1231
2023,3,9,DCA,"Washington, DC",Virginia,11513,11512,23025
2023,3,9,DDC,"Dodge City, KS",Kansas,51,51,102
2023,3,9,DEC,"Decatur, IL",Illinois,81,81,162
2023,3,9,DEN,"Denver, CO",Colorado,24738,24727,49465
2023,3,9,DFW,"Dallas/Fort Worth, TX",Texas,24533,24531,49064
2023,3,9,DHN,"Dothan, AL",Alabama,60,60,120
2023,3,9,DIK,"Dickinson, ND",North Dakota,51,51,102
2023,3,9,DLG,"Dillingham, AK",Alaska,30,30,60
2023,3,9,DLH,"Duluth, MN",Minnesota,195,195,390
2023,3,9,DRO,"Durango, CO",Colorado,320,320,640
2023,3,9,DSM,"Des Moines, IA",Iowa,1244,1246,2490
2023,3,9,DTW,"Detroit, MI",Michigan,10819,10820,21639
2023,3,9,DVL,"Devils Lake, ND",North Dakota,56,56,112
2023,3,9,ECP,"Panama City, FL",Florida,555,554,1109
2023,3,9,EGE,"Eagle, CO",Colorado,124,123,247
2023,3,9,EKO,"Elko, NV",Nevada,30,31,61
2023,3,9,ELM,"Elmira/Corning, NY",New York,79,79,158
2023,3,9,ELP,"El Paso, TX",Texas,1449,1449,2898
2023,3,9,ESC,"Escanaba, MI",Michigan,60,60,120
2023,3,9,EUG,"Eugene, OR",Oregon,624,626,1250
2023,3,9,EVV,"Evansville, IN",Indiana,171,171,342
2023,3,9,EWN,"New Bern/Morehead/Beaufort, NC",North Carolina,1,1,2
2023,3,9,EWR,"Newark, NJ",New Jersey,11373,11368,22741
2023,3,9,EYW,"Key West, FL",Florida,331,331,662
2023,3,9,FAI,"Fairbanks, AK",Alaska,265,265,530
2023,3,9,FAR,"Fargo, ND",North Dakota,486,485,971
2023,3,9,FAT,"Fresno, CA",California,996,996,1992
2023,3,9,FAY,"Fayetteville, NC",North Carolina,116,117,233
2023,3,9,FCA,"Kalispell, MT",Montana,356,355,711
2023,3,9,FLG,"Flagstaff, AZ",Arizona,139,139,278
2023,3,9,FLL,"Fort Lauderdale, FL",Florida,6571,6569,13140
2023,3,9,FNT,"Flint, MI",Michigan,151,152,303
2023,3,9,FOD,"Fort Dodge, IA",Iowa,51,51,102
2023,3,9,FSD,"Sioux Falls, SD",South Dakota,563,563,1126
2023,3,9,FSM,"Fort Smith, AR",Arkansas,86,86,172
2023,3,9,FWA,"Fort Wayne, IN",Indiana,381,381,762
2023,3,9,GCC,"Gillette, WY",Wyoming,52,52,104
2023,3,9,GCK,"Garden City, KS",Kansas,60,60,120
2023,3,9,GEG,"Spokane, WA",Washington,1567,1569,3136
2023,3,9,GFK,"Grand Forks, ND",North Dakota,98,98,196
2023,3,9,GGG,"Longview, TX",Texas,57,57,114
2023,3,9,GJT,"Grand Junction, CO",Colorado,286,286,572
2023,3,9,GNV,"Gainesville, FL",Florida,236,235,471
2023,3,9,GPT,"Gulfport/Biloxi, MS",Mississippi,252,252,504
2023,3,9,GRB,"Green Bay, WI",Wisconsin,343,342,685
2023,3,9,GRI,"Grand Island, NE",Nebraska,74,74,148
2023,3,9,GRK,"Killeen, TX",Texas,140,140,280
2023,3,9,GRR,"Grand Rapids, MI",Michigan,1410,1409,2819
2023,3,9,GSO,"Greensboro/High Point, NC",North Carolina,863,863,1726
2023,3,9,GSP,"Greer, SC",South Carolina,1097,1095,2192
2023,3,9,GTF,"Great Falls, MT",Montana,214,214,428
2023,3,9,GTR,"Columbus, MS",Mississippi,60,60,120
2023,3,9,GUC,"Gunnison, CO",Colorado,58,58,116
2023,3,9,GUM,"Guam, TT",U.S. Pacific Trust Territories and Possessions,61,61,122
2023,3,9,HDN,"Hayden, CO",Colorado,120,120,240
2023,3,9,HGR,"Hagerstown, MD",Maryland,11,11,22
2023,3,9,HHH,"Hilton Head, SC",South Carolina,198,198,396
2023,3,9,HIB,"Hibbing, MN",Minnesota,52,52,104
2023,3,9,HLN,"Helena, MT",Montana,125,125,250
2023,3,9,HNL,"Honolulu, HI",Hawaii,5018,5024,10042
2023,3,9,HOU,"Houston, TX",Texas,4504,4499,9003
2023,3,9,HPN,"White Plains, NY",New York,970,970,1940
2023,3,9,HRL,"Harlingen/San Benito, TX",Texas,360,360,720
2023,3,9,HSV,"Huntsville, AL",Alabama,692,692,1384
2023,3,9,HTS,"Ashland, WV",West Virginia,28,28,56
2023,3,9,HYA,"Hyannis, MA",Massachusetts,10,10,20
2023,3,9,HYS,"Hays, KS",Kansas,60,60,120
2023,3,9,IAD,"Washington, DC",Virginia,4278,4274,8552
2023,3,9,IAG,"Niagara Falls, NY",New York,17,17,34
2023,3,9,IAH,"Houston, TX",Texas,9283,9277,18560
2023,3,9,ICT,"Wichita, KS",Kansas,753,753,1506
2023,3,9,IDA,"Idaho Falls, ID",Idaho,269,269,538
2023,3,9,ILM,"Wilmington, NC",North Carolina,666,665,1331
2023,3,9,IMT,"Iron Mountain/Kingsfd, MI",Michigan,60,60,120
2023,3,9,IND,"Indianapolis, IN",Indiana,3745,3742,7487
2023,3,9,INL,"International Falls, MN",Minnesota,52,52,104
2023,3,9,ISP,"Islip, NY",New York,333,333,666
2023,3,9,ITH,"Ithaca/Cortland, NY",New York,62,63,125
2023,3,9,ITO,"Hilo, HI",Hawaii,608,608,1216
2023,3,9,JAC,"Jackson, WY",Wyoming,456,453,909
2023,3,9,JAN,"Jackson/Vicksburg, MS",Mississippi,628,629,1257
2023,3,9,JAX,"Jacksonville, FL",Florida,2253,2254,4507
2023,3,9,JFK,"New York, NY",New York,10760,10761,21521
2023,3,9,JLN,"Joplin, MO",Missouri,52,52,104
2023,3,9,JMS,"Jamestown, ND",North Dakota,56,56,112
2023,3,9,JNU,"Juneau, AK",Alaska,430,429,859
2023,3,9,JST,"Johnstown, PA",Pennsylvania,60,60,120
2023,3,9,KOA,"Kona, HI",Hawaii,1414,1413,2827
2023,3,9,KTN,"Ketchikan, AK",Alaska,219,219,438
2023,3,9,LAN,"Lansing, MI",Michigan,104,104,208
2023,3,9,LAR,"Laramie, WY",Wyoming,51,51,102
2023,3,9,LAS,"Las Vegas, NV",Nevada,16110,16130,32240
2023,3,9,LAW,"Lawton/Fort Sill, OK",Oklahoma,83,83,166
2023,3,9,LAX,"Los Angeles, CA",California,16152,16152,32304
2023,3,9,LBB,"Lubbock, TX",Texas,519,518,1037
2023,3,9,LBE,"Latrobe, PA",Pennsylvania,60,60,120
2023,3,9,LBF,"North Platte, NE",Nebraska,52,52,104
2023,3,9,LBL,"Liberal, KS",Kansas,51,51,102
2023,3,9,LCH,"Lake Charles, LA",Louisiana,88,88,176
2023,3,9,LCK,"Columbus, OH",Ohio,56,56,112
2023,3,9,LEX,"Lexington, KY",Kentucky,601,601,1202
2023,3,9,LFT,"Lafayette, LA",Louisiana,269,270,539
2023,3,9,LGA,"New York, NY",New York,13372,13371,26743
2023,3,9,LGB,"Long Beach, CA",California,1434,1434,2868
2023,3,9,LIH,"Lihue, HI",Hawaii,1297,1295,2592
2023,3,9,LIT,"Little Rock, AR",Arkansas,1001,1003,2004
2023,3,9,LNK,"Lincoln, NE",Nebraska,102,102,204
2023,3,9,LRD,"Laredo, TX",Texas,126,126,252
2023,3,9,LSE,"La Crosse, WI",Wisconsin,50,51,101
2023,3,9,LWS,"Lewiston, ID",Idaho,60,60,120
2023,3,9,MAF,"Midland/Odessa, TX",Texas,680,682,1362
2023,3,9,MBS,"Saginaw/Bay City/Midland, MI",Michigan,172,172,344
2023,3,9,MCI,"Kansas City, MO",Missouri,4104,4104,8208
2023,3,9,MCO,"Orlando, FL",Florida,12265,12258,24523
2023,3,9,MCW,"Mason City, IA",Iowa,51,51,102
2023,3,9,MDT,"Harrisburg, PA",Pennsylvania,481,481,962
2023,3,9,MDW,"Chicago, IL",Illinois,7109,7103,14212
2023,3,9,MEI,"Meridian, MS",Mississippi,51,51,102
2023,3,9,MEM,"Memphis, TN",Tennessee,1981,1978,3959
2023,3,9,MFE,"Mission/McAllen/Edinburg, TX",Texas,253,254,507
2023,3,9,MFR,"Medford, OR",Oregon,383,383,766
2023,3,9,MGM,"Montgomery, AL",Alabama,197,197,394
2023,3,9,MHK,"Manhattan/Ft. Riley, KS",Kansas,17,18,35
2023,3,9,MHT,"Manchester, NH",New Hampshire,527,527,1054
2023,3,9,MIA,"Miami, FL",Florida,7554,7548,15102
2023,3,9,MKE,"Milwaukee, WI",Wisconsin,2317,2319,4636
2023,3,9,MLB,"Melbourne, FL",Florida,210,210,420
2023,3,9,MLI,"Moline, IL",Illinois,196,196,392
2023,3,9,MLU,"Monroe, LA",Louisiana,146,146,292
2023,3,9,MOB,"Mobile, AL",Alabama,196,197,393
2023,3,9,MOT,"Minot, ND",North Dakota,178,178,356
2023,3,9,MQT,"Marquette, MI",Michigan,30,30,60
2023,3,9,MRY,"Monterey, CA",California,362,362,724
2023,3,9,MSN,"Madison, WI",Wisconsin,982,983,1965
2023,3,9,MSO,"Missoula, MT",Montana,375,375,750
2023,3,9,MSP,"Minneapolis, MN",Minnesota,10226,10230,20456
2023,3,9,MSY,"New Orleans, LA",Louisiana,3616,3618,7234
2023,3,9,MTJ,"Montrose/Delta, CO",Colorado,181,181,362
2023,3,9,MVY,"Martha's Vineyard, MA",Massachusetts,144,144,288
2023,3,9,MYR,"Myrtle Beach, SC",South Carolina,1302,1299,2601
2023,3,9,OAJ,"Jacksonville/Camp Lejeune, NC",North Carolina,116,117,233
2023,3,9,OAK,"Oakland, CA",California,3793,3792,7585
2023,3,9,OGG,"Kahului, HI",Hawaii,2201,2200,4401
2023,3,9,OKC,"Oklahoma City, OK",Oklahoma,1791,1793,3584
2023,3,9,OMA,"Omaha, NE",Nebraska,1871,1874,3745
2023,3,9,OME,"Nome, AK",Alaska,32,32,64
2023,3,9,ONT,"Ontario, CA",California,2078,2080,4158
2023,3,9,ORD,"Chicago, IL",Illinois,22384,22368,44752
2023,3,9,ORF,"Norfolk, VA",Virginia,1974,1975,3949
2023,3,9,ORH,"Worcester, MA",Massachusetts,101,101,202
2023,3,9,OTH,"North Bend/Coos Bay, OR",Oregon,38,38,76
2023,3,9,OTZ,"Kotzebue, AK",Alaska,30,30,60
2023,3,9,PAE,"Everett, WA",Washington,49,50,99
2023,3,9,PBG,"Plattsburgh, NY",New York,8,8,16
2023,3,9,PBI,"West Palm Beach/Palm Beach, FL",Florida,1642,1644,3286
2023,3,9,PDX,"Portland, OR",Oregon,4913,4919,9832
2023,3,9,PGD,"Punta Gorda, FL",Florida,311,311,622
2023,3,9,PHL,"Philadelphia, PA",Pennsylvania,8331,8329,16660
2023,3,9,PHX,"Phoenix, AZ",Arizona,14285,14281,28566
2023,3,9,PIA,"Peoria, IL",Illinois,270,270,540
2023,3,9,PIB,"Hattiesburg/Laurel, MS",Mississippi,51,51,102
2023,3,9,PIE,"St. Petersburg, FL",Florida,455,455,910
2023,3,9,PIH,"Pocatello, ID",Idaho,56,56,112
2023,3,9,PIT,"Pittsburgh, PA",Pennsylvania,3432,3427,6859
2023,3,9,PLN,"Pellston, MI",Michigan,64,64,128
2023,3,9,PNS,"Pensacola, FL",Florida,923,923,1846
2023,3,9,PPG,"Pago Pago, TT",U.S. Pacific Trust Territories and Possessions,8,8,16
2023,3,9,PRC,"Prescott, AZ",Arizona,60,60,120
2023,3,9,PSC,"Pasco/Kennewick/Richland, WA",Washington,489,488,977
2023,3,9,PSE,"Ponce, PR",Puerto Rico,70,69,139
2023,3,9,PSG,"Petersburg, AK",Alaska,60,60,120
2023,3,9,PSM,"Portsmouth, NH",New Hampshire,17,17,34
2023,3,9,PSP,"Palm Springs, CA",California,752,755,1507
2023,3,9,PVD,"Providence, RI",Rhode Island,1235,1236,2471
2023,3,9,PVU,"Provo, UT",Utah,84,84,168
2023,3,9,PWM,"Portland, ME",Maine,1188,1190,2378
2023,3,9,RAP,"Rapid City, SD",South Dakota,411,412,823
2023,3,9,RDD,"Redding, CA",California,137,137,274
2023,3,9,RDM,"Bend/Redmond, OR",Oregon,503,503,1006
2023,3,9,RDU,"Raleigh/Durham, NC",North Carolina,5255,5260,10515
2023,3,9,RFD,"Rockford, IL",Illinois,46,46,92
2023,3,9,RHI,"Rhinelander, WI",Wisconsin,60,60,120
2023,3,9,RIC,"Richmond, VA",Virginia,1594,1594,3188
2023,3,9,RIW,"Riverton/Lander, WY",Wyoming,38,38,76
2023,3,9,RKS,"Rock Springs, WY",Wyoming,38,38,76
2023,3,9,RNO,"Reno, NV",Nevada,1653,1654,3307
2023,3,9,ROA,"Roanoke, VA",Virginia,238,238,476
2023,3,9,ROC,"Rochester, NY",New York,1089,1091,2180
2023,3,9,ROW,"Roswell, NM",New Mexico,60,60,120
2023,3,9,RST,"Rochester, MN",Minnesota,87,87,174
2023,3,9,RSW,"Fort Myers, FL",Florida,1971,1972,3943
2023,3,9,SAF,"Santa Fe, NM",New Mexico,173,173,346
2023,3,9,SAN,"San Diego, CA",California,7612,7612,15224
2023,3,9,SAT,"San Antonio, TX",Texas,3322,3321,6643
2023,3,9,SAV,"Savannah, GA",Georgia,1404,1404,2808
2023,3,9,SBA,"Santa Barbara, CA",California,631,632,1263
2023,3,9,SBN,"South Bend, IN",Indiana,558,559,1117
2023,3,9,SBP,"San Luis Obispo, CA",California,465,466,931
2023,3,9,SCC,"Deadhorse, AK",Alaska,34,34,68
2023,3,9,SCE,"State College, PA",Pennsylvania,95,95,190
2023,3,9,SCK,"Stockton, CA",California,41,41,82
2023,3,9,SDF,"Louisville, KY",Kentucky,2039,2041,4080
2023,3,9,SEA,"Seattle, WA",Washington,15041,15057,30098
2023,3,9,SFB,"Sanford, FL",Florida,519,519,1038
2023,3,9,SFO,"San Francisco, CA",California,11543,11561,23104
2023,3,9,SGF,"Springfield, MO",Missouri,648,647,1295
2023,3,9,SGU,"St. George, UT",Utah,281,281,562
2023,3,9,SHR,"Sheridan, WY",Wyoming,52,52,104
2023,3,9,SHV,"Shreveport, LA",Louisiana,320,320,640
2023,3,9,SIT,"Sitka, AK",Alaska,130,129,259
2023,3,9,SJC,"San Jose, CA",California,4371,4370,8741
2023,3,9,SJT,"San Angelo, TX",Texas,84,84,168
2023,3,9,SJU,"San Juan, PR",Puerto Rico,2192,2183,4375
2023,3,9,SLC,"Salt Lake City, UT",Utah,9166,9166,18332
2023,3,9,SLN,"Salina, KS",Kansas,60,60,120
2023,3,9,SMF,"Sacramento, CA",California,4422,4421,8843
2023,3,9,SMX,"Santa Maria, CA",California,8,8,16
2023,3,9,SNA,"Santa Ana, CA",California,3765,3762,7527
2023,3,9,SPN,"Saipan, TT",U.S. Pacific Trust Territories and Possessions,31,31,62
2023,3,9,SPS,"Wichita Falls, TX",Texas,58,58,116
2023,3,9,SRQ,"Sarasota/Bradenton, FL",Florida,878,878,1756
2023,3,9,STL,"St. Louis, MO",Missouri,5346,5348,10694
2023,3,9,STS,"Santa Rosa, CA",California,344,344,688
2023,3,9,STT,"Charlotte Amalie, VI",U.S. Virgin Islands,207,207,414
2023,3,9,STX,"Christiansted, VI",U.S. Virgin Islands,50,50,100
2023,3,9,SUN,"Sun Valley/Hailey/Ketchum, ID",Idaho,116,115,231
2023,3,9,SUX,"Sioux City, IA",Iowa,60,60,120
2023,3,9,SWF,"Newburgh/Poughkeepsie, NY",New York,26,26,52
2023,3,9,SWO,"Stillwater, OK",Oklahoma,58,58,116
2023,3,9,SYR,"Syracuse, NY",New York,1104,1103,2207
2023,3,9,TLH,"Tallahassee, FL",Florida,444,444,888
2023,3,9,TOL,"Toledo, OH",Ohio,8,8,16
2023,3,9,TPA,"Tampa, FL",Florida,5700,5698,11398
2023,3,9,TRI,"Bristol/Johnson City/Kingsport, TN",Tennessee,280,282,562
2023,3,9,TTN,"Trenton, NJ",New Jersey,185,185,370
2023,3,9,TUL,"Tulsa, OK",Oklahoma,1468,1470,2938
2023,3,9,TUS,"Tucson, AZ",Arizona,1332,1334,2666
2023,3,9,TVC,"Traverse City, MI",Michigan,333,331,664
2023,3,9,TWF,"Twin Falls, ID",Idaho,56,56,112
2023,3,9,TXK,"Texarkana, AR",Arkansas,87,87,174
2023,3,9,TYR,"Tyler, TX",Texas,86,86,172
2023,3,9,TYS,"Knoxville, TN",Tennessee,1248,1247,2495
2023,3,9,USA,"Concord, NC",North Carolina,62,62,124
2023,3,9,VCT,"Victoria, TX",Texas,51,51,102
2023,3,9,VEL,"Vernal, UT",Utah,51,51,102
2023,3,9,VLD,"Valdosta, GA",Georgia,60,60,120
2023,3,9,VPS,"Valparaiso, FL",Florida,741,741,1482
2023,3,9,WRG,"Wrangell, AK",Alaska,60,60,120
2023,3,9,WYS,"West Yellowstone, MT",Montana,60,60,120
2023,3,9,XNA,"Fayetteville, AR",Arkansas,1017,1016,2033
2023,3,9,XWA,"Williston, ND",North Dakota,150,150,300
2023,3,9,YAK,"Yakutat, AK",Alaska,60,60,120
2023,3,9,YUM,"Yuma, AZ",Arizona,148,147,295
2023,4,10,ABE,"Allentown/Bethlehem/Easton, PA",Pennsylvania,408,407,815
2023,4,10,ABI,"Abilene, TX",Texas,142,143,285
2023,4,10,ABQ,"Albuquerque, NM",New Mexico,2370,2369,4739
2023,4,10,ABR,"Aberdeen, SD",South Dakota,62,62,124
2023,4,10,ABY,"Albany, GA",Georgia,62,62,124
2023,4,10,ACK,"Nantucket, MA",Massachusetts,100,100,200
2023,4,10,ACT,"Waco, TX",Texas,90,90,180
2023,4,10,ACV,"Arcata/Eureka, CA",California,155,155,310
2023,4,10,ACY,"Atlantic City, NJ",New Jersey,275,275,550
2023,4,10,ADK,"Adak Island, AK",Alaska,8,8,16
2023,4,10,ADQ,"Kodiak, AK",Alaska,62,62,124
2023,4,10,AEX,"Alexandria, LA",Louisiana,153,153,306
2023,4,10,AGS,"Augusta, GA",Georgia,276,276,552
2023,4,10,ALB,"Albany, NY",New York,1059,1060,2119
2023,4,10,ALW,"Walla Walla, WA",Washington,62,62,124
2023,4,10,AMA,"Amarillo, TX",Texas,411,412,823
2023,4,10,ANC,"Anchorage, AK",Alaska,1280,1279,2559
2023,4,10,APN,"Alpena, MI",Michigan,53,53,106
2023,4,10,ASE,"Aspen, CO",Colorado,328,327,655
2023,4,10,ATL,"Atlanta, GA",Georgia,29251,29252,58503
2023,4,10,ATW,"Appleton, WI",Wisconsin,440,440,880
2023,4,10,AUS,"Austin, TX",Texas,8357,8363,16720
2023,4,10,AVL,"Asheville, NC",North Carolina,1165,1164,2329
2023,4,10,AVP,"Scranton/Wilkes-Barre, PA",Pennsylvania,204,204,408
2023,4,10,AZA,"Phoenix, AZ",Arizona,514,514,1028
2023,4,10,AZO,"Kalamazoo, MI",Michigan,88,88,176
2023,4,10,BDL,"Hartford, CT",Connecticut,1826,1823,3649
2023,4,10,BET,"Bethel, AK",Alaska,62,62,124
2023,4,10,BFF,"Scottsbluff, NE",Nebraska,53,53,106
2023,4,10,BFL,"Bakersfield, CA",California,250,251,501
2023,4,10,BGM,"Binghamton, NY",New York,58,58,116
2023,4,10,BGR,"Bangor, ME",Maine,452,451,903
2023,4,10,BHM,"Birmingham, AL",Alabama,1519,1516,3035
2023,4,10,BIL,"Billings, MT",Montana,264,264,528
2023,4,10,BIS,"Bismarck/Mandan, ND",North Dakota,337,337,674
2023,4,10,BJI,"Bemidji, MN",Minnesota,62,61,123
2023,4,10,BLI,"Bellingham, WA",Washington,246,246,492
2023,4,10,BLV,"Belleville, IL",Illinois,70,70,140
2023,4,10,BMI,"Bloomington/Normal, IL",Illinois,143,143,286
2023,4,10,BNA,"Nashville, TN",Tennessee,8923,8928,17851
2023,4,10,BOI,"Boise, ID",Idaho,1918,1919,3837
2023,4,10,BOS,"Boston, MA",Massachusetts,12369,12361,24730
2023,4,10,BPT,"Beaumont/Port Arthur, TX",Texas,62,62,124
2023,4,10,BQK,"Brunswick, GA",Georgia,62,62,124
2023,4,10,BQN,"Aguadilla, PR",Puerto Rico,213,215,428
2023,4,10,BRD,"Brainerd, MN",Minnesota,53,53,106
2023,4,10,BRO,"Brownsville, TX",Texas,120,119,239
2023,4,10,BRW,"Barrow, AK",Alaska,31,31,62
2023,4,10,BTM,"Butte, MT",Montana,57,57,114
2023,4,10,BTR,"Baton Rouge, LA",Louisiana,400,401,801
2023,4,10,BTV,"Burlington, VT",Vermont,712,712,1424
2023,4,10,BUF,"Buffalo, NY",New York,1962,1962,3924
2023,4,10,BUR,"Burbank, CA",California,2521,2522,5043
2023,4,10,BWI,"Baltimore, MD",Maryland,8784,8779,17563
2023,4,10,BZN,"Bozeman, MT",Montana,690,689,1379
2023,4,10,CAE,"Columbia, SC",South Carolina,527,527,1054
2023,4,10,CAK,"Akron, OH",Ohio,293,293,586
2023,4,10,CDC,"Cedar City, UT",Utah,53,53,106
2023,4,10,CDV,"Cordova, AK",Alaska,62,62,124
2023,4,10,CHA,"Chattanooga, TN",Tennessee,513,513,1026
2023,4,10,CHO,"Charlottesville, VA",Virginia,258,258,516
2023,4,10,CHS,"Charleston, SC",South Carolina,2176,2176,4352
2023,4,10,CID,"Cedar Rapids/Iowa City, IA",Iowa,656,657,1313
2023,4,10,CIU,"Sault Ste. Marie, MI",Michigan,62,62,124
2023,4,10,CKB,"Clarksburg/Fairmont, WV",West Virginia,17,17,34
2023,4,10,CLE,"Cleveland, OH",Ohio,3877,3877,7754
2023,4,10,CLL,"College Station/Bryan, TX",Texas,91,91,182
2023,4,10,CLT,"Charlotte, NC",North Carolina,17372,17381,34753
2023,4,10,CMH,"Columbus, OH",Ohio,3642,3643,7285
2023,4,10,CMI,"Champaign/Urbana, IL",Illinois,117,117,234
2023,4,10,CMX,"Hancock/Houghton, MI",Michigan,62,62,124
2023,4,10,CNY,"Moab, UT",Utah,78,78,156
2023,4,10,COS,"Colorado Springs, CO",Colorado,1042,1043,2085
2023,4,10,COU,"Columbia, MO",Missouri,122,122,244
2023,4,10,CPR,"Casper, WY",Wyoming,62,62,124
2023,4,10,CRP,"Corpus Christi, TX",Texas,352,351,703
2023,4,10,CRW,"Charleston/Dunbar, WV",West Virginia,298,298,596
2023,4,10,CSG,"Columbus, GA",Georgia,86,86,172
2023,4,10,CVG,"Cincinnati, OH",Kentucky,3643,3644,7287
2023,4,10,CWA,"Mosinee, WI",Wisconsin,62,62,124
2023,4,10,CYS,"Cheyenne, WY",Wyoming,58,58,116
2023,4,10,DAB,"Daytona Beach, FL",Florida,211,211,422
2023,4,10,DAL,"Dallas, TX",Texas,6591,6591,13182
2023,4,10,DAY,"Dayton, OH",Ohio,642,641,1283
2023,4,10,DCA,"Washington, DC",Virginia,12110,12109,24219
2023,4,10,DDC,"Dodge City, KS",Kansas,53,53,106
2023,4,10,DEC,"Decatur, IL",Illinois,84,84,168
2023,4,10,DEN,"Denver, CO",Colorado,25543,25544,51087
2023,4,10,DFW,"Dallas/Fort Worth, TX",Texas,25786,25786,51572
2023,4,10,DHN,"Dothan, AL",Alabama,62,63,125
2023,4,10,DIK,"Dickinson, ND",North Dakota,53,53,106
2023,4,10,DLH,"Duluth, MN",Minnesota,171,171,342
2023,4,10,DRO,"Durango, CO",Colorado,306,306,612
2023,4,10,DSM,"Des Moines, IA",Iowa,1287,1286,2573
2023,4,10,DTW,"Detroit, MI",Michigan,11213,11214,22427
2023,4,10,DVL,"Devils Lake, ND",North Dakota,57,57,114
2023,4,10,ECP,"Panama City, FL",Florida,547,549,1096
2023,4,10,EGE,"Eagle, CO",Colorado,93,93,186
2023,4,10,EKO,"Elko, NV",Nevada,31,31,62
2023,4,10,ELM,"Elmira/Corning, NY",New York,79,79,158
2023,4,10,ELP,"El Paso, TX",Texas,1531,1531,3062
2023,4,10,ESC,"Escanaba, MI",Michigan,56,55,111
2023,4,10,EUG,"Eugene, OR",Oregon,650,650,1300
2023,4,10,EVV,"Evansville, IN",Indiana,188,188,376
2023,4,10,EWR,"Newark, NJ",New Jersey,11805,11800,23605
2023,4,10,EYW,"Key West, FL",Florida,445,445,890
2023,4,10,FAI,"Fairbanks, AK",Alaska,245,245,490
2023,4,10,FAR,"Fargo, ND",North Dakota,508,507,1015
2023,4,10,FAT,"Fresno, CA",California,1017,1017,2034
2023,4,10,FAY,"Fayetteville, NC",North Carolina,97,97,194
2023,4,10,FCA,"Kalispell, MT",Montana,202,202,404
2023,4,10,FLG,"Flagstaff, AZ",Arizona,167,167,334
2023,4,10,FLL,"Fort Lauderdale, FL",Florida,7290,7290,14580
2023,4,10,FNT,"Flint, MI",Michigan,180,180,360
2023,4,10,FOD,"Fort Dodge, IA",Iowa,53,53,106
2023,4,10,FSD,"Sioux Falls, SD",South Dakota,589,589,1178
2023,4,10,FSM,"Fort Smith, AR",Arkansas,91,91,182
2023,4,10,FWA,"Fort Wayne, IN",Indiana,376,375,751
2023,4,10,GCC,"Gillette, WY",Wyoming,53,54,107
2023,4,10,GCK,"Garden City, KS",Kansas,62,62,124
2023,4,10,GEG,"Spokane, WA",Washington,1510,1510,3020
2023,4,10,GFK,"Grand Forks, ND",North Dakota,110,110,220
2023,4,10,GGG,"Longview, TX",Texas,62,62,124
2023,4,10,GJT,"Grand Junction, CO",Colorado,273,273,546
2023,4,10,GNV,"Gainesville, FL",Florida,263,262,525
2023,4,10,GPT,"Gulfport/Biloxi, MS",Mississippi,264,264,528
2023,4,10,GRB,"Green Bay, WI",Wisconsin,339,339,678
2023,4,10,GRI,"Grand Island, NE",Nebraska,80,80,160
2023,4,10,GRK,"Killeen, TX",Texas,150,150,300
2023,4,10,GRR,"Grand Rapids, MI",Michigan,1430,1430,2860
2023,4,10,GSO,"Greensboro/High Point, NC",North Carolina,1026,1026,2052
2023,4,10,GSP,"Greer, SC",South Carolina,1228,1227,2455
2023,4,10,GTF,"Great Falls, MT",Montana,227,227,454
2023,4,10,GTR,"Columbus, MS",Mississippi,62,62,124
2023,4,10,GUC,"Gunnison, CO",Colorado,31,31,62
2023,4,10,GUM,"Guam, TT",U.S. Pacific Trust Territories and Possessions,62,62,124
2023,4,10,HDN,"Hayden, CO",Colorado,93,93,186
2023,4,10,HGR,"Hagerstown, MD",Maryland,9,9,18
2023,4,10,HHH,"Hilton Head, SC",South Carolina,158,158,316
2023,4,10,HIB,"Hibbing, MN",Minnesota,53,53,106
2023,4,10,HLN,"Helena, MT",Montana,124,124,248
2023,4,10,HNL,"Honolulu, HI",Hawaii,5274,5270,10544
2023,4,10,HOU,"Houston, TX",Texas,5159,5160,10319
2023,4,10,HPN,"White Plains, NY",New York,1087,1089,2176
2023,4,10,HRL,"Harlingen/San Benito, TX",Texas,318,318,636
2023,4,10,HSV,"Huntsville, AL",Alabama,688,687,1375
2023,4,10,HTS,"Ashland, WV",West Virginia,34,34,68
2023,4,10,HYS,"Hays, KS",Kansas,62,62,124
2023,4,10,IAD,"Washington, DC",Virginia,4527,4524,9051
2023,4,10,IAG,"Niagara Falls, NY",New York,22,22,44
2023,4,10,IAH,"Houston, TX",Texas,9918,9932,19850
2023,4,10,ICT,"Wichita, KS",Kansas,764,763,1527
2023,4,10,IDA,"Idaho Falls, ID",Idaho,286,286,572
2023,4,10,ILM,"Wilmington, NC",North Carolina,658,658,1316
2023,4,10,IMT,"Iron Mountain/Kingsfd, MI",Michigan,62,62,124
2023,4,10,IND,"Indianapolis, IN",Indiana,4146,4148,8294
2023,4,10,INL,"International Falls, MN",Minnesota,53,53,106
2023,4,10,ISP,"Islip, NY",New York,405,406,811
2023,4,10,ITH,"Ithaca/Cortland, NY",New York,69,68,137
2023,4,10,ITO,"Hilo, HI",Hawaii,619,620,1239
2023,4,10,JAC,"Jackson, WY",Wyoming,278,277,555
2023,4,10,JAN,"Jackson/Vicksburg, MS",Mississippi,615,614,1229
2023,4,10,JAX,"Jacksonville, FL",Florida,2421,2421,4842
2023,4,10,JFK,"New York, NY",New York,10920,10913,21833
2023,4,10,JLN,"Joplin, MO",Missouri,53,53,106
2023,4,10,JMS,"Jamestown, ND",North Dakota,57,57,114
2023,4,10,JNU,"Juneau, AK",Alaska,372,372,744
2023,4,10,JST,"Johnstown, PA",Pennsylvania,62,62,124
2023,4,10,KOA,"Kona, HI",Hawaii,1456,1456,2912
2023,4,10,KTN,"Ketchikan, AK",Alaska,186,186,372
2023,4,10,LAN,"Lansing, MI",Michigan,115,115,230
2023,4,10,LAR,"Laramie, WY",Wyoming,53,53,106
2023,4,10,LAS,"Las Vegas, NV",Nevada,17503,17498,35001
2023,4,10,LAW,"Lawton/Fort Sill, OK",Oklahoma,90,90,180
2023,4,10,LAX,"Los Angeles, CA",California,16823,16835,33658
2023,4,10,LBB,"Lubbock, TX",Texas,537,537,1074
2023,4,10,LBE,"Latrobe, PA",Pennsylvania,62,62,124
2023,4,10,LBF,"North Platte, NE",Nebraska,53,53,106
2023,4,10,LBL,"Liberal, KS",Kansas,53,53,106
2023,4,10,LCH,"Lake Charles, LA",Louisiana,91,91,182
2023,4,10,LCK,"Columbus, OH",Ohio,78,78,156
2023,4,10,LEX,"Lexington, KY",Kentucky,742,743,1485
2023,4,10,LFT,"Lafayette, LA",Louisiana,283,282,565
2023,4,10,LGA,"New York, NY",New York,13861,13863,27724
2023,4,10,LGB,"Long Beach, CA",California,1501,1502,3003
2023,4,10,LIH,"Lihue, HI",Hawaii,1330,1330,2660
2023,4,10,LIT,"Little Rock, AR",Arkansas,1036,1034,2070
2023,4,10,LNK,"Lincoln, NE",Nebraska,92,92,184
2023,4,10,LRD,"Laredo, TX",Texas,129,129,258
2023,4,10,LSE,"La Crosse, WI",Wisconsin,9,8,17
2023,4,10,LWS,"Lewiston, ID",Idaho,85,86,171
2023,4,10,MAF,"Midland/Odessa, TX",Texas,787,787,1574
2023,4,10,MBS,"Saginaw/Bay City/Midland, MI",Michigan,181,181,362
2023,4,10,MCI,"Kansas City, MO",Missouri,4323,4323,8646
2023,4,10,MCO,"Orlando, FL",Florida,13927,13936,27863
2023,4,10,MCW,"Mason City, IA",Iowa,53,53,106
2023,4,10,MDT,"Harrisburg, PA",Pennsylvania,521,519,1040
2023,4,10,MDW,"Chicago, IL",Illinois,7653,7654,15307
2023,4,10,MEI,"Meridian, MS",Mississippi,53,53,106
2023,4,10,MEM,"Memphis, TN",Tennessee,2131,2130,4261
2023,4,10,MFE,"Mission/McAllen/Edinburg, TX",Texas,299,299,598
2023,4,10,MFR,"Medford, OR",Oregon,414,414,828
2023,4,10,MGM,"Montgomery, AL",Alabama,205,205,410
2023,4,10,MHK,"Manhattan/Ft. Riley, KS",Kansas,89,89,178
2023,4,10,MHT,"Manchester, NH",New Hampshire,595,596,1191
2023,4,10,MIA,"Miami, FL",Florida,8159,8156,16315
2023,4,10,MKE,"Milwaukee, WI",Wisconsin,2489,2489,4978
2023,4,10,MLB,"Melbourne, FL",Florida,220,220,440
2023,4,10,MLI,"Moline, IL",Illinois,260,260,520
2023,4,10,MLU,"Monroe, LA",Louisiana,151,151,302
2023,4,10,MOB,"Mobile, AL",Alabama,265,265,530
2023,4,10,MOT,"Minot, ND",North Dakota,196,196,392
2023,4,10,MQT,"Marquette, MI",Michigan,31,31,62
2023,4,10,MRY,"Monterey, CA",California,372,372,744
2023,4,10,MSN,"Madison, WI",Wisconsin,1022,1019,2041
2023,4,10,MSO,"Missoula, MT",Montana,276,276,552
2023,4,10,MSP,"Minneapolis, MN",Minnesota,10650,10653,21303
2023,4,10,MSY,"New Orleans, LA",Louisiana,4366,4367,8733
2023,4,10,MTJ,"Montrose/Delta, CO",Colorado,124,124,248
2023,4,10,MVY,"Martha's Vineyard, MA",Massachusetts,47,47,94
2023,4,10,MYR,"Myrtle Beach, SC",South Carolina,1198,1198,2396
2023,4,10,OAJ,"Jacksonville/Camp Lejeune, NC",North Carolina,122,121,243
2023,4,10,OAK,"Oakland, CA",California,3858,3856,7714
2023,4,10,OGG,"Kahului, HI",Hawaii,2207,2205,4412
2023,4,10,OKC,"Oklahoma City, OK",Oklahoma,1906,1905,3811
2023,4,10,OMA,"Omaha, NE",Nebraska,2037,2036,4073
2023,4,10,OME,"Nome, AK",Alaska,31,31,62
2023,4,10,ONT,"Ontario, CA",California,2215,2216,4431
2023,4,10,ORD,"Chicago, IL",Illinois,22812,22798,45610
2023,4,10,ORF,"Norfolk, VA",Virginia,1981,1980,3961
2023,4,10,ORH,"Worcester, MA",Massachusetts,100,102,202
2023,4,10,OTH,"North Bend/Coos Bay, OR",Oregon,31,31,62
2023,4,10,OTZ,"Kotzebue, AK",Alaska,31,31,62
2023,4,10,PAE,"Everett, WA",Washington,31,31,62
2023,4,10,PBG,"Plattsburgh, NY",New York,25,25,50
2023,4,10,PBI,"West Palm Beach/Palm Beach, FL",Florida,2005,2007,4012
2023,4,10,PDX,"Portland, OR",Oregon,5197,5196,10393
2023,4,10,PGD,"Punta Gorda, FL",Florida,456,456,912
2023,4,10,PHL,"Philadelphia, PA",Pennsylvania,8449,8444,16893
2023,4,10,PHX,"Phoenix, AZ",Arizona,15503,15507,31010
2023,4,10,PIA,"Peoria, IL",Illinois,299,299,598
2023,4,10,PIB,"Hattiesburg/Laurel, MS",Mississippi,53,53,106
2023,4,10,PIE,"St. Petersburg, FL",Florida,648,649,1297
2023,4,10,PIH,"Pocatello, ID",Idaho,62,62,124
2023,4,10,PIT,"Pittsburgh, PA",Pennsylvania,3748,3751,7499
2023,4,10,PLN,"Pellston, MI",Michigan,53,52,105
2023,4,10,PNS,"Pensacola, FL",Florida,982,982,1964
2023,4,10,PPG,"Pago Pago, TT",U.S. Pacific Trust Territories and Possessions,9,9,18
2023,4,10,PRC,"Prescott, AZ",Arizona,62,62,124
2023,4,10,PSC,"Pasco/Kennewick/Richland, WA",Washington,504,504,1008
2023,4,10,PSE,"Ponce, PR",Puerto Rico,81,82,163
2023,4,10,PSG,"Petersburg, AK",Alaska,62,62,124
2023,4,10,PSM,"Portsmouth, NH",New Hampshire,22,22,44
2023,4,10,PSP,"Palm Springs, CA",California,1068,1069,2137
2023,4,10,PVD,"Providence, RI",Rhode Island,1196,1194,2390
2023,4,10,PVU,"Provo, UT",Utah,193,193,386
2023,4,10,PWM,"Portland, ME",Maine,1082,1079,2161
2023,4,10,RAP,"Rapid City, SD",South Dakota,370,369,739
2023,4,10,RDD,"Redding, CA",California,142,142,284
2023,4,10,RDM,"Bend/Redmond, OR",Oregon,500,501,1001
2023,4,10,RDU,"Raleigh/Durham, NC",North Carolina,5547,5544,11091
2023,4,10,RFD,"Rockford, IL",Illinois,63,63,126
2023,4,10,RHI,"Rhinelander, WI",Wisconsin,62,61,123
2023,4,10,RIC,"Richmond, VA",Virginia,1627,1628,3255
2023,4,10,RIW,"Riverton/Lander, WY",Wyoming,39,39,78
2023,4,10,RKS,"Rock Springs, WY",Wyoming,39,39,78
2023,4,10,RNO,"Reno, NV",Nevada,1725,1725,3450
2023,4,10,ROA,"Roanoke, VA",Virginia,238,238,476
2023,4,10,ROC,"Rochester, NY",New York,1136,1134,2270
2023,4,10,ROW,"Roswell, NM",New Mexico,62,62,124
2023,4,10,RST,"Rochester, MN",Minnesota,141,141,282
2023,4,10,RSW,"Fort Myers, FL",Florida,2383,2387,4770
2023,4,10,SAF,"Santa Fe, NM",New Mexico,191,191,382
2023,4,10,SAN,"San Diego, CA",California,8026,8023,16049
2023,4,10,SAT,"San Antonio, TX",Texas,3669,3669,7338
2023,4,10,SAV,"Savannah, GA",Georgia,1522,1524,3046
2023,4,10,SBA,"Santa Barbara, CA",California,671,670,1341
2023,4,10,SBN,"South Bend, IN",Indiana,574,574,1148
2023,4,10,SBP,"San Luis Obispo, CA",California,467,466,933
2023,4,10,SCC,"Deadhorse, AK",Alaska,35,35,70
2023,4,10,SCE,"State College, PA",Pennsylvania,93,93,186
2023,4,10,SCK,"Stockton, CA",California,53,53,106
2023,4,10,SDF,"Louisville, KY",Kentucky,2144,2144,4288
2023,4,10,SEA,"Seattle, WA",Washington,14313,14309,28622
2023,4,10,SFB,"Sanford, FL",Florida,777,777,1554
2023,4,10,SFO,"San Francisco, CA",California,11784,11785,23569
2023,4,10,SGF,"Springfield, MO",Missouri,698,698,1396
2023,4,10,SGU,"St. George, UT",Utah,297,297,594
2023,4,10,SHR,"Sheridan, WY",Wyoming,53,53,106
2023,4,10,SHV,"Shreveport, LA",Louisiana,333,333,666
2023,4,10,SIT,"Sitka, AK",Alaska,93,93,186
2023,4,10,SJC,"San Jose, CA",California,4365,4366,8731
2023,4,10,SJT,"San Angelo, TX",Texas,91,91,182
2023,4,10,SJU,"San Juan, PR",Puerto Rico,2290,2291,4581
2023,4,10,SLC,"Salt Lake City, UT",Utah,9414,9417,18831
2023,4,10,SLN,"Salina, KS",Kansas,62,62,124
2023,4,10,SMF,"Sacramento, CA",California,4604,4606,9210
2023,4,10,SMX,"Santa Maria, CA",California,9,9,18
2023,4,10,SNA,"Santa Ana, CA",California,3847,3851,7698
2023,4,10,SPI,"Springfield, IL",Illinois,8,8,16
2023,4,10,SPN,"Saipan, TT",U.S. Pacific Trust Territories and Possessions,31,31,62
2023,4,10,SPS,"Wichita Falls, TX",Texas,61,61,122
2023,4,10,SRQ,"Sarasota/Bradenton, FL",Florida,1230,1231,2461
2023,4,10,STC,"St. Cloud, MN",Minnesota,8,8,16
2023,4,10,STL,"St. Louis, MO",Missouri,5703,5702,11405
2023,4,10,STS,"Santa Rosa, CA",California,332,333,665
2023,4,10,STT,"Charlotte Amalie, VI",U.S. Virgin Islands,236,236,472
2023,4,10,STX,"Christiansted, VI",U.S. Virgin Islands,53,53,106
2023,4,10,SUN,"Sun Valley/Hailey/Ketchum, ID",Idaho,109,109,218
2023,4,10,SUX,"Sioux City, IA",Iowa,62,62,124
2023,4,10,SWF,"Newburgh/Poughkeepsie, NY",New York,27,27,54
2023,4,10,SWO,"Stillwater, OK",Oklahoma,62,62,124
2023,4,10,SYR,"Syracuse, NY",New York,1149,1150,2299
2023,4,10,TLH,"Tallahassee, FL",Florida,485,485,970
2023,4,10,TOL,"Toledo, OH",Ohio,33,33,66
2023,4,10,TPA,"Tampa, FL",Florida,6607,6608,13215
2023,4,10,TRI,"Bristol/Johnson City/Kingsport, TN",Tennessee,214,212,426
2023,4,10,TTN,"Trenton, NJ",New Jersey,204,204,408
2023,4,10,TUL,"Tulsa, OK",Oklahoma,1486,1482,2968
2023,4,10,TUS,"Tucson, AZ",Arizona,1463,1463,2926
2023,4,10,TVC,"Traverse City, MI",Michigan,231,232,463
2023,4,10,TWF,"Twin Falls, ID",Idaho,62,62,124
2023,4,10,TXK,"Texarkana, AR",Arkansas,93,93,186
2023,4,10,TYR,"Tyler, TX",Texas,90,90,180
2023,4,10,TYS,"Knoxville, TN",Tennessee,1349,1350,2699
2023,4,10,USA,"Concord, NC",North Carolina,67,67,134
2023,4,10,VCT,"Victoria, TX",Texas,54,54,108
2023,4,10,VEL,"Vernal, UT",Utah,53,53,106
2023,4,10,VLD,"Valdosta, GA",Georgia,62,62,124
2023,4,10,VPS,"Valparaiso, FL",Florida,800,800,1600
2023,4,10,WRG,"Wrangell, AK",Alaska,62,62,124
2023,4,10,WYS,"West Yellowstone, MT",Montana,21,21,42
2023,4,10,XNA,"Fayetteville, AR",Arkansas,1029,1030,2059
2023,4,10,XWA,"Williston, ND",North Dakota,155,155,310
2023,4,10,YAK,"Yakutat, AK",Alaska,62,62,124
2023,4,10,YUM,"Yuma, AZ",Arizona,138,139,277
2023,4,11,ABE,"Allentown/Bethlehem/Easton, PA",Pennsylvania,374,374,748
2023,4,11,ABI,"Abilene, TX",Texas,141,141,282
2023,4,11,ABQ,"Albuquerque, NM",New Mexico,2005,2005,4010
2023,4,11,ABR,"Aberdeen, SD",South Dakota,59,59,118
2023,4,11,ABY,"Albany, GA",Georgia,60,60,120
2023,4,11,ACT,"Waco, TX",Texas,87,87,174
2023,4,11,ACV,"Arcata/Eureka, CA",California,149,149,298
2023,4,11,ACY,"Atlantic City, NJ",New Jersey,325,324,649
2023,4,11,ADK,"Adak Island, AK",Alaska,9,9,18
2023,4,11,ADQ,"Kodiak, AK",Alaska,57,57,114
2023,4,11,AEX,"Alexandria, LA",Louisiana,147,147,294
2023,4,11,AGS,"Augusta, GA",Georgia,252,252,504
2023,4,11,ALB,"Albany, NY",New York,953,952,1905
2023,4,11,ALW,"Walla Walla, WA",Washington,59,59,118
2023,4,11,AMA,"Amarillo, TX",Texas,453,453,906
2023,4,11,ANC,"Anchorage, AK",Alaska,1165,1165,2330
2023,4,11,APN,"Alpena, MI",Michigan,50,50,100
2023,4,11,ASE,"Aspen, CO",Colorado,269,269,538
2023,4,11,ATL,"Atlanta, GA",Georgia,27473,27466,54939
2023,4,11,ATW,"Appleton, WI",Wisconsin,454,455,909
2023,4,11,AUS,"Austin, TX",Texas,7714,7711,15425
2023,4,11,AVL,"Asheville, NC",North Carolina,1007,1006,2013
2023,4,11,AVP,"Scranton/Wilkes-Barre, PA",Pennsylvania,167,166,333
2023,4,11,AZA,"Phoenix, AZ",Arizona,469,469,938
2023,4,11,AZO,"Kalamazoo, MI",Michigan,81,81,162
2023,4,11,BDL,"Hartford, CT",Connecticut,1674,1676,3350
2023,4,11,BET,"Bethel, AK",Alaska,58,58,116
2023,4,11,BFF,"Scottsbluff, NE",Nebraska,50,50,100
2023,4,11,BFL,"Bakersfield, CA",California,210,209,419
2023,4,11,BGM,"Binghamton, NY",New York,54,54,108
2023,4,11,BGR,"Bangor, ME",Maine,270,269,539
2023,4,11,BHM,"Birmingham, AL",Alabama,1467,1469,2936
2023,4,11,BIL,"Billings, MT",Montana,249,249,498
2023,4,11,BIS,"Bismarck/Mandan, ND",North Dakota,288,287,575
2023,4,11,BJI,"Bemidji, MN",Minnesota,58,59,117
2023,4,11,BLI,"Bellingham, WA",Washington,229,229,458
2023,4,11,BLV,"Belleville, IL",Illinois,61,61,122
2023,4,11,BMI,"Bloomington/Normal, IL",Illinois,137,137,274
2023,4,11,BNA,"Nashville, TN",Tennessee,8161,8156,16317
2023,4,11,BOI,"Boise, ID",Idaho,1776,1773,3549
2023,4,11,BOS,"Boston, MA",Massachusetts,11142,11139,22281
2023,4,11,BPT,"Beaumont/Port Arthur, TX",Texas,59,59,118
2023,4,11,BQK,"Brunswick, GA",Georgia,59,59,118
2023,4,11,BQN,"Aguadilla, PR",Puerto Rico,248,248,496
2023,4,11,BRD,"Brainerd, MN",Minnesota,51,51,102
2023,4,11,BRO,"Brownsville, TX",Texas,114,114,228
2023,4,11,BRW,"Barrow, AK",Alaska,29,29,58
2023,4,11,BTM,"Butte, MT",Montana,56,56,112
2023,4,11,BTR,"Baton Rouge, LA",Louisiana,393,392,785
2023,4,11,BTV,"Burlington, VT",Vermont,577,577,1154
2023,4,11,BUF,"Buffalo, NY",New York,1782,1783,3565
2023,4,11,BUR,"Burbank, CA",California,2508,2508,5016
2023,4,11,BWI,"Baltimore, MD",Maryland,8293,8292,16585
2023,4,11,BZN,"Bozeman, MT",Montana,591,591,1182
2023,4,11,CAE,"Columbia, SC",South Carolina,534,535,1069
2023,4,11,CAK,"Akron, OH",Ohio,271,270,541
2023,4,11,CDC,"Cedar City, UT",Utah,52,52,104
2023,4,11,CDV,"Cordova, AK",Alaska,58,58,116
2023,4,11,CHA,"Chattanooga, TN",Tennessee,443,442,885
2023,4,11,CHO,"Charlottesville, VA",Virginia,240,240,480
2023,4,11,CHS,"Charleston, SC",South Carolina,2001,1999,4000
2023,4,11,CID,"Cedar Rapids/Iowa City, IA",Iowa,633,632,1265
2023,4,11,CIU,"Sault Ste. Marie, MI",Michigan,59,59,118
2023,4,11,CKB,"Clarksburg/Fairmont, WV",West Virginia,17,17,34
2023,4,11,CLE,"Cleveland, OH",Ohio,3553,3552,7105
2023,4,11,CLL,"College Station/Bryan, TX",Texas,90,90,180
2023,4,11,CLT,"Charlotte, NC",North Carolina,16708,16705,33413
2023,4,11,CMH,"Columbus, OH",Ohio,3408,3408,6816
2023,4,11,CMI,"Champaign/Urbana, IL",Illinois,117,117,234
2023,4,11,CMX,"Hancock/Houghton, MI",Michigan,59,59,118
2023,4,11,CNY,"Moab, UT",Utah,52,52,104
2023,4,11,COS,"Colorado Springs, CO",Colorado,996,996,1992
2023,4,11,COU,"Columbia, MO",Missouri,119,119,238
2023,4,11,CPR,"Casper, WY",Wyoming,35,35,70
2023,4,11,CRP,"Corpus Christi, TX",Texas,306,306,612
2023,4,11,CRW,"Charleston/Dunbar, WV",West Virginia,280,280,560
2023,4,11,CSG,"Columbus, GA",Georgia,82,82,164
2023,4,11,CVG,"Cincinnati, OH",Kentucky,3276,3276,6552
2023,4,11,CWA,"Mosinee, WI",Wisconsin,59,59,118
2023,4,11,CYS,"Cheyenne, WY",Wyoming,55,55,110
2023,4,11,DAB,"Daytona Beach, FL",Florida,196,196,392
2023,4,11,DAL,"Dallas, TX",Texas,6307,6309,12616
2023,4,11,DAY,"Dayton, OH",Ohio,660,658,1318
2023,4,11,DCA,"Washington, DC",Virginia,11353,11354,22707
2023,4,11,DDC,"Dodge City, KS",Kansas,51,51,102
2023,4,11,DEC,"Decatur, IL",Illinois,81,81,162
2023,4,11,DEN,"Denver, CO",Colorado,23934,23939,47873
2023,4,11,DFW,"Dallas/Fort Worth, TX",Texas,24070,24071,48141
2023,4,11,DHN,"Dothan, AL",Alabama,59,59,118
2023,4,11,DIK,"Dickinson, ND",North Dakota,54,54,108
2023,4,11,DLH,"Duluth, MN",Minnesota,143,143,286
2023,4,11,DRO,"Durango, CO",Colorado,264,264,528
2023,4,11,DSM,"Des Moines, IA",Iowa,1215,1215,2430
2023,4,11,DTW,"Detroit, MI",Michigan,10320,10317,20637
2023,4,11,DVL,"Devils Lake, ND",North Dakota,55,55,110
2023,4,11,ECP,"Panama City, FL",Florida,486,485,971
2023,4,11,EGE,"Eagle, CO",Colorado,88,88,176
2023,4,11,EKO,"Elko, NV",Nevada,30,30,60
2023,4,11,ELM,"Elmira/Corning, NY",New York,76,76,152
2023,4,11,ELP,"El Paso, TX",Texas,1437,1438,2875
2023,4,11,ESC,"Escanaba, MI",Michigan,52,52,104
2023,4,11,EUG,"Eugene, OR",Oregon,679,679,1358
2023,4,11,EVV,"Evansville, IN",Indiana,173,173,346
2023,4,11,EWR,"Newark, NJ",New Jersey,10737,10741,21478
2023,4,11,EYW,"Key West, FL",Florida,675,676,1351
2023,4,11,FAI,"Fairbanks, AK",Alaska,207,207,414
2023,4,11,FAR,"Fargo, ND",North Dakota,496,497,993
2023,4,11,FAT,"Fresno, CA",California,995,994,1989
2023,4,11,FAY,"Fayetteville, NC",North Carolina,115,115,230
2023,4,11,FCA,"Kalispell, MT",Montana,182,182,364
2023,4,11,FLG,"Flagstaff, AZ",Arizona,162,161,323
2023,4,11,FLL,"Fort Lauderdale, FL",Florida,7683,7687,15370
2023,4,11,FNT,"Flint, MI",Michigan,150,149,299
2023,4,11,FOD,"Fort Dodge, IA",Iowa,51,51,102
2023,4,11,FSD,"Sioux Falls, SD",South Dakota,538,538,1076
2023,4,11,FSM,"Fort Smith, AR",Arkansas,85,85,170
2023,4,11,FWA,"Fort Wayne, IN",Indiana,346,346,692
2023,4,11,GCC,"Gillette, WY",Wyoming,59,59,118
2023,4,11,GCK,"Garden City, KS",Kansas,59,59,118
2023,4,11,GEG,"Spokane, WA",Washington,1426,1427,2853
2023,4,11,GFK,"Grand Forks, ND",North Dakota,105,105,210
2023,4,11,GGG,"Longview, TX",Texas,59,59,118
2023,4,11,GJT,"Grand Junction, CO",Colorado,242,242,484
2023,4,11,GNV,"Gainesville, FL",Florida,277,278,555
2023,4,11,GPT,"Gulfport/Biloxi, MS",Mississippi,231,231,462
2023,4,11,GRB,"Green Bay, WI",Wisconsin,326,326,652
2023,4,11,GRI,"Grand Island, NE",Nebraska,77,77,154
2023,4,11,GRK,"Killeen, TX",Texas,133,133,266
2023,4,11,GRR,"Grand Rapids, MI",Michigan,1353,1355,2708
2023,4,11,GSO,"Greensboro/High Point, NC",North Carolina,1021,1020,2041
2023,4,11,GSP,"Greer, SC",South Carolina,1198,1199,2397
2023,4,11,GTF,"Great Falls, MT",Montana,214,214,428
2023,4,11,GTR,"Columbus, MS",Mississippi,60,60,120
2023,4,11,GUC,"Gunnison, CO",Colorado,30,30,60
2023,4,11,GUM,"Guam, TT",U.S. Pacific Trust Territories and Possessions,60,60,120
2023,4,11,HDN,"Hayden, CO",Colorado,89,89,178
2023,4,11,HGR,"Hagerstown, MD",Maryland,13,13,26
2023,4,11,HHH,"Hilton Head, SC",South Carolina,67,67,134
2023,4,11,HIB,"Hibbing, MN",Minnesota,50,50,100
2023,4,11,HLN,"Helena, MT",Montana,128,128,256
2023,4,11,HNL,"Honolulu, HI",Hawaii,5141,5138,10279
2023,4,11,HOU,"Houston, TX",Texas,4887,4888,9775
2023,4,11,HPN,"White Plains, NY",New York,1039,1039,2078
2023,4,11,HRL,"Harlingen/San Benito, TX",Texas,340,340,680
2023,4,11,HSV,"Huntsville, AL",Alabama,680,680,1360
2023,4,11,HTS,"Ashland, WV",West Virginia,23,23,46
2023,4,11,HYS,"Hays, KS",Kansas,59,59,118
2023,4,11,IAD,"Washington, DC",Virginia,3720,3719,7439
2023,4,11,IAG,"Niagara Falls, NY",New York,29,29,58
2023,4,11,IAH,"Houston, TX",Texas,9019,9024,18043
2023,4,11,ICT,"Wichita, KS",Kansas,693,694,1387
2023,4,11,IDA,"Idaho Falls, ID",Idaho,272,271,543
2023,4,11,ILM,"Wilmington, NC",North Carolina,556,554,1110
2023,4,11,IMT,"Iron Mountain/Kingsfd, MI",Michigan,60,60,120
2023,4,11,IND,"Indianapolis, IN",Indiana,3700,3701,7401
2023,4,11,INL,"International Falls, MN",Minnesota,50,50,100
2023,4,11,ISP,"Islip, NY",New York,462,462,924
2023,4,11,ITH,"Ithaca/Cortland, NY",New York,61,61,122
2023,4,11,ITO,"Hilo, HI",Hawaii,608,608,1216
2023,4,11,JAC,"Jackson, WY",Wyoming,207,207,414
2023,4,11,JAN,"Jackson/Vicksburg, MS",Mississippi,607,608,1215
2023,4,11,JAX,"Jacksonville, FL",Florida,2441,2440,4881
2023,4,11,JFK,"New York, NY",New York,10520,10522,21042
2023,4,11,JLN,"Joplin, MO",Missouri,50,50,100
2023,4,11,JMS,"Jamestown, ND",North Dakota,55,55,110
2023,4,11,JNU,"Juneau, AK",Alaska,326,325,651
2023,4,11,JST,"Johnstown, PA",Pennsylvania,59,59,118
2023,4,11,KOA,"Kona, HI",Hawaii,1382,1383,2765
2023,4,11,KTN,"Ketchikan, AK",Alaska,176,176,352
2023,4,11,LAN,"Lansing, MI",Michigan,107,107,214
2023,4,11,LAR,"Laramie, WY",Wyoming,51,51,102
2023,4,11,LAS,"Las Vegas, NV",Nevada,16234,16237,32471
2023,4,11,LAW,"Lawton/Fort Sill, OK",Oklahoma,85,85,170
2023,4,11,LAX,"Los Angeles, CA",California,15742,15744,31486
2023,4,11,LBB,"Lubbock, TX",Texas,483,484,967
2023,4,11,LBE,"Latrobe, PA",Pennsylvania,44,44,88
2023,4,11,LBF,"North Platte, NE",Nebraska,50,50,100
2023,4,11,LBL,"Liberal, KS",Kansas,51,51,102
2023,4,11,LCH,"Lake Charles, LA",Louisiana,89,89,178
2023,4,11,LCK,"Columbus, OH",Ohio,67,67,134
2023,4,11,LEX,"Lexington, KY",Kentucky,655,653,1308
2023,4,11,LFT,"Lafayette, LA",Louisiana,253,254,507
2023,4,11,LGA,"New York, NY",New York,13264,13268,26532
2023,4,11,LGB,"Long Beach, CA",California,1450,1450,2900
2023,4,11,LIH,"Lihue, HI",Hawaii,1309,1310,2619
2023,4,11,LIT,"Little Rock, AR",Arkansas,936,935,1871
2023,4,11,LNK,"Lincoln, NE",Nebraska,86,86,172
2023,4,11,LRD,"Laredo, TX",Texas,124,124,248
2023,4,11,LWS,"Lewiston, ID",Idaho,90,90,180
2023,4,11,MAF,"Midland/Odessa, TX",Texas,689,689,1378
2023,4,11,MBS,"Saginaw/Bay City/Midland, MI",Michigan,159,159,318
2023,4,11,MCI,"Kansas City, MO",Missouri,3993,3992,7985
2023,4,11,MCO,"Orlando, FL",Florida,14325,14333,28658
2023,4,11,MCW,"Mason City, IA",Iowa,51,51,102
2023,4,11,MDT,"Harrisburg, PA",Pennsylvania,438,438,876
2023,4,11,MDW,"Chicago, IL",Illinois,6745,6746,13491
2023,4,11,MEI,"Meridian, MS",Mississippi,51,51,102
2023,4,11,MEM,"Memphis, TN",Tennessee,1927,1927,3854
2023,4,11,MFE,"Mission/McAllen/Edinburg, TX",Texas,280,280,560
2023,4,11,MFR,"Medford, OR",Oregon,412,412,824
2023,4,11,MGM,"Montgomery, AL",Alabama,196,196,392
2023,4,11,MHK,"Manhattan/Ft. Riley, KS",Kansas,88,88,176
2023,4,11,MHT,"Manchester, NH",New Hampshire,485,482,967
2023,4,11,MIA,"Miami, FL",Florida,8861,8866,17727
2023,4,11,MKE,"Milwaukee, WI",Wisconsin,2280,2280,4560
2023,4,11,MLB,"Melbourne, FL",Florida,215,215,430
2023,4,11,MLI,"Moline, IL",Illinois,278,278,556
2023,4,11,MLU,"Monroe, LA",Louisiana,145,146,291
2023,4,11,MOB,"Mobile, AL",Alabama,235,235,470
2023,4,11,MOT,"Minot, ND",North Dakota,191,191,382
2023,4,11,MQT,"Marquette, MI",Michigan,30,30,60
2023,4,11,MRY,"Monterey, CA",California,344,343,687
2023,4,11,MSN,"Madison, WI",Wisconsin,887,889,1776
2023,4,11,MSO,"Missoula, MT",Montana,220,220,440
2023,4,11,MSP,"Minneapolis, MN",Minnesota,9776,9766,19542
2023,4,11,MSY,"New Orleans, LA",Louisiana,4171,4172,8343
2023,4,11,MTJ,"Montrose/Delta, CO",Colorado,119,119,238
2023,4,11,MYR,"Myrtle Beach, SC",South Carolina,946,945,1891
2023,4,11,OAJ,"Jacksonville/Camp Lejeune, NC",North Carolina,102,102,204
2023,4,11,OAK,"Oakland, CA",California,3784,3786,7570
2023,4,11,OGG,"Kahului, HI",Hawaii,2144,2149,4293
2023,4,11,OKC,"Oklahoma City, OK",Oklahoma,1784,1783,3567
2023,4,11,OMA,"Omaha, NE",Nebraska,1952,1952,3904
2023,4,11,OME,"Nome, AK",Alaska,29,29,58
2023,4,11,ONT,"Ontario, CA",California,2091,2087,4178
2023,4,11,ORD,"Chicago, IL",Illinois,20354,20352,40706
2023,4,11,ORF,"Norfolk, VA",Virginia,1691,1692,3383
2023,4,11,ORH,"Worcester, MA",Massachusetts,98,98,196
2023,4,11,OTH,"North Bend/Coos Bay, OR",Oregon,30,30,60
2023,4,11,OTZ,"Kotzebue, AK",Alaska,29,29,58
2023,4,11,PAE,"Everett, WA",Washington,60,60,120
2023,4,11,PBG,"Plattsburgh, NY",New York,28,28,56
2023,4,11,PBI,"West Palm Beach/Palm Beach, FL",Florida,2376,2379,4755
2023,4,11,PDX,"Portland, OR",Oregon,4815,4812,9627
2023,4,11,PGD,"Punta Gorda, FL",Florida,444,444,888
2023,4,11,PHL,"Philadelphia, PA",Pennsylvania,7338,7330,14668
2023,4,11,PHX,"Phoenix, AZ",Arizona,15792,15803,31595
2023,4,11,PIA,"Peoria, IL",Illinois,277,276,553
2023,4,11,PIB,"Hattiesburg/Laurel, MS",Mississippi,51,51,102
2023,4,11,PIE,"St. Petersburg, FL",Florida,586,586,1172
2023,4,11,PIH,"Pocatello, ID",Idaho,60,60,120
2023,4,11,PIT,"Pittsburgh, PA",Pennsylvania,3503,3503,7006
2023,4,11,PLN,"Pellston, MI",Michigan,51,52,103
2023,4,11,PNS,"Pensacola, FL",Florida,903,903,1806
2023,4,11,PPG,"Pago Pago, TT",U.S. Pacific Trust Territories and Possessions,9,9,18
2023,4,11,PRC,"Prescott, AZ",Arizona,59,59,118
2023,4,11,PSC,"Pasco/Kennewick/Richland, WA",Washington,424,424,848
2023,4,11,PSE,"Ponce, PR",Puerto Rico,104,104,208
2023,4,11,PSG,"Petersburg, AK",Alaska,58,58,116
2023,4,11,PSM,"Portsmouth, NH",New Hampshire,20,20,40
2023,4,11,PSP,"Palm Springs, CA",California,1258,1257,2515
2023,4,11,PVD,"Providence, RI",Rhode Island,1050,1050,2100
2023,4,11,PVU,"Provo, UT",Utah,187,187,374
2023,4,11,PWM,"Portland, ME",Maine,720,719,1439
2023,4,11,RAP,"Rapid City, SD",South Dakota,279,279,558
2023,4,11,RDD,"Redding, CA",California,129,129,258
2023,4,11,RDM,"Bend/Redmond, OR",Oregon,487,487,974
2023,4,11,RDU,"Raleigh/Durham, NC",North Carolina,4986,4983,9969
2023,4,11,RFD,"Rockford, IL",Illinois,58,58,116
2023,4,11,RHI,"Rhinelander, WI",Wisconsin,58,59,117
2023,4,11,RIC,"Richmond, VA",Virginia,1525,1524,3049
2023,4,11,RIW,"Riverton/Lander, WY",Wyoming,38,38,76
2023,4,11,RKS,"Rock Springs, WY",Wyoming,38,38,76
2023,4,11,RNO,"Reno, NV",Nevada,1579,1577,3156
2023,4,11,ROA,"Roanoke, VA",Virginia,218,218,436
2023,4,11,ROC,"Rochester, NY",New York,1047,1047,2094
2023,4,11,ROW,"Roswell, NM",New Mexico,59,59,118
2023,4,11,RST,"Rochester, MN",Minnesota,88,88,176
2023,4,11,RSW,"Fort Myers, FL",Florida,2927,2930,5857
2023,4,11,SAF,"Santa Fe, NM",New Mexico,129,129,258
2023,4,11,SAN,"San Diego, CA",California,7673,7677,15350
2023,4,11,SAT,"San Antonio, TX",Texas,3480,3482,6962
2023,4,11,SAV,"Savannah, GA",Georgia,1411,1408,2819
2023,4,11,SBA,"Santa Barbara, CA",California,627,628,1255
2023,4,11,SBN,"South Bend, IN",Indiana,499,499,998
2023,4,11,SBP,"San Luis Obispo, CA",California,420,420,840
2023,4,11,SCC,"Deadhorse, AK",Alaska,35,35,70
2023,4,11,SCE,"State College, PA",Pennsylvania,94,94,188
2023,4,11,SCK,"Stockton, CA",California,43,43,86
2023,4,11,SDF,"Louisville, KY",Kentucky,1885,1885,3770
2023,4,11,SEA,"Seattle, WA",Washington,13117,13106,26223
2023,4,11,SFB,"Sanford, FL",Florida,728,728,1456
2023,4,11,SFO,"San Francisco, CA",California,11186,11184,22370
2023,4,11,SGF,"Springfield, MO",Missouri,639,638,1277
2023,4,11,SGU,"St. George, UT",Utah,254,255,509
2023,4,11,SHR,"Sheridan, WY",Wyoming,59,59,118
2023,4,11,SHV,"Shreveport, LA",Louisiana,302,302,604
2023,4,11,SIT,"Sitka, AK",Alaska,89,89,178
2023,4,11,SJC,"San Jose, CA",California,4132,4134,8266
2023,4,11,SJT,"San Angelo, TX",Texas,87,87,174
2023,4,11,SJU,"San Juan, PR",Puerto Rico,2571,2577,5148
2023,4,11,SLC,"Salt Lake City, UT",Utah,8816,8819,17635
2023,4,11,SLN,"Salina, KS",Kansas,59,59,118
2023,4,11,SMF,"Sacramento, CA",California,4394,4393,8787
2023,4,11,SMX,"Santa Maria, CA",California,12,12,24
2023,4,11,SNA,"Santa Ana, CA",California,3675,3673,7348
2023,4,11,SPI,"Springfield, IL",Illinois,10,10,20
2023,4,11,SPN,"Saipan, TT",U.S. Pacific Trust Territories and Possessions,30,30,60
2023,4,11,SPS,"Wichita Falls, TX",Texas,58,58,116
2023,4,11,SRQ,"Sarasota/Bradenton, FL",Florida,1348,1349,2697
2023,4,11,STC,"St. Cloud, MN",Minnesota,8,8,16
2023,4,11,STL,"St. Louis, MO",Missouri,5245,5244,10489
2023,4,11,STS,"Santa Rosa, CA",California,306,306,612
2023,4,11,STT,"Charlotte Amalie, VI",U.S. Virgin Islands,377,377,754
2023,4,11,STX,"Christiansted, VI",U.S. Virgin Islands,79,79,158
2023,4,11,SUN,"Sun Valley/Hailey/Ketchum, ID",Idaho,89,89,178
2023,4,11,SUX,"Sioux City, IA",Iowa,59,59,118
2023,4,11,SWF,"Newburgh/Poughkeepsie, NY",New York,30,30,60
2023,4,11,SWO,"Stillwater, OK",Oklahoma,59,59,118
2023,4,11,SYR,"Syracuse, NY",New York,1143,1143,2286
2023,4,11,TLH,"Tallahassee, FL",Florida,407,406,813
2023,4,11,TOL,"Toledo, OH",Ohio,38,38,76
2023,4,11,TPA,"Tampa, FL",Florida,6737,6743,13480
2023,4,11,TRI,"Bristol/Johnson City/Kingsport, TN",Tennessee,219,219,438
2023,4,11,TTN,"Trenton, NJ",New Jersey,215,215,430
2023,4,11,TUL,"Tulsa, OK",Oklahoma,1268,1269,2537
2023,4,11,TUS,"Tucson, AZ",Arizona,1454,1453,2907
2023,4,11,TVC,"Traverse City, MI",Michigan,230,229,459
2023,4,11,TWF,"Twin Falls, ID",Idaho,60,60,120
2023,4,11,TXK,"Texarkana, AR",Arkansas,88,88,176
2023,4,11,TYR,"Tyler, TX",Texas,86,86,172
2023,4,11,TYS,"Knoxville, TN",Tennessee,1155,1154,2309
2023,4,11,USA,"Concord, NC",North Carolina,63,63,126
2023,4,11,VCT,"Victoria, TX",Texas,51,51,102
2023,4,11,VEL,"Vernal, UT",Utah,51,51,102
2023,4,11,VLD,"Valdosta, GA",Georgia,60,60,120
2023,4,11,VPS,"Valparaiso, FL",Florida,642,642,1284
2023,4,11,WRG,"Wrangell, AK",Alaska,58,58,116
2023,4,11,XNA,"Fayetteville, AR",Arkansas,986,986,1972
2023,4,11,XWA,"Williston, ND",North Dakota,136,136,272
2023,4,11,YAK,"Yakutat, AK",Alaska,58,58,116
2023,4,11,YUM,"Yuma, AZ",Arizona,144,144,288
2023,4,12,ABE,"Allentown/Bethlehem/Easton, PA",Pennsylvania,376,376,752
2023,4,12,ABI,"Abilene, TX",Texas,149,149,298
2023,4,12,ABQ,"Albuquerque, NM",New Mexico,2034,2033,4067
2023,4,12,ABR,"Aberdeen, SD",South Dakota,60,60,120
2023,4,12,ABY,"Albany, GA",Georgia,62,62,124
2023,4,12,ACT,"Waco, TX",Texas,92,92,184
2023,4,12,ACV,"Arcata/Eureka, CA",California,155,155,310
2023,4,12,ACY,"Atlantic City, NJ",New Jersey,307,306,613
2023,4,12,ADK,"Adak Island, AK",Alaska,9,9,18
2023,4,12,ADQ,"Kodiak, AK",Alaska,50,49,99
2023,4,12,AEX,"Alexandria, LA",Louisiana,154,154,308
2023,4,12,AGS,"Augusta, GA",Georgia,217,215,432
2023,4,12,ALB,"Albany, NY",New York,957,955,1912
2023,4,12,ALW,"Walla Walla, WA",Washington,62,62,124
2023,4,12,AMA,"Amarillo, TX",Texas,461,460,921
2023,4,12,ANC,"Anchorage, AK",Alaska,1188,1190,2378
2023,4,12,APN,"Alpena, MI",Michigan,52,52,104
2023,4,12,ASE,"Aspen, CO",Colorado,640,645,1285
2023,4,12,ATL,"Atlanta, GA",Georgia,28027,28052,56079
2023,4,12,ATW,"Appleton, WI",Wisconsin,476,476,952
2023,4,12,AUS,"Austin, TX",Texas,7664,7661,15325
2023,4,12,AVL,"Asheville, NC",North Carolina,956,956,1912
2023,4,12,AVP,"Scranton/Wilkes-Barre, PA",Pennsylvania,136,136,272
2023,4,12,AZA,"Phoenix, AZ",Arizona,509,510,1019
2023,4,12,AZO,"Kalamazoo, MI",Michigan,77,77,154
2023,4,12,BDL,"Hartford, CT",Connecticut,1671,1671,3342
2023,4,12,BET,"Bethel, AK",Alaska,60,60,120
2023,4,12,BFF,"Scottsbluff, NE",Nebraska,52,52,104
2023,4,12,BFL,"Bakersfield, CA",California,195,194,389
2023,4,12,BGM,"Binghamton, NY",New York,50,50,100
2023,4,12,BGR,"Bangor, ME",Maine,238,238,476
2023,4,12,BHM,"Birmingham, AL",Alabama,1439,1432,2871
2023,4,12,BIH,"Bishop, CA",California,29,29,58
2023,4,12,BIL,"Billings, MT",Montana,277,278,555
2023,4,12,BIS,"Bismarck/Mandan, ND",North Dakota,282,283,565
2023,4,12,BJI,"Bemidji, MN",Minnesota,60,60,120
2023,4,12,BLI,"Bellingham, WA",Washington,236,236,472
2023,4,12,BLV,"Belleville, IL",Illinois,62,62,124
2023,4,12,BMI,"Bloomington/Normal, IL",Illinois,142,142,284
2023,4,12,BNA,"Nashville, TN",Tennessee,8239,8241,16480
2023,4,12,BOI,"Boise, ID",Idaho,1689,1689,3378
2023,4,12,BOS,"Boston, MA",Massachusetts,10660,10661,21321
2023,4,12,BPT,"Beaumont/Port Arthur, TX",Texas,62,62,124
2023,4,12,BQK,"Brunswick, GA",Georgia,62,62,124
2023,4,12,BQN,"Aguadilla, PR",Puerto Rico,245,246,491
2023,4,12,BRD,"Brainerd, MN",Minnesota,51,51,102
2023,4,12,BRO,"Brownsville, TX",Texas,111,111,222
2023,4,12,BRW,"Barrow, AK",Alaska,30,30,60
2023,4,12,BTM,"Butte, MT",Montana,56,55,111
2023,4,12,BTR,"Baton Rouge, LA",Louisiana,368,367,735
2023,4,12,BTV,"Burlington, VT",Vermont,528,528,1056
2023,4,12,BUF,"Buffalo, NY",New York,1582,1579,3161
2023,4,12,BUR,"Burbank, CA",California,2631,2632,5263
2023,4,12,BWI,"Baltimore, MD",Maryland,8418,8418,16836
2023,4,12,BZN,"Bozeman, MT",Montana,813,815,1628
2023,4,12,CAE,"Columbia, SC",South Carolina,497,494,991
2023,4,12,CAK,"Akron, OH",Ohio,247,247,494
2023,4,12,CDC,"Cedar City, UT",Utah,51,51,102
2023,4,12,CDV,"Cordova, AK",Alaska,60,60,120
2023,4,12,CHA,"Chattanooga, TN",Tennessee,427,428,855
2023,4,12,CHO,"Charlottesville, VA",Virginia,222,222,444
2023,4,12,CHS,"Charleston, SC",South Carolina,1973,1973,3946
2023,4,12,CID,"Cedar Rapids/Iowa City, IA",Iowa,602,601,1203
2023,4,12,CIU,"Sault Ste. Marie, MI",Michigan,60,60,120
2023,4,12,CKB,"Clarksburg/Fairmont, WV",West Virginia,13,13,26
2023,4,12,CLE,"Cleveland, OH",Ohio,3348,3349,6697
2023,4,12,CLL,"College Station/Bryan, TX",Texas,90,90,180
2023,4,12,CLT,"Charlotte, NC",North Carolina,16220,16213,32433
2023,4,12,CMH,"Columbus, OH",Ohio,3319,3322,6641
2023,4,12,CMI,"Champaign/Urbana, IL",Illinois,123,123,246
2023,4,12,CMX,"Hancock/Houghton, MI",Michigan,60,60,120
2023,4,12,CNY,"Moab, UT",Utah,31,31,62
2023,4,12,COS,"Colorado Springs, CO",Colorado,1017,1017,2034
2023,4,12,COU,"Columbia, MO",Missouri,133,133,266
2023,4,12,CPR,"Casper, WY",Wyoming,94,95,189
2023,4,12,CRP,"Corpus Christi, TX",Texas,317,317,634
2023,4,12,CRW,"Charleston/Dunbar, WV",West Virginia,259,258,517
2023,4,12,CSG,"Columbus, GA",Georgia,75,75,150
2023,4,12,CVG,"Cincinnati, OH",Kentucky,3237,3234,6471
2023,4,12,CWA,"Mosinee, WI",Wisconsin,62,62,124
2023,4,12,CYS,"Cheyenne, WY",Wyoming,55,55,110
2023,4,12,DAB,"Daytona Beach, FL",Florida,208,208,416
2023,4,12,DAL,"Dallas, TX",Texas,6549,6549,13098
2023,4,12,DAY,"Dayton, OH",Ohio,603,603,1206
2023,4,12,DCA,"Washington, DC",Virginia,11014,11013,22027
2023,4,12,DDC,"Dodge City, KS",Kansas,51,51,102
2023,4,12,DEC,"Decatur, IL",Illinois,82,82,164
2023,4,12,DEN,"Denver, CO",Colorado,25054,25057,50111
2023,4,12,DFW,"Dallas/Fort Worth, TX",Texas,23714,23680,47394
2023,4,12,DHN,"Dothan, AL",Alabama,62,62,124
2023,4,12,DIK,"Dickinson, ND",North Dakota,52,52,104
2023,4,12,DLH,"Duluth, MN",Minnesota,152,152,304
2023,4,12,DRO,"Durango, CO",Colorado,256,256,512
2023,4,12,DSM,"Des Moines, IA",Iowa,1251,1250,2501
2023,4,12,DTW,"Detroit, MI",Michigan,9982,9988,19970
2023,4,12,DVL,"Devils Lake, ND",North Dakota,56,56,112
2023,4,12,ECP,"Panama City, FL",Florida,474,472,946
2023,4,12,EGE,"Eagle, CO",Colorado,357,357,714
2023,4,12,EKO,"Elko, NV",Nevada,31,31,62
2023,4,12,ELM,"Elmira/Corning, NY",New York,65,65,130
2023,4,12,ELP,"El Paso, TX",Texas,1418,1418,2836
2023,4,12,ESC,"Escanaba, MI",Michigan,51,51,102
2023,4,12,EUG,"Eugene, OR",Oregon,662,662,1324
2023,4,12,EVV,"Evansville, IN",Indiana,158,158,316
2023,4,12,EWR,"Newark, NJ",New Jersey,10517,10504,21021
2023,4,12,EYW,"Key West, FL",Florida,777,778,1555
2023,4,12,FAI,"Fairbanks, AK",Alaska,198,199,397
2023,4,12,FAR,"Fargo, ND",North Dakota,538,539,1077
2023,4,12,FAT,"Fresno, CA",California,908,906,1814
2023,4,12,FAY,"Fayetteville, NC",North Carolina,107,107,214
2023,4,12,FCA,"Kalispell, MT",Montana,241,240,481
2023,4,12,FLG,"Flagstaff, AZ",Arizona,124,124,248
2023,4,12,FLL,"Fort Lauderdale, FL",Florida,8440,8460,16900
2023,4,12,FNT,"Flint, MI",Michigan,117,117,234
2023,4,12,FOD,"Fort Dodge, IA",Iowa,51,51,102
2023,4,12,FSD,"Sioux Falls, SD",South Dakota,560,560,1120
2023,4,12,FSM,"Fort Smith, AR",Arkansas,92,92,184
2023,4,12,FWA,"Fort Wayne, IN",Indiana,332,332,664
2023,4,12,GCC,"Gillette, WY",Wyoming,61,61,122
2023,4,12,GCK,"Garden City, KS",Kansas,61,61,122
2023,4,12,GEG,"Spokane, WA",Washington,1395,1392,2787
2023,4,12,GFK,"Grand Forks, ND",North Dakota,109,108,217
2023,4,12,GGG,"Longview, TX",Texas,62,62,124
2023,4,12,GJT,"Grand Junction, CO",Colorado,254,254,508
2023,4,12,GNV,"Gainesville, FL",Florida,226,225,451
2023,4,12,GPT,"Gulfport/Biloxi, MS",Mississippi,232,232,464
2023,4,12,GRB,"Green Bay, WI",Wisconsin,308,309,617
2023,4,12,GRI,"Grand Island, NE",Nebraska,83,83,166
2023,4,12,GRK,"Killeen, TX",Texas,134,134,268
2023,4,12,GRR,"Grand Rapids, MI",Michigan,1491,1491,2982
2023,4,12,GSO,"Greensboro/High Point, NC",North Carolina,890,889,1779
2023,4,12,GSP,"Greer, SC",South Carolina,1178,1175,2353
2023,4,12,GTF,"Great Falls, MT",Montana,211,211,422
2023,4,12,GTR,"Columbus, MS",Mississippi,62,62,124
2023,4,12,GUC,"Gunnison, CO",Colorado,72,72,144
2023,4,12,GUM,"Guam, TT",U.S. Pacific Trust Territories and Possessions,62,62,124
2023,4,12,HDN,"Hayden, CO",Colorado,253,253,506
2023,4,12,HGR,"Hagerstown, MD",Maryland,20,20,40
2023,4,12,HHH,"Hilton Head, SC",South Carolina,61,61,122
2023,4,12,HIB,"Hibbing, MN",Minnesota,52,52,104
2023,4,12,HLN,"Helena, MT",Montana,158,158,316
2023,4,12,HNL,"Honolulu, HI",Hawaii,5317,5319,10636
2023,4,12,HOU,"Houston, TX",Texas,5076,5076,10152
2023,4,12,HPN,"White Plains, NY",New York,1045,1048,2093
2023,4,12,HRL,"Harlingen/San Benito, TX",Texas,362,363,725
2023,4,12,HSV,"Huntsville, AL",Alabama,631,629,1260
2023,4,12,HTS,"Ashland, WV",West Virginia,26,26,52
2023,4,12,HYS,"Hays, KS",Kansas,60,60,120
2023,4,12,IAD,"Washington, DC",Virginia,3980,3974,7954
2023,4,12,IAG,"Niagara Falls, NY",New York,32,32,64
2023,4,12,IAH,"Houston, TX",Texas,9076,9075,18151
2023,4,12,ICT,"Wichita, KS",Kansas,719,717,1436
2023,4,12,IDA,"Idaho Falls, ID",Idaho,285,285,570
2023,4,12,ILM,"Wilmington, NC",North Carolina,536,535,1071
2023,4,12,IMT,"Iron Mountain/Kingsfd, MI",Michigan,60,60,120
2023,4,12,IND,"Indianapolis, IN",Indiana,3646,3646,7292
2023,4,12,INL,"International Falls, MN",Minnesota,52,52,104
2023,4,12,ISP,"Islip, NY",New York,530,532,1062
2023,4,12,ITH,"Ithaca/Cortland, NY",New York,62,62,124
2023,4,12,ITO,"Hilo, HI",Hawaii,607,607,1214
2023,4,12,JAC,"Jackson, WY",Wyoming,413,413,826
2023,4,12,JAN,"Jackson/Vicksburg, MS",Mississippi,578,575,1153
2023,4,12,JAX,"Jacksonville, FL",Florida,2508,2508,5016
2023,4,12,JFK,"New York, NY",New York,10413,10412,20825
2023,4,12,JLN,"Joplin, MO",Missouri,52,52,104
2023,4,12,JMS,"Jamestown, ND",North Dakota,56,56,112
2023,4,12,JNU,"Juneau, AK",Alaska,334,334,668
2023,4,12,JST,"Johnstown, PA",Pennsylvania,60,60,120
2023,4,12,KOA,"Kona, HI",Hawaii,1463,1463,2926
2023,4,12,KTN,"Ketchikan, AK",Alaska,182,182,364
2023,4,12,LAN,"Lansing, MI",Michigan,93,93,186
2023,4,12,LAR,"Laramie, WY",Wyoming,52,52,104
2023,4,12,LAS,"Las Vegas, NV",Nevada,15872,15872,31744
2023,4,12,LAW,"Lawton/Fort Sill, OK",Oklahoma,92,92,184
2023,4,12,LAX,"Los Angeles, CA",California,15948,15955,31903
2023,4,12,LBB,"Lubbock, TX",Texas,502,501,1003
2023,4,12,LBE,"Latrobe, PA",Pennsylvania,31,31,62
2023,4,12,LBF,"North Platte, NE",Nebraska,52,52,104
2023,4,12,LBL,"Liberal, KS",Kansas,51,51,102
2023,4,12,LCH,"Lake Charles, LA",Louisiana,92,92,184
2023,4,12,LCK,"Columbus, OH",Ohio,69,69,138
2023,4,12,LEX,"Lexington, KY",Kentucky,645,644,1289
2023,4,12,LFT,"Lafayette, LA",Louisiana,232,232,464
2023,4,12,LGA,"New York, NY",New York,12432,12415,24847
2023,4,12,LGB,"Long Beach, CA",California,1489,1488,2977
2023,4,12,LIH,"Lihue, HI",Hawaii,1379,1379,2758
2023,4,12,LIT,"Little Rock, AR",Arkansas,970,970,1940
2023,4,12,LNK,"Lincoln, NE",Nebraska,71,71,142
2023,4,12,LRD,"Laredo, TX",Texas,130,130,260
2023,4,12,LWS,"Lewiston, ID",Idaho,93,93,186
2023,4,12,MAF,"Midland/Odessa, TX",Texas,706,706,1412
2023,4,12,MBS,"Saginaw/Bay City/Midland, MI",Michigan,156,156,312
2023,4,12,MCI,"Kansas City, MO",Missouri,4074,4073,8147
2023,4,12,MCO,"Orlando, FL",Florida,15112,15125,30237
2023,4,12,MCW,"Mason City, IA",Iowa,51,51,102
2023,4,12,MDT,"Harrisburg, PA",Pennsylvania,432,431,863
2023,4,12,MDW,"Chicago, IL",Illinois,6836,6837,13673
2023,4,12,MEI,"Meridian, MS",Mississippi,51,51,102
2023,4,12,MEM,"Memphis, TN",Tennessee,1835,1829,3664
2023,4,12,MFE,"Mission/McAllen/Edinburg, TX",Texas,261,261,522
2023,4,12,MFR,"Medford, OR",Oregon,400,400,800
2023,4,12,MGM,"Montgomery, AL",Alabama,186,186,372
2023,4,12,MHK,"Manhattan/Ft. Riley, KS",Kansas,92,92,184
2023,4,12,MHT,"Manchester, NH",New Hampshire,465,465,930
2023,4,12,MIA,"Miami, FL",Florida,9861,9880,19741
2023,4,12,MKE,"Milwaukee, WI",Wisconsin,2321,2320,4641
2023,4,12,MLB,"Melbourne, FL",Florida,234,234,468
2023,4,12,MLI,"Moline, IL",Illinois,301,301,602
2023,4,12,MLU,"Monroe, LA",Louisiana,153,153,306
2023,4,12,MOB,"Mobile, AL",Alabama,232,231,463
2023,4,12,MOT,"Minot, ND",North Dakota,213,211,424
2023,4,12,MQT,"Marquette, MI",Michigan,31,31,62
2023,4,12,MRY,"Monterey, CA",California,324,324,648
2023,4,12,MSN,"Madison, WI",Wisconsin,843,841,1684
2023,4,12,MSO,"Missoula, MT",Montana,253,253,506
2023,4,12,MSP,"Minneapolis, MN",Minnesota,9904,9917,19821
2023,4,12,MSY,"New Orleans, LA",Louisiana,4279,4282,8561
2023,4,12,MTJ,"Montrose/Delta, CO",Colorado,252,252,504
2023,4,12,MYR,"Myrtle Beach, SC",South Carolina,831,830,1661
2023,4,12,OAJ,"Jacksonville/Camp Lejeune, NC",North Carolina,79,79,158
2023,4,12,OAK,"Oakland, CA",California,3962,3958,7920
2023,4,12,OGG,"Kahului, HI",Hawaii,2342,2340,4682
2023,4,12,OKC,"Oklahoma City, OK",Oklahoma,1807,1806,3613
2023,4,12,OMA,"Omaha, NE",Nebraska,1968,1967,3935
2023,4,12,OME,"Nome, AK",Alaska,30,30,60
2023,4,12,ONT,"Ontario, CA",California,2084,2083,4167
2023,4,12,ORD,"Chicago, IL",Illinois,20664,20661,41325
2023,4,12,ORF,"Norfolk, VA",Virginia,1657,1655,3312
2023,4,12,ORH,"Worcester, MA",Massachusetts,96,96,192
2023,4,12,OTH,"North Bend/Coos Bay, OR",Oregon,25,25,50
2023,4,12,OTZ,"Kotzebue, AK",Alaska,30,30,60
2023,4,12,PAE,"Everett, WA",Washington,124,124,248
2023,4,12,PBG,"Plattsburgh, NY",New York,39,39,78
2023,4,12,PBI,"West Palm Beach/Palm Beach, FL",Florida,2810,2816,5626
2023,4,12,PDX,"Portland, OR",Oregon,4763,4754,9517
2023,4,12,PGD,"Punta Gorda, FL",Florida,525,525,1050
2023,4,12,PHF,"Newport News/Williamsburg, VA",Virginia,2,2,4
2023,4,12,PHL,"Philadelphia, PA",Pennsylvania,7047,7045,14092
2023,4,12,PHX,"Phoenix, AZ",Arizona,15996,16002,31998
2023,4,12,PIA,"Peoria, IL",Illinois,252,253,505
2023,4,12,PIB,"Hattiesburg/Laurel, MS",Mississippi,51,51,102
2023,4,12,PIE,"St. Petersburg, FL",Florida,627,627,1254
2023,4,12,PIH,"Pocatello, ID",Idaho,62,62,124
2023,4,12,PIT,"Pittsburgh, PA",Pennsylvania,3372,3369,6741
2023,4,12,PLN,"Pellston, MI",Michigan,52,52,104
2023,4,12,PNS,"Pensacola, FL",Florida,911,911,1822
2023,4,12,PPG,"Pago Pago, TT",U.S. Pacific Trust Territories and Possessions,9,9,18
2023,4,12,PRC,"Prescott, AZ",Arizona,60,60,120
2023,4,12,PSC,"Pasco/Kennewick/Richland, WA",Washington,413,413,826
2023,4,12,PSE,"Ponce, PR",Puerto Rico,99,99,198
2023,4,12,PSG,"Petersburg, AK",Alaska,60,60,120
2023,4,12,PSM,"Portsmouth, NH",New Hampshire,24,24,48
2023,4,12,PSP,"Palm Springs, CA",California,1372,1373,2745
2023,4,12,PVD,"Providence, RI",Rhode Island,1081,1084,2165
2023,4,12,PVU,"Provo, UT",Utah,187,187,374
2023,4,12,PWM,"Portland, ME",Maine,655,651,1306
2023,4,12,RAP,"Rapid City, SD",South Dakota,335,335,670
2023,4,12,RDD,"Redding, CA",California,120,120,240
2023,4,12,RDM,"Bend/Redmond, OR",Oregon,487,486,973
2023,4,12,RDU,"Raleigh/Durham, NC",North Carolina,4728,4727,9455
2023,4,12,RFD,"Rockford, IL",Illinois,65,65,130
2023,4,12,RHI,"Rhinelander, WI",Wisconsin,60,60,120
2023,4,12,RIC,"Richmond, VA",Virginia,1505,1500,3005
2023,4,12,RIW,"Riverton/Lander, WY",Wyoming,40,40,80
2023,4,12,RKS,"Rock Springs, WY",Wyoming,40,40,80
2023,4,12,RNO,"Reno, NV",Nevada,1640,1640,3280
2023,4,12,ROA,"Roanoke, VA",Virginia,207,206,413
2023,4,12,ROC,"Rochester, NY",New York,996,995,1991
2023,4,12,ROW,"Roswell, NM",New Mexico,62,62,124
2023,4,12,RST,"Rochester, MN",Minnesota,88,89,177
2023,4,12,RSW,"Fort Myers, FL",Florida,3617,3619,7236
2023,4,12,SAF,"Santa Fe, NM",New Mexico,124,124,248
2023,4,12,SAN,"San Diego, CA",California,7848,7848,15696
2023,4,12,SAT,"San Antonio, TX",Texas,3589,3585,7174
2023,4,12,SAV,"Savannah, GA",Georgia,1376,1376,2752
2023,4,12,SBA,"Santa Barbara, CA",California,570,570,1140
2023,4,12,SBN,"South Bend, IN",Indiana,508,507,1015
2023,4,12,SBP,"San Luis Obispo, CA",California,434,434,868
2023,4,12,SCC,"Deadhorse, AK",Alaska,33,33,66
2023,4,12,SCE,"State College, PA",Pennsylvania,85,85,170
2023,4,12,SCK,"Stockton, CA",California,44,44,88
2023,4,12,SDF,"Louisville, KY",Kentucky,1866,1863,3729
2023,4,12,SEA,"Seattle, WA",Washington,12736,12726,25462
2023,4,12,SFB,"Sanford, FL",Florida,815,816,1631
2023,4,12,SFO,"San Francisco, CA",California,11036,11059,22095
2023,4,12,SGF,"Springfield, MO",Missouri,582,583,1165
2023,4,12,SGU,"St. George, UT",Utah,206,206,412
2023,4,12,SHR,"Sheridan, WY",Wyoming,61,61,122
2023,4,12,SHV,"Shreveport, LA",Louisiana,311,311,622
2023,4,12,SIT,"Sitka, AK",Alaska,92,92,184
2023,4,12,SJC,"San Jose, CA",California,4207,4198,8405
2023,4,12,SJT,"San Angelo, TX",Texas,92,92,184
2023,4,12,SJU,"San Juan, PR",Puerto Rico,3057,3067,6124
2023,4,12,SLC,"Salt Lake City, UT",Utah,9301,9319,18620
2023,4,12,SLN,"Salina, KS",Kansas,60,60,120
2023,4,12,SMF,"Sacramento, CA",California,4521,4520,9041
2023,4,12,SMX,"Santa Maria, CA",California,8,8,16
2023,4,12,SNA,"Santa Ana, CA",California,3631,3632,7263
2023,4,12,SPI,"Springfield, IL",Illinois,12,12,24
2023,4,12,SPN,"Saipan, TT",U.S. Pacific Trust Territories and Possessions,31,31,62
2023,4,12,SPS,"Wichita Falls, TX",Texas,62,62,124
2023,4,12,SRQ,"Sarasota/Bradenton, FL",Florida,1547,1548,3095
2023,4,12,STC,"St. Cloud, MN",Minnesota,10,10,20
2023,4,12,STL,"St. Louis, MO",Missouri,5270,5270,10540
2023,4,12,STS,"Santa Rosa, CA",California,276,276,552
2023,4,12,STT,"Charlotte Amalie, VI",U.S. Virgin Islands,535,535,1070
2023,4,12,STX,"Christiansted, VI",U.S. Virgin Islands,129,129,258
2023,4,12,SUN,"Sun Valley/Hailey/Ketchum, ID",Idaho,172,173,345
2023,4,12,SUX,"Sioux City, IA",Iowa,60,60,120
2023,4,12,SWF,"Newburgh/Poughkeepsie, NY",New York,24,24,48
2023,4,12,SWO,"Stillwater, OK",Oklahoma,62,62,124
2023,4,12,SYR,"Syracuse, NY",New York,1137,1135,2272
2023,4,12,TLH,"Tallahassee, FL",Florida,438,438,876
2023,4,12,TOL,"Toledo, OH",Ohio,38,38,76
2023,4,12,TPA,"Tampa, FL",Florida,7257,7261,14518
2023,4,12,TRI,"Bristol/Johnson City/Kingsport, TN",Tennessee,186,186,372
2023,4,12,TTN,"Trenton, NJ",New Jersey,241,239,480
2023,4,12,TUL,"Tulsa, OK",Oklahoma,1288,1287,2575
2023,4,12,TUS,"Tucson, AZ",Arizona,1592,1593,3185
2023,4,12,TVC,"Traverse City, MI",Michigan,185,185,370
2023,4,12,TWF,"Twin Falls, ID",Idaho,62,62,124
2023,4,12,TXK,"Texarkana, AR",Arkansas,92,92,184
2023,4,12,TYR,"Tyler, TX",Texas,92,92,184
2023,4,12,TYS,"Knoxville, TN",Tennessee,1147,1147,2294
2023,4,12,USA,"Concord, NC",North Carolina,76,75,151
2023,4,12,VCT,"Victoria, TX",Texas,51,51,102
2023,4,12,VEL,"Vernal, UT",Utah,51,51,102
2023,4,12,VLD,"Valdosta, GA",Georgia,62,62,124
2023,4,12,VPS,"Valparaiso, FL",Florida,599,599,1198
2023,4,12,WRG,"Wrangell, AK",Alaska,60,60,120
2023,4,12,XNA,"Fayetteville, AR",Arkansas,997,999,1996
2023,4,12,XWA,"Williston, ND",North Dakota,152,152,304
2023,4,12,YAK,"Yakutat, AK",Alaska,60,60,120
2023,4,12,YUM,"Yuma, AZ",Arizona,137,137,274
2024,1,1,ABE,"Allentown/Bethlehem/Easton, PA",Pennsylvania,195,195,390
2024,1,1,ABI,"Abilene, TX",Texas,83,83,166
2024,1,1,ABQ,"Albuquerque, NM",New Mexico,1018,1017,2035
2024,1,1,ABR,"Aberdeen, SD",South Dakota,33,33,66
2024,1,1,ABY,"Albany, GA",Georgia,34,34,68
2024,1,1,ACT,"Waco, TX",Texas,51,51,102
2024,1,1,ACV,"Arcata/Eureka, CA",California,82,82,164
2024,1,1,ACY,"Atlantic City, NJ",New Jersey,150,150,300
2024,1,1,ADK,"Adak Island, AK",Alaska,5,5,10
2024,1,1,ADQ,"Kodiak, AK",Alaska,28,29,57
2024,1,1,AEX,"Alexandria, LA",Louisiana,85,85,170
2024,1,1,AGS,"Augusta, GA",Georgia,126,128,254
2024,1,1,ALB,"Albany, NY",New York,468,469,937
2024,1,1,ALW,"Walla Walla, WA",Washington,34,34,68
2024,1,1,AMA,"Amarillo, TX",Texas,224,223,447
2024,1,1,ANC,"Anchorage, AK",Alaska,621,621,1242
2024,1,1,APN,"Alpena, MI",Michigan,27,27,54
2024,1,1,ASE,"Aspen, CO",Colorado,547,544,1091
2024,1,1,ATL,"Atlanta, GA",Georgia,14178,14147,28325
2024,1,1,ATW,"Appleton, WI",Wisconsin,255,255,510
2024,1,1,AUS,"Austin, TX",Texas,3760,3758,7518
2024,1,1,AVL,"Asheville, NC",North Carolina,490,490,980
2024,1,1,AVP,"Scranton/Wilkes-Barre, PA",Pennsylvania,66,67,133
2024,1,1,AZA,"Phoenix, AZ",Arizona,305,305,610
2024,1,1,AZO,"Kalamazoo, MI",Michigan,42,42,84
2024,1,1,BDL,"Hartford, CT",Connecticut,877,879,1756
2024,1,1,BET,"Bethel, AK",Alaska,32,32,64
2024,1,1,BFF,"Scottsbluff, NE",Nebraska,27,27,54
2024,1,1,BFL,"Bakersfield, CA",California,101,102,203
2024,1,1,BGM,"Binghamton, NY",New York,18,18,36
2024,1,1,BGR,"Bangor, ME",Maine,129,130,259
2024,1,1,BHM,"Birmingham, AL",Alabama,703,707,1410
2024,1,1,BIH,"Bishop, CA",California,30,30,60
2024,1,1,BIL,"Billings, MT",Montana,156,155,311
2024,1,1,BIS,"Bismarck/Mandan, ND",North Dakota,153,153,306
2024,1,1,BJI,"Bemidji, MN",Minnesota,33,33,66
2024,1,1,BLI,"Bellingham, WA",Washington,117,116,233
2024,1,1,BLV,"Belleville, IL",Illinois,37,37,74
2024,1,1,BMI,"Bloomington/Normal, IL",Illinois,79,79,158
2024,1,1,BNA,"Nashville, TN",Tennessee,4169,4166,8335
2024,1,1,BOI,"Boise, ID",Idaho,881,878,1759
2024,1,1,BOS,"Boston, MA",Massachusetts,5378,5371,10749
2024,1,1,BPT,"Beaumont/Port Arthur, TX",Texas,34,34,68
2024,1,1,BQK,"Brunswick, GA",Georgia,34,34,68
2024,1,1,BQN,"Aguadilla, PR",Puerto Rico,143,142,285
2024,1,1,BRD,"Brainerd, MN",Minnesota,28,28,56
2024,1,1,BRO,"Brownsville, TX",Texas,61,61,122
2024,1,1,BRW,"Barrow, AK",Alaska,16,16,32
2024,1,1,BTM,"Butte, MT",Montana,30,30,60
2024,1,1,BTR,"Baton Rouge, LA",Louisiana,198,200,398
2024,1,1,BTV,"Burlington, VT",Vermont,276,277,553
2024,1,1,BUF,"Buffalo, NY",New York,829,831,1660
2024,1,1,BUR,"Burbank, CA",California,1327,1327,2654
2024,1,1,BWI,"Baltimore, MD",Maryland,4209,4211,8420
2024,1,1,BZN,"Bozeman, MT",Montana,479,478,957
2024,1,1,CAE,"Columbia, SC",South Carolina,254,256,510
2024,1,1,CAK,"Akron, OH",Ohio,147,148,295
2024,1,1,CDC,"Cedar City, UT",Utah,28,28,56
2024,1,1,CDV,"Cordova, AK",Alaska,32,32,64
2024,1,1,CHA,"Chattanooga, TN",Tennessee,245,246,491
2024,1,1,CHO,"Charlottesville, VA",Virginia,120,120,240
2024,1,1,CHS,"Charleston, SC",South Carolina,955,952,1907
2024,1,1,CID,"Cedar Rapids/Iowa City, IA",Iowa,329,329,658
2024,1,1,CIU,"Sault Ste. Marie, MI",Michigan,33,33,66
2024,1,1,CKB,"Clarksburg/Fairmont, WV",West Virginia,11,11,22
2024,1,1,CLE,"Cleveland, OH",Ohio,1702,1700,3402
2024,1,1,CLL,"College Station/Bryan, TX",Texas,51,51,102
2024,1,1,CLT,"Charlotte, NC",North Carolina,8866,8871,17737
2024,1,1,CMH,"Columbus, OH",Ohio,1686,1687,3373
2024,1,1,CMI,"Champaign/Urbana, IL",Illinois,67,67,134
2024,1,1,CMX,"Hancock/Houghton, MI",Michigan,33,33,66
2024,1,1,CNY,"Moab, UT",Utah,17,17,34
2024,1,1,COS,"Colorado Springs, CO",Colorado,530,528,1058
2024,1,1,COU,"Columbia, MO",Missouri,75,75,150
2024,1,1,CPR,"Casper, WY",Wyoming,50,49,99
2024,1,1,CRP,"Corpus Christi, TX",Texas,175,175,350
2024,1,1,CRW,"Charleston/Dunbar, WV",West Virginia,136,137,273
2024,1,1,CSG,"Columbus, GA",Georgia,42,42,84
2024,1,1,CVG,"Cincinnati, OH",Kentucky,1680,1682,3362
2024,1,1,CWA,"Mosinee, WI",Wisconsin,34,34,68
2024,1,1,CYS,"Cheyenne, WY",Wyoming,31,31,62
2024,1,1,DAB,"Daytona Beach, FL",Florida,106,106,212
2024,1,1,DAL,"Dallas, TX",Texas,3359,3359,6718
2024,1,1,DAY,"Dayton, OH",Ohio,304,305,609
2024,1,1,DCA,"Washington, DC",Virginia,5967,5968,11935
2024,1,1,DDC,"Dodge City, KS",Kansas,28,29,57
2024,1,1,DEC,"Decatur, IL",Illinois,45,45,90
2024,1,1,DEN,"Denver, CO",Colorado,13045,13042,26087
2024,1,1,DFW,"Dallas/Fort Worth, TX",Texas,12926,12939,25865
2024,1,1,DHN,"Dothan, AL",Alabama,34,34,68
2024,1,1,DIK,"Dickinson, ND",North Dakota,29,29,58
2024,1,1,DLH,"Duluth, MN",Minnesota,82,82,164
2024,1,1,DRO,"Durango, CO",Colorado,153,153,306
2024,1,1,DSM,"Des Moines, IA",Iowa,678,681,1359
2024,1,1,DTW,"Detroit, MI",Michigan,5108,5101,10209
2024,1,1,DVL,"Devils Lake, ND",North Dakota,30,30,60
2024,1,1,ECP,"Panama City, FL",Florida,227,227,454
2024,1,1,EGE,"Eagle, CO",Colorado,357,358,715
2024,1,1,EKO,"Elko, NV",Nevada,17,17,34
2024,1,1,ELM,"Elmira/Corning, NY",New York,40,40,80
2024,1,1,ELP,"El Paso, TX",Texas,717,714,1431
2024,1,1,ESC,"Escanaba, MI",Michigan,28,28,56
2024,1,1,EUG,"Eugene, OR",Oregon,330,329,659
2024,1,1,EVV,"Evansville, IN",Indiana,80,80,160
2024,1,1,EWR,"Newark, NJ",New Jersey,5470,5473,10943
2024,1,1,EYW,"Key West, FL",Florida,463,462,925
2024,1,1,FAI,"Fairbanks, AK",Alaska,110,109,219
2024,1,1,FAR,"Fargo, ND",North Dakota,291,291,582
2024,1,1,FAT,"Fresno, CA",California,477,478,955
2024,1,1,FAY,"Fayetteville, NC",North Carolina,67,67,134
2024,1,1,FCA,"Kalispell, MT",Montana,141,142,283
2024,1,1,FLG,"Flagstaff, AZ",Arizona,60,60,120
2024,1,1,FLL,"Fort Lauderdale, FL",Florida,4703,4690,9393
2024,1,1,FNT,"Flint, MI",Michigan,84,85,169
2024,1,1,FOD,"Fort Dodge, IA",Iowa,28,28,56
2024,1,1,FSD,"Sioux Falls, SD",South Dakota,305,306,611
2024,1,1,FSM,"Fort Smith, AR",Arkansas,51,51,102
2024,1,1,FWA,"Fort Wayne, IN",Indiana,170,170,340
2024,1,1,GCC,"Gillette, WY",Wyoming,33,33,66
2024,1,1,GCK,"Garden City, KS",Kansas,34,34,68
2024,1,1,GEG,"Spokane, WA",Washington,706,708,1414
2024,1,1,GFK,"Grand Forks, ND",North Dakota,65,65,130
2024,1,1,GGG,"Longview, TX",Texas,33,33,66
2024,1,1,GJT,"Grand Junction, CO",Colorado,147,147,294
2024,1,1,GNV,"Gainesville, FL",Florida,109,110,219
2024,1,1,GPT,"Gulfport/Biloxi, MS",Mississippi,128,128,256
2024,1,1,GRB,"Green Bay, WI",Wisconsin,176,176,352
2024,1,1,GRI,"Grand Island, NE",Nebraska,45,45,90
2024,1,1,GRK,"Killeen, TX",Texas,73,73,146
2024,1,1,GRR,"Grand Rapids, MI",Michigan,844,844,1688
2024,1,1,GSO,"Greensboro/High Point, NC",North Carolina,474,476,950
2024,1,1,GSP,"Greer, SC",South Carolina,634,636,1270
2024,1,1,GTF,"Great Falls, MT",Montana,113,113,226
2024,1,1,GTR,"Columbus, MS",Mississippi,34,34,68
2024,1,1,GUC,"Gunnison, CO",Colorado,58,58,116
2024,1,1,GUM,"Guam, TT",U.S. Pacific Trust Territories and Possessions,34,34,68
2024,1,1,HDN,"Hayden, CO",Colorado,228,228,456
2024,1,1,HGR,"Hagerstown, MD",Maryland,9,9,18
2024,1,1,HHH,"Hilton Head, SC",South Carolina,34,34,68
2024,1,1,HIB,"Hibbing, MN",Minnesota,27,27,54
2024,1,1,HLN,"Helena, MT",Montana,91,91,182
2024,1,1,HNL,"Honolulu, HI",Hawaii,2871,2870,5741
2024,1,1,HOU,"Houston, TX",Texas,2577,2578,5155
2024,1,1,HPN,"White Plains, NY",New York,580,582,1162
2024,1,1,HRL,"Harlingen/San Benito, TX",Texas,190,189,379
2024,1,1,HSV,"Huntsville, AL",Alabama,349,350,699
2024,1,1,HTS,"Ashland, WV",West Virginia,12,12,24
2024,1,1,HYS,"Hays, KS",Kansas,33,33,66
2024,1,1,IAD,"Washington, DC",Virginia,2197,2195,4392
2024,1,1,IAG,"Niagara Falls, NY",New York,23,23,46
2024,1,1,IAH,"Houston, TX",Texas,4902,4907,9809
2024,1,1,ICT,"Wichita, KS",Kansas,398,400,798
2024,1,1,IDA,"Idaho Falls, ID",Idaho,136,135,271
2024,1,1,ILM,"Wilmington, NC",North Carolina,268,268,536
2024,1,1,IMT,"Iron Mountain/Kingsfd, MI",Michigan,33,33,66
2024,1,1,IND,"Indianapolis, IN",Indiana,1892,1892,3784
2024,1,1,INL,"International Falls, MN",Minnesota,27,27,54
2024,1,1,ISP,"Islip, NY",New York,271,271,542
2024,1,1,ITH,"Ithaca/Cortland, NY",New York,34,34,68
2024,1,1,ITO,"Hilo, HI",Hawaii,331,331,662
2024,1,1,JAC,"Jackson, WY",Wyoming,310,310,620
2024,1,1,JAN,"Jackson/Vicksburg, MS",Mississippi,282,285,567
2024,1,1,JAX,"Jacksonville, FL",Florida,1286,1285,2571
2024,1,1,JFK,"New York, NY",New York,5093,5091,10184
2024,1,1,JLN,"Joplin, MO",Missouri,27,27,54
2024,1,1,JMS,"Jamestown, ND",North Dakota,30,30,60
2024,1,1,JNU,"Juneau, AK",Alaska,180,180,360
2024,1,1,JST,"Johnstown, PA",Pennsylvania,34,34,68
2024,1,1,KOA,"Kona, HI",Hawaii,784,784,1568
2024,1,1,KTN,"Ketchikan, AK",Alaska,98,98,196
2024,1,1,LAN,"Lansing, MI",Michigan,51,51,102
2024,1,1,LAR,"Laramie, WY",Wyoming,28,28,56
2024,1,1,LAS,"Las Vegas, NV",Nevada,8367,8373,16740
2024,1,1,LAW,"Lawton/Fort Sill, OK",Oklahoma,49,49,98
2024,1,1,LAX,"Los Angeles, CA",California,8388,8383,16771
2024,1,1,LBB,"Lubbock, TX",Texas,264,263,527
2024,1,1,LBE,"Latrobe, PA",Pennsylvania,17,17,34
2024,1,1,LBF,"North Platte, NE",Nebraska,27,27,54
2024,1,1,LBL,"Liberal, KS",Kansas,11,11,22
2024,1,1,LCH,"Lake Charles, LA",Louisiana,51,51,102
2024,1,1,LCK,"Columbus, OH",Ohio,35,35,70
2024,1,1,LEX,"Lexington, KY",Kentucky,341,342,683
2024,1,1,LFT,"Lafayette, LA",Louisiana,116,115,231
2024,1,1,LGA,"New York, NY",New York,6477,6493,12970
2024,1,1,LGB,"Long Beach, CA",California,814,814,1628
2024,1,1,LIH,"Lihue, HI",Hawaii,735,735,1470
2024,1,1,LIT,"Little Rock, AR",Arkansas,500,500,1000
2024,1,1,LNK,"Lincoln, NE",Nebraska,34,33,67
2024,1,1,LRD,"Laredo, TX",Texas,71,71,142
2024,1,1,LSE,"La Crosse, WI",Wisconsin,2,2,4
2024,1,1,LWS,"Lewiston, ID",Idaho,51,51,102
2024,1,1,MAF,"Midland/Odessa, TX",Texas,389,387,776
2024,1,1,MBS,"Saginaw/Bay City/Midland, MI",Michigan,84,84,168
2024,1,1,MCI,"Kansas City, MO",Missouri,2082,2082,4164
2024,1,1,MCO,"Orlando, FL",Florida,7953,7961,15914
2024,1,1,MCW,"Mason City, IA",Iowa,28,28,56
2024,1,1,MDT,"Harrisburg, PA",Pennsylvania,201,201,402
2024,1,1,MDW,"Chicago, IL",Illinois,3343,3340,6683
2024,1,1,MEI,"Meridian, MS",Mississippi,28,28,56
2024,1,1,MEM,"Memphis, TN",Tennessee,901,901,1802
2024,1,1,MFE,"Mission/McAllen/Edinburg, TX",Texas,149,150,299
2024,1,1,MFR,"Medford, OR",Oregon,205,205,410
2024,1,1,MGM,"Montgomery, AL",Alabama,95,95,190
2024,1,1,MHK,"Manhattan/Ft. Riley, KS",Kansas,51,51,102
2024,1,1,MHT,"Manchester, NH",New Hampshire,208,207,415
2024,1,1,MIA,"Miami, FL",Florida,5632,5628,11260
2024,1,1,MKE,"Milwaukee, WI",Wisconsin,1182,1181,2363
2024,1,1,MLB,"Melbourne, FL",Florida,118,118,236
2024,1,1,MLI,"Moline, IL",Illinois,188,188,376
2024,1,1,MLU,"Monroe, LA",Louisiana,85,85,170
2024,1,1,MOB,"Mobile, AL",Alabama,102,102,204
2024,1,1,MOT,"Minot, ND",North Dakota,105,105,210
2024,1,1,MQT,"Marquette, MI",Michigan,17,17,34
2024,1,1,MRY,"Monterey, CA",California,169,169,338
2024,1,1,MSN,"Madison, WI",Wisconsin,442,445,887
2024,1,1,MSO,"Missoula, MT",Montana,138,138,276
2024,1,1,MSP,"Minneapolis, MN",Minnesota,5121,5111,10232
2024,1,1,MSY,"New Orleans, LA",Louisiana,2232,2228,4460
2024,1,1,MTJ,"Montrose/Delta, CO",Colorado,208,208,416
2024,1,1,MYR,"Myrtle Beach, SC",South Carolina,418,418,836
2024,1,1,OAJ,"Jacksonville/Camp Lejeune, NC",North Carolina,41,41,82
2024,1,1,OAK,"Oakland, CA",California,1990,1991,3981
2024,1,1,OGG,"Kahului, HI",Hawaii,1271,1271,2542
2024,1,1,OKC,"Oklahoma City, OK",Oklahoma,946,947,1893
2024,1,1,OMA,"Omaha, NE",Nebraska,1037,1038,2075
2024,1,1,OME,"Nome, AK",Alaska,16,16,32
2024,1,1,ONT,"Ontario, CA",California,1060,1058,2118
2024,1,1,ORD,"Chicago, IL",Illinois,11159,11169,22328
2024,1,1,ORF,"Norfolk, VA",Virginia,788,789,1577
2024,1,1,ORH,"Worcester, MA",Massachusetts,50,50,100
2024,1,1,OTH,"North Bend/Coos Bay, OR",Oregon,9,9,18
2024,1,1,OTZ,"Kotzebue, AK",Alaska,16,16,32
2024,1,1,PAE,"Everett, WA",Washington,62,64,126
2024,1,1,PBG,"Plattsburgh, NY",New York,28,28,56
2024,1,1,PBI,"West Palm Beach/Palm Beach, FL",Florida,1607,1605,3212
2024,1,1,PDX,"Portland, OR",Oregon,2366,2379,4745
2024,1,1,PGD,"Punta Gorda, FL",Florida,316,316,632
2024,1,1,PHL,"Philadelphia, PA",Pennsylvania,3788,3785,7573
2024,1,1,PHX,"Phoenix, AZ",Arizona,8516,8508,17024
2024,1,1,PIA,"Peoria, IL",Illinois,151,151,302
2024,1,1,PIB,"Hattiesburg/Laurel, MS",Mississippi,28,28,56
2024,1,1,PIE,"St. Petersburg, FL",Florida,352,352,704
2024,1,1,PIH,"Pocatello, ID",Idaho,34,34,68
2024,1,1,PIT,"Pittsburgh, PA",Pennsylvania,1731,1729,3460
2024,1,1,PLN,"Pellston, MI",Michigan,28,28,56
2024,1,1,PNS,"Pensacola, FL",Florida,474,474,948
2024,1,1,PPG,"Pago Pago, TT",U.S. Pacific Trust Territories and Possessions,6,6,12
2024,1,1,PRC,"Prescott, AZ",Arizona,34,34,68
2024,1,1,PSC,"Pasco/Kennewick/Richland, WA",Washington,211,210,421
2024,1,1,PSE,"Ponce, PR",Puerto Rico,60,60,120
2024,1,1,PSG,"Petersburg, AK",Alaska,32,32,64
2024,1,1,PSM,"Portsmouth, NH",New Hampshire,15,15,30
2024,1,1,PSP,"Palm Springs, CA",California,778,779,1557
2024,1,1,PVD,"Providence, RI",Rhode Island,535,531,1066
2024,1,1,PVU,"Provo, UT",Utah,94,95,189
2024,1,1,PWM,"Portland, ME",Maine,325,325,650
2024,1,1,RAP,"Rapid City, SD",South Dakota,167,167,334
2024,1,1,RDD,"Redding, CA",California,51,51,102
2024,1,1,RDM,"Bend/Redmond, OR",Oregon,266,267,533
2024,1,1,RDU,"Raleigh/Durham, NC",North Carolina,2395,2397,4792
2024,1,1,RFD,"Rockford, IL",Illinois,39,39,78
2024,1,1,RHI,"Rhinelander, WI",Wisconsin,33,33,66
2024,1,1,RIC,"Richmond, VA",Virginia,714,713,1427
2024,1,1,RIW,"Riverton/Lander, WY",Wyoming,21,21,42
2024,1,1,RKS,"Rock Springs, WY",Wyoming,21,21,42
2024,1,1,RNO,"Reno, NV",Nevada,870,871,1741
2024,1,1,ROA,"Roanoke, VA",Virginia,127,128,255
2024,1,1,ROC,"Rochester, NY",New York,507,510,1017
2024,1,1,ROW,"Roswell, NM",New Mexico,34,34,68
2024,1,1,RST,"Rochester, MN",Minnesota,49,48,97
2024,1,1,RSW,"Fort Myers, FL",Florida,2105,2107,4212
2024,1,1,SAF,"Santa Fe, NM",New Mexico,68,68,136
2024,1,1,SAN,"San Diego, CA",California,3941,3942,7883
2024,1,1,SAT,"San Antonio, TX",Texas,1815,1817,3632
2024,1,1,SAV,"Savannah, GA",Georgia,727,730,1457
2024,1,1,SBA,"Santa Barbara, CA",California,295,295,590
2024,1,1,SBN,"South Bend, IN",Indiana,275,276,551
2024,1,1,SBP,"San Luis Obispo, CA",California,203,203,406
2024,1,1,SCC,"Deadhorse, AK",Alaska,24,24,48
2024,1,1,SCE,"State College, PA",Pennsylvania,23,22,45
2024,1,1,SCK,"Stockton, CA",California,23,23,46
2024,1,1,SDF,"Louisville, KY",Kentucky,951,949,1900
2024,1,1,SEA,"Seattle, WA",Washington,6517,6522,13039
2024,1,1,SFB,"Sanford, FL",Florida,434,434,868
2024,1,1,SFO,"San Francisco, CA",California,5653,5650,11303
2024,1,1,SGF,"Springfield, MO",Missouri,337,338,675
2024,1,1,SGU,"St. George, UT",Utah,113,113,226
2024,1,1,SHR,"Sheridan, WY",Wyoming,33,33,66
2024,1,1,SHV,"Shreveport, LA",Louisiana,165,165,330
2024,1,1,SIT,"Sitka, AK",Alaska,50,50,100
2024,1,1,SJC,"San Jose, CA",California,2140,2141,4281
2024,1,1,SJT,"San Angelo, TX",Texas,51,51,102
2024,1,1,SJU,"San Juan, PR",Puerto Rico,1797,1787,3584
2024,1,1,SLC,"Salt Lake City, UT",Utah,5188,5182,10370
2024,1,1,SLN,"Salina, KS",Kansas,33,33,66
2024,1,1,SMF,"Sacramento, CA",California,2312,2312,4624
2024,1,1,SMX,"Santa Maria, CA",California,5,5,10
2024,1,1,SNA,"Santa Ana, CA",California,1996,1996,3992
2024,1,1,SPI,"Springfield, IL",Illinois,8,8,16
2024,1,1,SPN,"Saipan, TT",U.S. Pacific Trust Territories and Possessions,17,17,34
2024,1,1,SPS,"Wichita Falls, TX",Texas,34,34,68
2024,1,1,SRQ,"Sarasota/Bradenton, FL",Florida,874,873,1747
2024,1,1,STC,"St. Cloud, MN",Minnesota,10,10,20
2024,1,1,STL,"St. Louis, MO",Missouri,2702,2703,5405
2024,1,1,STS,"Santa Rosa, CA",California,142,142,284
2024,1,1,STT,"Charlotte Amalie, VI",U.S. Virgin Islands,311,311,622
2024,1,1,STX,"Christiansted, VI",U.S. Virgin Islands,80,80,160
2024,1,1,SUN,"Sun Valley/Hailey/Ketchum, ID",Idaho,144,144,288
2024,1,1,SUX,"Sioux City, IA",Iowa,33,33,66
2024,1,1,SWF,"Newburgh/Poughkeepsie, NY",New York,18,18,36
2024,1,1,SWO,"Stillwater, OK",Oklahoma,34,34,68
2024,1,1,SYR,"Syracuse, NY",New York,564,566,1130
2024,1,1,TLH,"Tallahassee, FL",Florida,252,253,505
2024,1,1,TOL,"Toledo, OH",Ohio,24,24,48
2024,1,1,TPA,"Tampa, FL",Florida,3801,3803,7604
2024,1,1,TRI,"Bristol/Johnson City/Kingsport, TN",Tennessee,108,107,215
2024,1,1,TTN,"Trenton, NJ",New Jersey,137,138,275
2024,1,1,TUL,"Tulsa, OK",Oklahoma,664,665,1329
2024,1,1,TUS,"Tucson, AZ",Arizona,864,866,1730
2024,1,1,TVC,"Traverse City, MI",Michigan,117,117,234
2024,1,1,TWF,"Twin Falls, ID",Idaho,34,34,68
2024,1,1,TXK,"Texarkana, AR",Arkansas,41,41,82
2024,1,1,TYR,"Tyler, TX",Texas,51,51,102
2024,1,1,TYS,"Knoxville, TN",Tennessee,615,617,1232
2024,1,1,USA,"Concord, NC",North Carolina,40,40,80
2024,1,1,VCT,"Victoria, TX",Texas,29,29,58
2024,1,1,VEL,"Vernal, UT",Utah,28,28,56
2024,1,1,VLD,"Valdosta, GA",Georgia,34,34,68
2024,1,1,VPS,"Valparaiso, FL",Florida,309,309,618
2024,1,1,WRG,"Wrangell, AK",Alaska,32,32,64
2024,1,1,XNA,"Fayetteville, AR",Arkansas,543,541,1084
2024,1,1,XWA,"Williston, ND",North Dakota,81,81,162
2024,1,1,YAK,"Yakutat, AK",Alaska,32,32,64
2024,1,1,YUM,"Yuma, AZ",Arizona,61,61,122
