Year,NET_INCOME,OP_PROFIT_LOSS,TRANS_REV_PAX,OP_REVENUES,FLYING_OPS,MAINTENANCE,PAX_SERVICE,OP_EXPENSES,AIRLINE_ID,UNIQUE_CARRIER,UNIQUE_CARRIER_NAME,YEAR,QUARTER,source_file
2023,-712607.0,-746208.0,,1876026.0,226334.0,149045.0,,2622234.0,20107,FX,Federal Express Corporation,2023,2,Airline_Financial_2023.csv
2023,-664116.0,-815268.0,,1812034.0,218210.0,137952.0,,2627302.0,20107,FX,Federal Express Corporation,2023,3,Airline_Financial_2023.csv
2023,-651886.0,-655370.0,,1920594.0,208026.0,149080.0,,2575964.0,20107,FX,Federal Express Corporation,2023,4,Airline_Financial_2023.csv
2023,-441253.89,-470334.63,1337401.21,1563516.03,957378.94,204017.11,183937.2,2033850.66,20409,B6,JetBlue Airways,2023,3,Airline_Financial_2023.csv
2023,-340954.0,-452214.0,,1307316.0,410758.0,141556.0,,1759530.0,20107,FX,Federal Express Corporation,2023,4,Airline_Financial_2023.csv
2023,-298791.0,-618862.0,,1960869.0,241036.0,152447.0,,2579731.0,20107,FX,Federal Express Corporation,2023,1,Airline_Financial_2023.csv
2023,-294047.62,-294047.62,895106.59,1169433.32,630708.76,185401.09,119344.43,1463480.94,19805,AA,American Airlines Inc.,2023,1,Airline_Financial_2023.csv
2023,-288914.6,-288914.6,1284701.83,1590649.17,825826.98,253975.97,155691.16,1879563.77,19805,AA,American Airlines Inc.,2023,4,Airline_Financial_2023.csv
2023,-269884.0,-319553.0,,1293038.0,379539.0,114063.0,,1612591.0,20107,FX,Federal Express Corporation,2023,3,Airline_Financial_2023.csv
2023,-266784.57,-266784.57,1992149.17,2372463.87,1075989.2,322296.53,204271.58,2639248.44,19805,AA,American Airlines Inc.,2023,3,Airline_Financial_2023.csv
2023,-246235.0,-394802.0,5787938.0,6663456.0,3086353.0,624582.0,499805.0,7058258.0,19393,WN,Southwest Airlines Co.,2023,4,Airline_Financial_2023.csv
2023,-233930.65,-295070.82,1464226.29,1688688.19,995554.51,191554.6,156726.15,1983759.01,20409,B6,JetBlue Airways,2023,1,Airline_Financial_2023.csv
2023,-218184.76,31995.27,6465100.56,9166566.02,2932071.56,930045.67,589260.62,9134570.75,19805,AA,American Airlines Inc.,2023,3,Airline_Financial_2023.csv
2023,-185853.0,437900.0,5914695.0,9553721.0,2643680.0,762432.0,806149.0,9115821.0,19790,DL,Delta Air Lines Inc.,2023,1,Airline_Financial_2023.csv
2023,-171422.84,-188732.95,0.0,1108406.03,725976.28,261758.36,0.0,1297138.98,19917,5X,United Parcel Service,2023,4,Airline_Financial_2023.csv
2023,-161797.28,-189249.97,571263.23,1164470.54,735776.15,78047.91,74586.49,1353720.51,20416,NK,Spirit Air Lines,2023,4,Airline_Financial_2023.csv
2023,-156810.02,-132110.56,5115104.58,7268675.82,2484740.98,719231.35,487044.72,7400786.38,19977,UA,United Air Lines Inc.,2023,1,Airline_Financial_2023.csv
2023,-153850.0,-274205.0,4697111.0,5504766.0,2457115.0,476430.0,435702.0,5778971.0,19393,WN,Southwest Airlines Co.,2023,1,Airline_Financial_2023.csv
2023,-153549.9,-219473.99,0.0,971188.95,629571.43,290218.7,0.0,1190662.94,19917,5X,United Parcel Service,2023,3,Airline_Financial_2023.csv
2023,-150004.32,-151480.6,0.0,16665.94,71027.38,15405.07,19082.85,168146.54,19690,HA,Hawaiian Airlines Inc.,2023,3,Airline_Financial_2023.csv
2023,-144284.3,-202249.47,0.0,1221470.75,749468.57,340617.26,0.0,1423720.22,19917,5X,United Parcel Service,2023,1,Airline_Financial_2023.csv
2023,-138721.03,-133100.8,1588770.43,1832488.01,885720.21,186443.47,226099.81,1965588.81,19977,UA,United Air Lines Inc.,2023,1,Airline_Financial_2023.csv
2023,-136596.97,-163654.12,526836.71,1091156.48,686095.35,77782.54,71974.45,1254810.59,20416,NK,Spirit Air Lines,2023,3,Airline_Financial_2023.csv
2023,-134439.12,-134090.48,0.0,332364.73,291227.18,56878.63,5775.12,466455.21,20007,5Y,Atlas Air Inc.,2023,1,Airline_Financial_2023.csv
2023,-125149.82,-140771.45,418162.93,485229.31,280242.99,71094.81,59019.52,626000.76,19690,HA,Hawaiian Airlines Inc.,2023,1,Airline_Financial_2023.csv
2023,-123079.0,-12145.0,1137211.0,1489919.0,682242.0,127896.0,145538.0,1502064.0,19790,DL,Delta Air Lines Inc.,2023,1,Airline_Financial_2023.csv
2023,-119567.0,-121535.0,1452966.0,2067664.0,810787.0,170012.0,165363.0,2189198.0,19930,AS,Alaska Airlines Inc.,2023,1,Airline_Financial_2023.csv
2023,-113386.0,-208492.0,,1316056.0,392789.0,99384.0,,1524548.0,20107,FX,Federal Express Corporation,2023,1,Airline_Financial_2023.csv
2023,-112099.33,-58663.79,1449015.49,1679150.31,829429.82,165513.3,161534.51,1737814.09,20409,B6,JetBlue Airways,2023,4,Airline_Financial_2023.csv
2023,-102056.73,-130756.26,0.0,1082000.98,629453.38,286094.66,0.0,1212757.24,19917,5X,United Parcel Service,2023,2,Airline_Financial_2023.csv
2023,-101340.0,-245597.0,,1295999.0,376130.0,114072.0,,1541596.0,20107,FX,Federal Express Corporation,2023,2,Airline_Financial_2023.csv
2023,-100168.0,-90197.24,0.0,361819.41,141010.51,38850.27,6231.13,452016.65,20007,5Y,Atlas Air Inc.,2023,2,Airline_Financial_2023.csv
2023,-99670.48,-107336.67,438163.33,506402.7,264442.72,84433.73,54079.0,613739.38,19690,HA,Hawaiian Airlines Inc.,2023,4,Airline_Financial_2023.csv
2023,-92595.0,-92434.0,,348563.0,43110.0,17513.0,,440997.0,20107,FX,Federal Express Corporation,2023,3,Airline_Financial_2023.csv
2023,-90765.0,-93591.0,,339027.0,46718.0,20357.0,,432618.0,20107,FX,Federal Express Corporation,2023,4,Airline_Financial_2023.csv
2023,-90506.64,-97896.7,608244.59,1175653.34,715611.16,71797.46,60194.01,1273550.03,20416,NK,Spirit Air Lines,2023,1,Airline_Financial_2023.csv
2023,-89175.51,-89330.76,143826.04,143826.04,116882.94,69991.6,25028.93,233156.8,20363,9E,Endeavor Air Inc.,2023,1,Airline_Financial_2023.csv
2023,-85584.19,-87176.94,135872.16,135872.16,105987.33,70801.01,25738.0,223049.09,20363,9E,Endeavor Air Inc.,2023,2,Airline_Financial_2023.csv
2023,-83882.43,5627.38,506239.34,839170.1,534746.84,55588.99,49805.28,833542.72,20436,F9,Frontier Airlines Inc.,2023,4,Airline_Financial_2023.csv
2023,-81494.79,-81882.13,137737.43,137737.43,103917.67,71112.74,25452.45,219619.56,20363,9E,Endeavor Air Inc.,2023,3,Airline_Financial_2023.csv
2023,-80714.28,-81753.38,139841.55,139841.55,99034.78,70082.94,25379.94,221594.93,20363,9E,Endeavor Air Inc.,2023,4,Airline_Financial_2023.csv
2023,-77875.92,-77875.92,252298.55,315643.55,168904.26,54343.93,33259.4,393519.47,19805,AA,American Airlines Inc.,2023,4,Airline_Financial_2023.csv
2023,-76480.0,-107080.0,,354290.0,61485.0,12901.0,,461370.0,20107,FX,Federal Express Corporation,2023,2,Airline_Financial_2023.csv
2023,-74171.0,-80155.0,,342377.0,65281.0,12668.0,,422532.0,20107,FX,Federal Express Corporation,2023,1,Airline_Financial_2023.csv
2023,-64298.35,-64298.35,250584.38,306619.08,149314.63,45377.84,28725.38,370917.43,19805,AA,American Airlines Inc.,2023,3,Airline_Financial_2023.csv
2023,-52031.0,47819.0,1689575.0,2390654.0,863909.0,170699.0,181133.0,2342835.0,19930,AS,Alaska Airlines Inc.,2023,4,Airline_Financial_2023.csv
2023,-50205.64,-49839.18,40486.52,97112.01,91649.02,10634.83,6883.5,146951.18,22080,MX,Breeze Aviation Group DBA  Breeze,2023,3,Airline_Financial_2023.csv
2023,-50176.05,-59559.69,513629.92,564214.28,292413.96,182215.38,46555.56,623773.96,20304,OO,SkyWest Airlines Inc.,2023,1,Airline_Financial_2023.csv
2023,-47861.61,-47961.13,21073.43,67377.61,71266.71,7659.84,5624.11,115338.74,22080,MX,Breeze Aviation Group DBA  Breeze,2023,1,Airline_Financial_2023.csv
2023,-43791.12,1853.66,106621.64,106621.64,41320.68,33474.58,4675.58,104767.97,20378,YV,Mesa Airlines Inc.,2023,4,Airline_Financial_2023.csv
2023,-43110.93,-36012.15,0.0,56865.57,47518.72,4193.6,0.0,92877.73,21629,KD,Western Global,2023,3,Airline_Financial_2023.csv
2023,-40824.85,-19993.67,0.0,37661.7,25995.62,3833.42,0.0,57655.37,21629,KD,Western Global,2023,1,Airline_Financial_2023.csv
2023,-37667.21,-4517.97,103912.28,103912.28,41190.67,36751.17,4697.19,108430.25,20378,YV,Mesa Airlines Inc.,2023,2,Airline_Financial_2023.csv
2023,-35413.3,-31306.06,45697.17,120878.83,91304.47,10732.19,10138.5,152184.89,22080,MX,Breeze Aviation Group DBA  Breeze,2023,4,Airline_Financial_2023.csv
2023,-30897.94,10512.91,1001138.48,1198205.89,480798.03,105367.26,96642.99,1187692.97,19977,UA,United Air Lines Inc.,2023,4,Airline_Financial_2023.csv
2023,-29178.25,-28946.14,0.0,64336.05,76965.67,4455.05,0.0,93282.19,20405,N8,National Air Cargo Group Inc d/ba National Airlines,2023,1,Airline_Financial_2023.csv
2023,-28030.91,-28004.59,44201.32,99875.24,80023.04,9375.25,6325.6,127879.82,22080,MX,Breeze Aviation Group DBA  Breeze,2023,2,Airline_Financial_2023.csv
2023,-27399.63,8433.1,1311405.98,1516253.1,727268.01,126830.91,161584.48,1507820.0,19977,UA,United Air Lines Inc.,2023,4,Airline_Financial_2023.csv
2023,-26829.73,-46738.73,488352.44,817836.91,546108.1,69753.8,52414.8,864575.65,20436,F9,Frontier Airlines Inc.,2023,3,Airline_Financial_2023.csv
2023,-25732.35,-25732.35,211237.52,264569.46,118500.3,38259.85,24615.25,290301.81,19805,AA,American Airlines Inc.,2023,1,Airline_Financial_2023.csv
2023,-24545.58,2448.25,113384.82,113384.82,44862.24,31994.48,4916.28,110936.57,20378,YV,Mesa Airlines Inc.,2023,1,Airline_Financial_2023.csv
2023,-24537.46,9787.51,978870.18,1173350.06,420976.82,101127.46,91934.21,1163562.54,19977,UA,United Air Lines Inc.,2023,2,Airline_Financial_2023.csv
2023,-24329.18,-9999.45,0.0,57084.57,25601.15,14545.79,2860.5,67084.02,21161,09Q,"Swift Air, LLC d/b/a Eastern Air Lines d/b/a Eastern",2023,4,Airline_Financial_2023.csv
2023,-23648.47,-24638.94,0.0,54660.25,23350.82,24336.32,0.0,79299.19,20453,ABX,ABX Air Inc,2023,4,Airline_Financial_2023.csv
2023,-21854.57,-25562.71,77162.68,157289.44,99384.07,10542.23,10074.68,182852.15,20416,NK,Spirit Air Lines,2023,4,Airline_Financial_2023.csv
2023,-20981.81,-17507.37,0.0,62145.55,31075.79,12224.23,0.0,79652.93,21161,09Q,"Swift Air, LLC d/b/a Eastern Air Lines d/b/a Eastern",2023,2,Airline_Financial_2023.csv
2023,-20954.32,-25104.96,80818.09,167386.17,105248.77,11932.04,11041.06,192491.13,20416,NK,Spirit Air Lines,2023,3,Airline_Financial_2023.csv
2023,-20255.87,-40562.45,537172.87,601174.44,256836.32,233191.02,55217.19,641736.89,20304,OO,SkyWest Airlines Inc.,2023,4,Airline_Financial_2023.csv
2023,-20210.44,-30215.14,539456.18,581610.38,255859.34,200421.95,49993.85,611825.52,20304,OO,SkyWest Airlines Inc.,2023,2,Airline_Financial_2023.csv
2023,-19301.75,-18748.81,0.0,40383.99,39799.62,8897.79,0.0,59132.8,20108,NC,Northern Air Cargo Inc.,2023,4,Airline_Financial_2023.csv
2023,-19084.41,-25464.31,,343221.41,137400.88,97762.84,,368685.71,20370,KAQ,Kalitta Air LLC,2023,1,Airline_Financial_2023.csv
2023,-18672.0,-22345.0,117324.0,126965.0,65470.0,13728.0,13353.0,149310.0,19930,AS,Alaska Airlines Inc.,2023,1,Airline_Financial_2023.csv
2023,-17236.05,-11880.36,12154.57,12154.57,4739.58,15857.22,560.61,24034.93,20378,YV,Mesa Airlines Inc.,2023,4,Airline_Financial_2023.csv
2023,-16424.85,-9020.45,14803.92,18045.1,9468.31,2704.75,4258.51,27065.55,20401,3M,Silver Airways,2023,4,Airline_Financial_2023.csv
2023,-16328.57,-15978.23,48809.69,48911.76,22347.0,24033.64,2418.79,64889.99,20046,ZW,Air Wisconsin Airlines Corp,2023,2,Airline_Financial_2023.csv
2023,-15376.56,-13254.49,0.0,54598.7,24926.23,13480.25,0.0,67853.19,21161,09Q,"Swift Air, LLC d/b/a Eastern Air Lines d/b/a Eastern",2023,3,Airline_Financial_2023.csv
2023,-15075.07,-11566.8,10779.05,10779.05,4217.64,14950.73,509.6,22345.85,20378,YV,Mesa Airlines Inc.,2023,2,Airline_Financial_2023.csv
2023,-14974.6,-14762.09,0.0,30332.72,31221.87,5885.82,0.0,45094.81,20108,NC,Northern Air Cargo Inc.,2023,3,Airline_Financial_2023.csv
2023,-14933.77,-14933.77,246933.95,304494.72,125402.45,43260.29,28048.11,319428.49,19805,AA,American Airlines Inc.,2023,2,Airline_Financial_2023.csv
2023,-14432.11,-18885.74,,421638.09,182286.73,118497.4,,440523.82,20370,KAQ,Kalitta Air LLC,2023,3,Airline_Financial_2023.csv
2023,-13696.37,-11625.51,8449.06,8449.06,3310.43,14175.83,386.33,20074.58,20378,YV,Mesa Airlines Inc.,2023,1,Airline_Financial_2023.csv
2023,-13404.54,-14499.05,90084.45,174120.87,105986.04,10633.61,8915.07,188619.93,20416,NK,Spirit Air Lines,2023,1,Airline_Financial_2023.csv
2023,-13366.31,-6006.12,16061.32,19718.78,14817.02,3064.56,0.0,25724.9,20401,3M,Silver Airways,2023,3,Airline_Financial_2023.csv
2023,-13126.05,-6397.04,16293.04,20280.47,12384.01,3809.13,0.0,26677.51,20401,3M,Silver Airways,2023,1,Airline_Financial_2023.csv
2023,-13019.37,-24518.16,474549.02,780708.48,518505.18,58923.58,42978.21,805226.64,20436,F9,Frontier Airlines Inc.,2023,1,Airline_Financial_2023.csv
2023,-12883.61,-4544.75,101502.11,101502.11,40730.46,39934.63,4607.53,106046.85,20378,YV,Mesa Airlines Inc.,2023,3,Airline_Financial_2023.csv
2023,-12770.3,-6576.26,260648.15,260648.15,134747.68,77142.53,14601.82,267224.42,20397,OH,PSA Airlines Inc.,2023,4,Airline_Financial_2023.csv
2023,-11944.81,-11987.73,0.0,18213.98,8968.63,12498.03,0.0,30201.71,20169,L2,Lynden Air Cargo Airlines,2023,1,Airline_Financial_2023.csv
2023,-11432.24,-10380.41,12522.88,12522.88,5035.41,14734.3,598.1,22903.3,20378,YV,Mesa Airlines Inc.,2023,3,Airline_Financial_2023.csv
2023,-11376.0,-6674.0,77853.0,77930.0,26273.0,21501.0,5454.0,84605.0,19687,QX,Horizon Air,2023,1,Airline_Financial_2023.csv
2023,-10875.23,-10875.23,0.0,28421.57,26338.71,5601.15,0.0,39296.81,20108,NC,Northern Air Cargo Inc.,2023,2,Airline_Financial_2023.csv
2023,-10094.38,-5580.79,0.0,128192.4,69605.71,16517.05,15503.94,133773.19,20377,X9,Omni Air International LLC,2023,4,Airline_Financial_2023.csv
2023,-9926.79,-9765.26,29171.67,58486.71,39357.92,7904.14,0.0,68251.97,20207,XP,TEM Enterprises dba  Avelo Airlines,2023,1,Airline_Financial_2023.csv
2023,-9901.17,-2792.06,17546.22,22000.83,11461.89,2723.05,0.0,24792.89,20401,3M,Silver Airways,2023,2,Airline_Financial_2023.csv
2023,-9843.67,-10368.02,52518.78,52613.8,22988.92,25440.17,2481.61,62981.82,20046,ZW,Air Wisconsin Airlines Corp,2023,1,Airline_Financial_2023.csv
2023,-9792.21,-9635.66,28116.84,63152.63,40548.89,9000.57,0.0,72788.29,20207,XP,TEM Enterprises dba  Avelo Airlines,2023,3,Airline_Financial_2023.csv
2023,-9452.57,-6843.09,0.0,55051.39,32989.64,11038.73,,61894.47,20151,M6,Amerijet International,2023,3,Airline_Financial_2023.csv
2023,-9403.01,-9298.97,0.0,13143.83,18313.31,608.11,1858.46,22442.79,20405,N8,National Air Cargo Group Inc d/ba National Airlines,2023,3,Airline_Financial_2023.csv
2023,-9371.21,-7505.96,0.0,66661.25,39530.98,13227.54,,74167.2,20151,M6,Amerijet International,2023,3,Airline_Financial_2023.csv
2023,-9365.96,36256.76,911700.2,1104952.77,421452.27,94624.39,90730.96,1068696.01,19977,UA,United Air Lines Inc.,2023,3,Airline_Financial_2023.csv
2023,-9184.0,656.79,0.0,75886.62,39435.11,10299.56,,75229.83,20151,M6,Amerijet International,2023,4,Airline_Financial_2023.csv
2023,-8871.67,-6057.08,0.0,69246.42,43355.69,11077.22,,75303.5,20151,M6,Amerijet International,2023,1,Airline_Financial_2023.csv
2023,-8787.34,-8453.33,0.0,31003.07,26279.25,6531.2,0.0,39456.4,20108,NC,Northern Air Cargo Inc.,2023,1,Airline_Financial_2023.csv
2023,-8700.51,-8468.41,0.0,21027.79,24085.9,704.09,1454.47,29496.2,20405,N8,National Air Cargo Group Inc d/ba National Airlines,2023,1,Airline_Financial_2023.csv
2023,-8167.88,-8026.89,0.0,6045.18,11613.19,84.04,1595.37,14072.06,20405,N8,National Air Cargo Group Inc d/ba National Airlines,2023,2,Airline_Financial_2023.csv
2023,-8149.8,-7896.67,0.0,21196.69,9574.36,10813.42,0.0,29093.35,20169,L2,Lynden Air Cargo Airlines,2023,4,Airline_Financial_2023.csv
2023,-8148.5,350.79,0.0,65325.22,34059.28,8895.51,,64974.43,20151,M6,Amerijet International,2023,4,Airline_Financial_2023.csv
2023,-8091.31,-9812.77,427866.21,427954.11,154101.4,85163.24,18818.72,437766.87,20398,MQ,Envoy Air,2023,3,Airline_Financial_2023.csv
2023,-7471.02,-6775.21,0.0,31475.08,22402.58,3836.49,,38250.29,22085,GCA,"Global Crossing Airlines, Inc.",2023,2,Airline_Financial_2023.csv
2023,-7403.45,-5145.56,0.0,120998.87,71800.48,12238.97,12406.22,126144.43,20377,X9,Omni Air International LLC,2023,1,Airline_Financial_2023.csv
2023,-7378.56,-6475.44,0.0,84044.62,46633.78,12219.33,0.0,90520.05,21161,09Q,"Swift Air, LLC d/b/a Eastern Air Lines d/b/a Eastern",2023,1,Airline_Financial_2023.csv
2023,-7165.42,-7413.36,,14349.25,7446.74,8629.09,,21762.6,20372,KLQ,Kalitta Charters II,2023,3,Airline_Financial_2023.csv
2023,-7016.56,-15843.06,558365.78,620841.3,264218.57,218321.42,54662.69,636684.36,20304,OO,SkyWest Airlines Inc.,2023,3,Airline_Financial_2023.csv
2023,-6557.47,-6896.92,,46026.3,18476.81,21482.95,,52923.22,20370,KAQ,Kalitta Air LLC,2023,1,Airline_Financial_2023.csv
2023,-6514.28,-4307.17,240272.81,240272.81,134350.12,61375.21,12288.09,244579.98,20397,OH,PSA Airlines Inc.,2023,2,Airline_Financial_2023.csv
2023,-6476.65,-6372.61,0.0,120000.57,104288.14,7014.36,0.0,126373.18,20405,N8,National Air Cargo Group Inc d/ba National Airlines,2023,3,Airline_Financial_2023.csv
2023,-6459.92,-6067.77,49958.0,50056.02,19613.84,18114.41,2726.74,56123.79,20046,ZW,Air Wisconsin Airlines Corp,2023,3,Airline_Financial_2023.csv
2023,-6398.13,-2874.98,7688.17,9438.9,7092.55,1466.93,0.0,12313.89,20401,3M,Silver Airways,2023,3,Airline_Financial_2023.csv
2023,-6316.47,-2493.08,7644.26,9317.55,7088.81,2307.17,2198.87,11810.63,20401,3M,Silver Airways,2023,4,Airline_Financial_2023.csv
2023,-6162.63,-3044.99,0.0,70979.96,38050.1,12940.91,,74024.95,20151,M6,Amerijet International,2023,2,Airline_Financial_2023.csv
2023,-6071.7,-5644.97,0.0,32150.55,23616.66,3747.31,,37795.52,22085,GCA,"Global Crossing Airlines, Inc.",2023,1,Airline_Financial_2023.csv
2023,-5983.0,33387.0,412208.0,536843.0,213434.0,37525.0,51651.0,503456.0,19790,DL,Delta Air Lines Inc.,2023,1,Airline_Financial_2023.csv
2023,-5954.36,-16842.02,0.0,61431.35,40277.8,4693.26,0.0,78273.38,21629,KD,Western Global,2023,2,Airline_Financial_2023.csv
2023,-5876.0,-9421.0,138107.0,158998.0,73645.0,14902.0,11926.0,168419.0,19393,WN,Southwest Airlines Co.,2023,4,Airline_Financial_2023.csv
2023,-5666.71,-5697.42,0.0,29473.45,4562.93,0.0,0.0,35170.86,21974,3EQ,"Scott Aviation, LLC  d/b/a  Silver Air",2023,2,Airline_Financial_2023.csv
2023,-5655.06,-5386.69,0.0,5714.16,4634.94,857.82,0.0,11100.85,21492,1BQ,"Eastern Airlines f/k/a Dynamic Airways, LLC",2023,4,Airline_Financial_2023.csv
2023,-5624.0,-10024.0,171729.0,201257.0,89833.0,17419.0,15930.0,211281.0,19393,WN,Southwest Airlines Co.,2023,1,Airline_Financial_2023.csv
2023,-5552.56,-4890.59,120480.94,142185.69,64429.45,12685.33,16769.54,147076.28,19690,HA,Hawaiian Airlines Inc.,2023,2,Airline_Financial_2023.csv
2023,-5270.73,-3933.96,252397.28,252397.28,135519.3,68302.41,13535.14,256331.24,20397,OH,PSA Airlines Inc.,2023,3,Airline_Financial_2023.csv
2023,-5064.05,-2467.99,6285.89,7824.24,4777.77,1469.57,0.0,10292.23,20401,3M,Silver Airways,2023,1,Airline_Financial_2023.csv
2023,-4949.05,-3995.51,0.0,6313.28,3325.8,1391.1,0.0,10308.8,20166,GFQ,Gulf And Caribbean Cargo,2023,4,Airline_Financial_2023.csv
2023,-4944.66,-2618.58,0.0,52611.55,28389.24,9655.23,,55230.13,20151,M6,Amerijet International,2023,2,Airline_Financial_2023.csv
2023,-4936.88,-4119.36,0.0,14622.42,7311.92,2876.28,0.0,18741.79,21161,09Q,"Swift Air, LLC d/b/a Eastern Air Lines d/b/a Eastern",2023,2,Airline_Financial_2023.csv
2023,-4906.14,-2324.17,0.0,42576.9,22333.81,4700.01,,44901.07,22085,GCA,"Global Crossing Airlines, Inc.",2023,3,Airline_Financial_2023.csv
2023,-4824.34,-4845.83,0.0,27299.84,4214.34,0.0,0.0,32145.67,21974,3EQ,"Scott Aviation, LLC  d/b/a  Silver Air",2023,1,Airline_Financial_2023.csv
2023,-4738.8,-2576.68,496746.66,564796.14,237226.42,70657.81,59044.25,567372.83,19690,HA,Hawaiian Airlines Inc.,2023,2,Airline_Financial_2023.csv
2023,-4659.85,-6995.94,39548.29,65109.02,43616.8,5165.37,4320.96,72104.96,20436,F9,Frontier Airlines Inc.,2023,3,Airline_Financial_2023.csv
2023,-4501.95,-3439.92,0.0,95779.84,36044.03,49202.04,0.0,99219.76,19874,8C,Air Transport International,2023,3,Airline_Financial_2023.csv
2023,-4409.45,6562.49,99759.88,223965.72,103170.59,21487.11,9494.45,217403.24,20422,SY,Sun Country Airlines d/b/a MN Airlines,2023,3,Airline_Financial_2023.csv
2023,-4207.01,-1186.35,7455.39,9348.15,4870.16,1157.02,0.0,10534.5,20401,3M,Silver Airways,2023,2,Airline_Financial_2023.csv
2023,-4010.22,31328.55,337910.65,345373.61,108418.23,104270.71,27915.49,314045.06,20452,YX,Republic Airline,2023,4,Airline_Financial_2023.csv
2023,-4004.27,-2299.82,0.0,764.38,24099.51,6802.99,91.21,3064.2,21979,3FQ,"Western Air Charter, Inc.  d/b/a  Jet Edge",2023,3,Airline_Financial_2023.csv
2023,-3924.37,-1156.19,240670.96,240670.96,141939.55,51752.68,12214.94,241827.15,20397,OH,PSA Airlines Inc.,2023,1,Airline_Financial_2023.csv
2023,-3894.56,-3357.08,0.0,13828.69,6313.28,3414.26,0.0,17185.77,21161,09Q,"Swift Air, LLC d/b/a Eastern Air Lines d/b/a Eastern",2023,3,Airline_Financial_2023.csv
2023,-3676.13,-2326.06,,17667.74,7290.86,7144.36,,19993.8,20372,KLQ,Kalitta Charters II,2023,4,Airline_Financial_2023.csv
2023,-3543.38,-3223.43,-35.35,15629.13,6948.25,1552.88,0.0,18852.56,21492,1BQ,"Eastern Airlines f/k/a Dynamic Airways, LLC",2023,3,Airline_Financial_2023.csv
2023,-3484.65,-1432.21,0.0,8176.16,3666.83,2083.38,409.71,9608.38,21161,09Q,"Swift Air, LLC d/b/a Eastern Air Lines d/b/a Eastern",2023,4,Airline_Financial_2023.csv
2023,-3234.57,-3259.1,0.0,5746.42,4513.53,3458.8,0.0,9005.52,20166,GFQ,Gulf And Caribbean Cargo,2023,3,Airline_Financial_2023.csv
2023,-3217.0,16959.0,100461.0,100462.0,25712.0,22008.0,5753.0,83504.0,19687,QX,Horizon Air,2023,4,Airline_Financial_2023.csv
2023,-3166.93,-2341.12,0.0,97524.64,36607.79,50743.61,0.0,99865.76,19874,8C,Air Transport International,2023,1,Airline_Financial_2023.csv
2023,-2968.8,-2736.12,830.54,16578.97,7542.62,4897.4,,19315.09,20408,5V,Tatonduk Outfitters Limited d/b/a Everts Air Alaska and Everts Air Cargo,2023,4,Airline_Financial_2023.csv
2023,-2952.77,-2956.85,0.0,1883.43,2170.71,654.04,0.0,4840.28,21875,37Q,"Eastern Air Express, LLC (EAX)",2023,4,Airline_Financial_2023.csv
2023,-2781.17,-2897.65,0.0,6428.3,2746.16,2862.06,0.0,9325.95,20453,ABX,ABX Air Inc,2023,4,Airline_Financial_2023.csv
2023,-2406.97,-2472.59,5034.05,5108.09,2566.11,3293.57,594.94,7580.68,20304,OO,SkyWest Airlines Inc.,2023,3,Airline_Financial_2023.csv
2023,-2317.06,-2077.44,30082.35,64197.94,35558.26,8482.1,0.0,66275.38,20207,XP,TEM Enterprises dba  Avelo Airlines,2023,2,Airline_Financial_2023.csv
2023,-2227.68,-1333.08,0.0,53919.0,32481.35,5179.3,,55252.07,22085,GCA,"Global Crossing Airlines, Inc.",2023,4,Airline_Financial_2023.csv
2023,-2158.62,-4081.35,105412.96,193858.04,48976.7,29313.38,4422.41,197939.39,20427,PT,Piedmont Airlines,2023,4,Airline_Financial_2023.csv
2023,-2041.55,17562.39,642530.07,1244818.34,635073.96,76488.06,71658.11,1227255.95,20416,NK,Spirit Air Lines,2023,2,Airline_Financial_2023.csv
2023,-2003.61,570.3,0.0,64192.54,34406.26,10130.01,,63622.24,20151,M6,Amerijet International,2023,1,Airline_Financial_2023.csv
2023,-1964.72,-1973.09,0.0,7082.42,6939.43,440.06,0.0,9055.51,21875,37Q,"Eastern Air Express, LLC (EAX)",2023,3,Airline_Financial_2023.csv
2023,-1862.54,-2043.8,,7996.47,4615.53,209.1,,10040.28,20177,PFQ,Asia Pacific,2023,1,Airline_Financial_2023.csv
2023,-1828.14,-1339.14,-9.42,21466.84,10012.11,1563.05,0.0,22805.99,21492,1BQ,"Eastern Airlines f/k/a Dynamic Airways, LLC",2023,4,Airline_Financial_2023.csv
2023,-1707.22,6173.54,395773.14,565355.25,262545.05,59714.86,25264.65,559181.71,20368,G4,Allegiant Air,2023,3,Airline_Financial_2023.csv
2023,-1689.34,-1666.64,0.0,6565.33,5016.04,358.94,2115.23,8231.97,20405,N8,National Air Cargo Group Inc d/ba National Airlines,2023,4,Airline_Financial_2023.csv
2023,-1644.26,-1443.01,0.0,18728.78,10392.02,2723.0,0.0,20171.79,21161,09Q,"Swift Air, LLC d/b/a Eastern Air Lines d/b/a Eastern",2023,1,Airline_Financial_2023.csv
2023,-1641.18,-1803.8,4549.78,4608.68,2340.81,2581.69,524.57,6412.49,20304,OO,SkyWest Airlines Inc.,2023,4,Airline_Financial_2023.csv
2023,-1609.84,-1347.26,0.0,37018.47,16646.61,6457.52,1139.25,38365.73,20310,WL,"Caribbean Sun Airlines, Inc. d/b/a World Atlantic Airlines",2023,4,Airline_Financial_2023.csv
2023,-1551.17,-1283.01,0.0,13359.47,8316.8,1328.4,1473.45,14642.48,20377,X9,Omni Air International LLC,2023,1,Airline_Financial_2023.csv
2023,-1490.21,-1296.51,,11920.06,7453.09,2458.03,,13216.56,21754,2PQ,21 Air LLC,2023,1,Airline_Financial_2023.csv
2023,-1458.92,-1068.42,37.39,21006.29,9229.94,2884.95,0.0,22074.72,21492,1BQ,"Eastern Airlines f/k/a Dynamic Airways, LLC",2023,2,Airline_Financial_2023.csv
2023,-1445.63,-1512.46,4343.57,4403.04,2109.67,2251.46,490.87,5915.5,20304,OO,SkyWest Airlines Inc.,2023,2,Airline_Financial_2023.csv
2023,-1423.17,-1547.11,,5138.22,3578.76,-64.76,,6685.33,20177,PFQ,Asia Pacific,2023,2,Airline_Financial_2023.csv
2023,-1317.14,-1102.3,0.0,30287.84,13619.95,5283.42,932.12,31390.14,20310,WL,"Caribbean Sun Airlines, Inc. d/b/a World Atlantic Airlines",2023,4,Airline_Financial_2023.csv
2023,-1274.31,-1332.03,3867.82,3958.19,2492.8,1359.64,457.17,5290.22,20304,OO,SkyWest Airlines Inc.,2023,1,Airline_Financial_2023.csv
2023,-1191.33,-718.59,0.0,19068.19,7363.87,2294.44,0.0,19786.77,21492,1BQ,"Eastern Airlines f/k/a Dynamic Airways, LLC",2023,3,Airline_Financial_2023.csv
2023,-1128.8,-1157.5,0.0,9972.65,9282.36,799.32,0.0,11130.14,21875,37Q,"Eastern Air Express, LLC (EAX)",2023,1,Airline_Financial_2023.csv
2023,-1105.41,-7258.87,,428549.25,178995.01,106846.15,,435808.12,20370,KAQ,Kalitta Air LLC,2023,4,Airline_Financial_2023.csv
2023,-1096.06,-843.78,0.0,6741.84,3993.15,934.73,866.59,7585.62,20377,X9,Omni Air International LLC,2023,4,Airline_Financial_2023.csv
2023,-1085.68,-1087.57,1751.03,1751.03,1423.01,852.12,304.72,2838.61,20363,9E,Endeavor Air Inc.,2023,1,Airline_Financial_2023.csv
2023,-980.29,-1884.36,0.0,24880.72,8910.44,9354.5,0.0,26765.09,20169,L2,Lynden Air Cargo Airlines,2023,2,Airline_Financial_2023.csv
2023,-931.17,-948.5,1478.31,1478.31,1153.16,770.33,280.03,2426.81,20363,9E,Endeavor Air Inc.,2023,2,Airline_Financial_2023.csv
2023,-760.73,-768.16,0.0,9904.2,9143.56,408.56,0.0,10672.37,21875,37Q,"Eastern Air Express, LLC (EAX)",2023,2,Airline_Financial_2023.csv
2023,-678.02,-682.89,0.0,747.03,26831.62,7318.23,58.82,1429.92,21979,3FQ,"Western Air Charter, Inc.  d/b/a  Jet Edge",2023,2,Airline_Financial_2023.csv
2023,-570.0,8578.0,92409.0,92415.0,26167.0,21854.0,6515.0,83837.0,19687,QX,Horizon Air,2023,2,Airline_Financial_2023.csv
2023,-550.94,-558.03,954.53,954.53,675.99,478.37,173.24,1512.57,20363,9E,Endeavor Air Inc.,2023,4,Airline_Financial_2023.csv
2023,-483.33,-485.63,816.89,816.89,616.32,421.76,150.95,1302.52,20363,9E,Endeavor Air Inc.,2023,3,Airline_Financial_2023.csv
2023,-339.65,-333.7,0.0,31216.13,6517.42,0.0,0.0,31549.83,21974,3EQ,"Scott Aviation, LLC  d/b/a  Silver Air",2023,4,Airline_Financial_2023.csv
2023,-316.88,-77.6,,14643.27,7635.58,2670.08,,14720.87,21754,2PQ,21 Air LLC,2023,4,Airline_Financial_2023.csv
2023,-307.76,2647.49,96860.11,187653.86,95736.12,11530.42,10802.32,185006.36,20416,NK,Spirit Air Lines,2023,2,Airline_Financial_2023.csv
2023,-225.29,-273.22,11913.31,11915.76,4290.73,2371.25,523.98,12188.98,20398,MQ,Envoy Air,2023,3,Airline_Financial_2023.csv
2023,-187.54,158.18,-28.16,8332.02,4333.64,1490.77,0.0,8173.84,21492,1BQ,"Eastern Airlines f/k/a Dynamic Airways, LLC",2023,1,Airline_Financial_2023.csv
2023,-97.87,-97.87,0.0,27388.93,0.0,0.0,0.0,27486.8,21652,27Q,"Jet Aviation Flight Services, Inc.",2023,4,Airline_Financial_2023.csv
2023,-35.03,-33.74,39099.49,80458.9,46154.03,9894.21,0.0,80492.64,20207,XP,TEM Enterprises dba  Avelo Airlines,2023,4,Airline_Financial_2023.csv
2023,-31.19,-16.04,637.54,637.54,322.08,188.68,43.23,653.58,20397,OH,PSA Airlines Inc.,2023,4,Airline_Financial_2023.csv
2023,-24.84,-289.77,0.0,62780.7,52805.9,157.69,0.0,63070.48,20100,PO,Polar Air Cargo Airways,2023,2,Airline_Financial_2023.csv
2023,-18.67,-12.34,689.15,689.15,377.42,176.03,43.18,701.49,20397,OH,PSA Airlines Inc.,2023,2,Airline_Financial_2023.csv
2023,-17.37,-12.95,833.13,833.13,437.47,225.45,54.53,846.08,20397,OH,PSA Airlines Inc.,2023,3,Airline_Financial_2023.csv
2023,-13.89,-113.52,0.0,60028.97,50986.73,122.69,0.0,60142.49,20100,PO,Polar Air Cargo Airways,2023,3,Airline_Financial_2023.csv
2023,-6.99,-2.02,431.57,431.57,250.06,92.81,26.37,433.6,20397,OH,PSA Airlines Inc.,2023,1,Airline_Financial_2023.csv
2023,-4.75,10.6,0.0,28749.65,24294.68,69.01,0.0,28739.05,20100,PO,Polar Air Cargo Airways,2023,4,Airline_Financial_2023.csv
2023,-2.81,28.33,297.93,304.51,95.55,91.51,24.59,276.18,20452,YX,Republic Airline,2023,4,Airline_Financial_2023.csv
2023,-0.8,-27.5,0.0,6178.11,5235.03,16.98,0.0,6205.61,20100,PO,Polar Air Cargo Airways,2023,1,Airline_Financial_2023.csv
2023,-0.35,-243.98,0.0,56364.65,47753.83,154.93,0.0,56608.63,20100,PO,Polar Air Cargo Airways,2023,1,Airline_Financial_2023.csv
2023,0.0,0.0,,0.0,0.0,0.0,,0.0,20372,KLQ,Kalitta Charters II,2023,1,Airline_Financial_2023.csv
2023,0.0,0.0,,0.0,0.0,0.0,,0.0,20372,KLQ,Kalitta Charters II,2023,3,Airline_Financial_2023.csv
2023,0.0,0.0,,0.0,0.0,0.0,,0.0,20372,KLQ,Kalitta Charters II,2023,4,Airline_Financial_2023.csv
2023,0.0,0.0,0.0,0.0,0.0,0.0,0.0,0.0,19687,QX,Horizon Air,2023,1,Airline_Financial_2023.csv
2023,0.0,0.0,0.0,0.0,0.0,0.0,0.0,0.0,19687,QX,Horizon Air,2023,3,Airline_Financial_2023.csv
2023,0.0,0.0,0.0,0.0,0.0,0.0,0.0,0.0,19687,QX,Horizon Air,2023,4,Airline_Financial_2023.csv
2023,0.0,0.0,0.0,0.0,0.0,0.0,0.0,0.0,20445,C5,CommuteAir LLC dba CommuteAir,2023,1,Airline_Financial_2023.csv
2023,0.0,0.0,0.0,0.0,0.0,0.0,0.0,0.0,20445,C5,CommuteAir LLC dba CommuteAir,2023,2,Airline_Financial_2023.csv
2023,0.0,0.0,0.0,0.0,0.0,0.0,0.0,0.0,20445,C5,CommuteAir LLC dba CommuteAir,2023,3,Airline_Financial_2023.csv
2023,0.0,0.0,0.0,0.0,0.0,0.0,0.0,0.0,20445,C5,CommuteAir LLC dba CommuteAir,2023,4,Airline_Financial_2023.csv
2023,0.0,0.0,0.0,0.0,0.0,0.0,0.0,0.0,21577,1TQ,Rhoades Aviation dba Transair,2023,1,Airline_Financial_2023.csv
2023,0.0,0.0,0.0,0.0,0.0,0.0,0.0,0.0,21979,3FQ,"Western Air Charter, Inc.  d/b/a  Jet Edge",2023,1,Airline_Financial_2023.csv
2023,0.0,0.0,0.0,0.0,0.0,0.0,0.0,0.0,21979,3FQ,"Western Air Charter, Inc.  d/b/a  Jet Edge",2023,2,Airline_Financial_2023.csv
2023,0.0,0.0,0.0,0.0,0.0,0.0,0.0,0.0,21979,3FQ,"Western Air Charter, Inc.  d/b/a  Jet Edge",2023,3,Airline_Financial_2023.csv
2023,0.0,0.0,0.0,0.0,0.0,0.0,0.0,0.0,21979,3FQ,"Western Air Charter, Inc.  d/b/a  Jet Edge",2023,4,Airline_Financial_2023.csv
2023,0.69,123.27,0.0,229573.83,193961.01,551.05,0.0,229450.55,20100,PO,Polar Air Cargo Airways,2023,4,Airline_Financial_2023.csv
2023,1.14,-1060.16,0.0,245534.88,208021.9,674.9,0.0,246595.04,20100,PO,Polar Air Cargo Airways,2023,1,Airline_Financial_2023.csv
2023,2.49,-11.17,0.0,3237.56,2719.4,8.13,0.0,3248.74,20100,PO,Polar Air Cargo Airways,2023,2,Airline_Financial_2023.csv
2023,4.06,17.4,0.0,24970.61,21093.04,59.94,0.0,24953.22,20100,PO,Polar Air Cargo Airways,2023,4,Airline_Financial_2023.csv
2023,6.15,-393.06,0.0,240512.37,204221.91,491.56,0.0,240905.43,20100,PO,Polar Air Cargo Airways,2023,3,Airline_Financial_2023.csv
2023,7.74,1.76,0.0,3605.44,3053.77,7.37,0.0,3603.68,20100,PO,Polar Air Cargo Airways,2023,3,Airline_Financial_2023.csv
2023,19.24,-482.88,42020.67,67641.18,43969.85,4280.76,3609.21,68124.07,20436,F9,Frontier Airlines Inc.,2023,1,Airline_Financial_2023.csv
2023,22.36,-1025.35,0.0,248273.61,208706.5,623.61,0.0,249298.95,20100,PO,Polar Air Cargo Airways,2023,2,Airline_Financial_2023.csv
2023,25.93,62.05,954.26,969.08,305.02,271.2,84.78,907.03,20452,YX,Republic Airline,2023,3,Airline_Financial_2023.csv
2023,42.2,15.6,12988.38,12991.91,4846.05,2292.06,554.29,12976.31,20398,MQ,Envoy Air,2023,1,Airline_Financial_2023.csv
2023,57.64,103.31,994.68,1005.32,318.29,261.59,85.28,902.01,20452,YX,Republic Airline,2023,1,Airline_Financial_2023.csv
2023,70.2,129.99,970.06,982.59,297.55,267.58,85.82,852.59,20452,YX,Republic Airline,2023,2,Airline_Financial_2023.csv
2023,71.13,899.19,0.0,21579.35,11548.89,4804.01,0.0,20680.16,20195,WI,Sky Lease Cargo,2023,4,Airline_Financial_2023.csv
2023,80.17,162.35,,20172.22,6627.47,6427.56,,20009.87,20372,KLQ,Kalitta Charters II,2023,1,Airline_Financial_2023.csv
2023,89.85,156.7,14308.88,14312.49,4902.14,2688.58,626.24,14155.78,20398,MQ,Envoy Air,2023,2,Airline_Financial_2023.csv
2023,117.84,204.99,0.0,4151.69,2215.2,379.31,483.62,3946.71,20377,X9,Omni Air International LLC,2023,3,Airline_Financial_2023.csv
2023,120.07,167.09,55042.84,57405.15,33583.87,13820.35,2691.66,57238.05,20500,G7,GoJet Airlines LLC d/b/a United Express,2023,2,Airline_Financial_2023.csv
2023,156.09,225.07,106693.38,193036.47,48151.07,27438.72,5243.06,192811.41,20427,PT,Piedmont Airlines,2023,3,Airline_Financial_2023.csv
2023,202.61,394.16,0.0,6694.29,3009.67,1010.27,0.0,6300.12,20447,U7,USA Jet Airlines Inc.,2023,3,Airline_Financial_2023.csv
2023,231.62,434.44,13490.17,13493.02,4643.84,2493.73,571.5,13058.58,20398,MQ,Envoy Air,2023,4,Airline_Financial_2023.csv
2023,252.31,524.81,0.0,13518.49,6525.95,1975.61,0.0,12993.68,20447,U7,USA Jet Airlines Inc.,2023,4,Airline_Financial_2023.csv
2023,257.09,437.75,0.0,10486.58,4353.03,4113.42,0.0,10048.83,20453,ABX,ABX Air Inc,2023,1,Airline_Financial_2023.csv
2023,259.91,360.22,0.0,12897.53,5850.74,1722.57,372.14,12537.32,20310,WL,"Caribbean Sun Airlines, Inc. d/b/a World Atlantic Airlines",2023,3,Airline_Financial_2023.csv
2023,262.61,546.23,0.0,14070.27,6792.31,2056.24,0.0,13524.03,20447,U7,USA Jet Airlines Inc.,2023,4,Airline_Financial_2023.csv
2023,351.93,191.38,0.0,8378.23,3470.85,3271.81,0.0,8186.85,20453,ABX,ABX Air Inc,2023,3,Airline_Financial_2023.csv
2023,407.0,101.0,101201.0,108492.0,46030.0,8584.0,9485.0,108391.0,19930,AS,Alaska Airlines Inc.,2023,3,Airline_Financial_2023.csv
2023,449.2,588.39,0.0,7162.49,3712.73,616.92,696.34,6574.1,20377,X9,Omni Air International LLC,2023,2,Airline_Financial_2023.csv
2023,467.94,195.76,0.0,10190.97,4504.81,3800.98,0.0,9995.2,20453,ABX,ABX Air Inc,2023,2,Airline_Financial_2023.csv
2023,509.02,148.88,1049.78,19311.36,7740.55,5687.54,,19162.48,20408,5V,Tatonduk Outfitters Limited d/b/a Everts Air Alaska and Everts Air Cargo,2023,3,Airline_Financial_2023.csv
2023,521.0,1013.56,0.0,17213.88,7739.14,2597.84,0.0,16200.32,20447,U7,USA Jet Airlines Inc.,2023,3,Airline_Financial_2023.csv
2023,528.97,528.97,0.0,2515.58,0.0,0.0,0.0,1986.61,21652,27Q,"Jet Aviation Flight Services, Inc.",2023,3,Airline_Financial_2023.csv
2023,539.48,517.48,0.0,1975.55,35286.58,10261.46,149.4,1458.07,21979,3FQ,"Western Air Charter, Inc.  d/b/a  Jet Edge",2023,1,Airline_Financial_2023.csv
2023,609.4,126.41,740.87,18528.84,7550.07,5373.62,,18402.44,20408,5V,Tatonduk Outfitters Limited d/b/a Everts Air Alaska and Everts Air Cargo,2023,1,Airline_Financial_2023.csv
2023,636.33,881.91,0.0,31576.72,14324.21,4217.32,911.1,30694.81,20310,WL,"Caribbean Sun Airlines, Inc. d/b/a World Atlantic Airlines",2023,3,Airline_Financial_2023.csv
2023,684.55,561.75,58353.57,58353.57,19555.53,26389.77,2446.02,57791.82,20445,C5,CommuteAir LLC dba CommuteAir,2023,3,Airline_Financial_2023.csv
2023,761.5,875.11,0.0,4227.39,1602.59,439.18,0.0,3352.27,20447,U7,USA Jet Airlines Inc.,2023,1,Airline_Financial_2023.csv
2023,774.7,781.63,0.0,20106.73,10668.46,4567.74,0.0,19325.1,20195,WI,Sky Lease Cargo,2023,3,Airline_Financial_2023.csv
2023,794.78,794.78,0.0,2862.29,0.0,0.0,0.0,2067.5,21652,27Q,"Jet Aviation Flight Services, Inc.",2023,4,Airline_Financial_2023.csv
2023,823.77,639.71,,14205.48,5833.28,4110.24,,13565.77,20177,PFQ,Asia Pacific,2023,3,Airline_Financial_2023.csv
2023,828.77,828.77,0.0,1787.18,74.72,793.67,0.0,958.41,21577,1TQ,Rhoades Aviation dba Transair,2023,1,Airline_Financial_2023.csv
2023,858.27,858.27,0.0,2932.49,0.0,0.0,0.0,2074.21,21652,27Q,"Jet Aviation Flight Services, Inc.",2023,2,Airline_Financial_2023.csv
2023,914.78,942.35,0.0,9144.92,3751.09,1286.57,247.96,8202.57,20310,WL,"Caribbean Sun Airlines, Inc. d/b/a World Atlantic Airlines",2023,2,Airline_Financial_2023.csv
2023,978.08,1460.78,0.0,9128.09,5454.29,679.34,0.0,7667.31,20166,GFQ,Gulf And Caribbean Cargo,2023,1,Airline_Financial_2023.csv
2023,980.0,962.95,59592.69,61110.9,34786.25,15627.94,3014.95,60147.95,20500,G7,GoJet Airlines LLC d/b/a United Express,2023,4,Airline_Financial_2023.csv
2023,999.47,1111.98,0.0,5040.43,1931.19,528.02,0.0,3928.45,20447,U7,USA Jet Airlines Inc.,2023,2,Airline_Financial_2023.csv
2023,1036.94,1036.94,0.0,2877.77,0.0,0.0,0.0,1840.83,21652,27Q,"Jet Aviation Flight Services, Inc.",2023,1,Airline_Financial_2023.csv
2023,1066.33,1278.12,,13874.79,7125.36,2160.79,,12596.67,21754,2PQ,21 Air LLC,2023,2,Airline_Financial_2023.csv
2023,1071.4,23610.05,0.0,709062.31,443762.6,73715.23,14339.88,685452.26,20007,5Y,Atlas Air Inc.,2023,3,Airline_Financial_2023.csv
2023,1169.52,7518.88,0.0,106390.99,40150.16,45670.83,0.0,98872.11,19874,8C,Air Transport International,2023,4,Airline_Financial_2023.csv
2023,1176.45,45886.57,2166540.94,2378011.19,1026615.38,207216.14,265265.92,2332124.62,19977,UA,United Air Lines Inc.,2023,4,Airline_Financial_2023.csv
2023,1252.68,-1326.1,137193.18,162719.4,68656.4,15888.47,17128.41,164045.5,19690,HA,Hawaiian Airlines Inc.,2023,4,Airline_Financial_2023.csv
2023,1306.84,1541.75,67025.81,67025.81,23067.84,29716.46,2442.19,65484.06,20445,C5,CommuteAir LLC dba CommuteAir,2023,1,Airline_Financial_2023.csv
2023,1351.77,1347.47,0.0,31832.36,6313.57,0.0,0.0,30484.89,21974,3EQ,"Scott Aviation, LLC  d/b/a  Silver Air",2023,3,Airline_Financial_2023.csv
2023,1399.32,517.17,430699.6,430816.76,160696.83,76005.51,18380.4,430299.59,20398,MQ,Envoy Air,2023,1,Airline_Financial_2023.csv
2023,1449.88,2016.52,0.0,11017.28,6402.86,797.49,0.0,9000.76,20166,GFQ,Gulf And Caribbean Cargo,2023,1,Airline_Financial_2023.csv
2023,1486.53,1705.1,,15001.41,7120.88,2749.78,,13296.32,21754,2PQ,21 Air LLC,2023,3,Airline_Financial_2023.csv
2023,1499.03,2552.41,0.0,61143.97,25381.12,23984.06,0.0,58591.57,20453,ABX,ABX Air Inc,2023,1,Airline_Financial_2023.csv
2023,1685.24,1863.32,55216.92,57076.95,33260.33,12849.96,2413.99,55213.63,20500,G7,GoJet Airlines LLC d/b/a United Express,2023,1,Airline_Financial_2023.csv
2023,1697.86,1726.36,0.0,20739.72,12633.15,1625.07,0.0,19013.37,20195,WI,Sky Lease Cargo,2023,1,Airline_Financial_2023.csv
2023,1702.6,1763.32,0.0,5045.73,1760.96,423.65,100.8,3282.4,20310,WL,"Caribbean Sun Airlines, Inc. d/b/a World Atlantic Airlines",2023,1,Airline_Financial_2023.csv
2023,1744.4,1716.85,63548.3,63548.3,20086.32,29162.33,2350.24,61831.45,20445,C5,CommuteAir LLC dba CommuteAir,2023,2,Airline_Financial_2023.csv
2023,1853.23,1761.09,0.0,7348.93,3797.34,554.15,0.0,5587.84,20166,GFQ,Gulf And Caribbean Cargo,2023,2,Airline_Financial_2023.csv
2023,1864.24,2005.23,0.0,134671.76,107001.76,10137.76,0.0,132666.53,20405,N8,National Air Cargo Group Inc d/ba National Airlines,2023,2,Airline_Financial_2023.csv
2023,1928.93,1949.26,,27786.57,10261.17,6470.2,,25837.31,20370,KAQ,Kalitta Air LLC,2023,3,Airline_Financial_2023.csv
2023,1962.76,12381.63,97485.3,221778.63,99469.46,21878.81,8972.7,209397.0,20422,SY,Sun Country Airlines d/b/a MN Airlines,2023,4,Airline_Financial_2023.csv
2023,2018.32,-9827.7,47546.38,47623.72,20558.52,18885.52,3002.96,57451.42,20046,ZW,Air Wisconsin Airlines Corp,2023,4,Airline_Financial_2023.csv
2023,2055.4,1966.87,0.0,7335.58,3648.43,532.42,0.0,5368.71,20166,GFQ,Gulf And Caribbean Cargo,2023,2,Airline_Financial_2023.csv
2023,2159.82,2229.28,0.0,32766.81,18575.54,7755.49,2427.25,30537.53,19874,8C,Air Transport International,2023,2,Airline_Financial_2023.csv
2023,2239.63,2307.13,0.0,22389.28,9183.71,3149.88,607.07,20082.15,20310,WL,"Caribbean Sun Airlines, Inc. d/b/a World Atlantic Airlines",2023,2,Airline_Financial_2023.csv
2023,2288.61,1244.53,0.0,54483.56,22570.89,21276.55,0.0,53239.03,20453,ABX,ABX Air Inc,2023,3,Airline_Financial_2023.csv
2023,2328.45,2716.24,107197.52,186613.64,49196.21,25160.56,4351.41,183897.4,20427,PT,Piedmont Airlines,2023,2,Airline_Financial_2023.csv
2023,2586.56,2863.27,0.0,14426.02,4893.74,2044.28,0.0,11562.76,21492,1BQ,"Eastern Airlines f/k/a Dynamic Airways, LLC",2023,2,Airline_Financial_2023.csv
2023,2595.57,1085.87,0.0,56527.79,24987.52,21083.46,0.0,55441.91,20453,ABX,ABX Air Inc,2023,2,Airline_Financial_2023.csv
2023,2647.94,4618.03,421683.26,421789.46,144466.3,79232.67,18455.36,417171.43,20398,MQ,Envoy Air,2023,2,Airline_Financial_2023.csv
2023,2749.81,2767.28,56329.24,89645.79,51040.03,5863.26,4859.72,86878.51,20436,F9,Frontier Airlines Inc.,2023,2,Airline_Financial_2023.csv
2023,2845.55,2922.6,,28746.36,10023.19,6377.92,,25823.76,20370,KAQ,Kalitta Air LLC,2023,2,Airline_Financial_2023.csv
2023,3026.16,2834.01,0.0,31220.68,10306.14,9348.18,0.0,28386.67,20169,L2,Lynden Air Cargo Airlines,2023,3,Airline_Financial_2023.csv
2023,3189.01,3733.68,105190.55,186668.48,50517.38,21230.93,5386.91,182934.8,20427,PT,Piedmont Airlines,2023,1,Airline_Financial_2023.csv
2023,3212.92,3118.7,,14665.65,3718.46,4255.39,,11546.95,20177,PFQ,Asia Pacific,2023,4,Airline_Financial_2023.csv
2023,3276.22,2817.29,882.9,21213.74,7503.29,4993.38,,18396.45,20408,5V,Tatonduk Outfitters Limited d/b/a Everts Air Alaska and Everts Air Cargo,2023,2,Airline_Financial_2023.csv
2023,3387.65,3065.77,57665.53,57665.53,18118.24,23634.34,2224.98,54599.76,20445,C5,CommuteAir LLC dba CommuteAir,2023,4,Airline_Financial_2023.csv
2023,3598.32,23353.49,475447.39,566322.33,262634.76,46561.31,53804.85,542968.84,20409,B6,JetBlue Airways,2023,4,Airline_Financial_2023.csv
2023,3793.33,5729.3,0.0,12817.88,2691.78,1950.29,0.0,7088.59,20166,GFQ,Gulf And Caribbean Cargo,2023,4,Airline_Financial_2023.csv
2023,3947.0,16722.0,103584.0,103589.0,24915.0,23810.0,6797.0,86866.0,19687,QX,Horizon Air,2023,3,Airline_Financial_2023.csv
2023,4100.23,4498.35,0.0,34065.35,17664.5,8188.66,2174.26,29567.0,19874,8C,Air Transport International,2023,4,Airline_Financial_2023.csv
2023,4110.04,4153.81,61594.25,63427.66,33483.73,15010.51,3368.05,59273.85,20500,G7,GoJet Airlines LLC d/b/a United Express,2023,3,Airline_Financial_2023.csv
2023,4126.13,4743.03,11840.55,23764.18,7643.69,1343.0,911.33,19021.15,20422,SY,Sun Country Airlines d/b/a MN Airlines,2023,4,Airline_Financial_2023.csv
2023,4308.17,-6276.29,0.0,-1321.26,15404.67,5262.15,94.15,4955.03,21979,3FQ,"Western Air Charter, Inc.  d/b/a  Jet Edge",2023,4,Airline_Financial_2023.csv
2023,4432.89,8177.13,70905.37,79760.23,28304.22,4324.95,10037.45,71583.1,20409,B6,JetBlue Airways,2023,4,Airline_Financial_2023.csv
2023,4458.3,5418.91,0.0,99611.32,34404.62,46906.82,0.0,94192.4,19874,8C,Air Transport International,2023,2,Airline_Financial_2023.csv
2023,4508.28,4458.47,0.0,11666.98,2588.13,2522.7,0.0,7208.51,20166,GFQ,Gulf And Caribbean Cargo,2023,3,Airline_Financial_2023.csv
2023,4562.0,7443.0,131503.0,141165.0,50095.0,11596.0,11701.0,133722.0,19930,AS,Alaska Airlines Inc.,2023,2,Airline_Financial_2023.csv
2023,4845.87,5018.69,0.0,14360.91,5011.97,1205.79,286.89,9342.22,20310,WL,"Caribbean Sun Airlines, Inc. d/b/a World Atlantic Airlines",2023,1,Airline_Financial_2023.csv
2023,4923.21,5939.08,0.0,32104.9,9123.82,2985.36,0.0,26165.81,21634,KH,Aloha Air Cargo,2023,3,Airline_Financial_2023.csv
2023,5025.72,5649.13,0.0,13276.81,5814.59,2688.2,0.0,7627.68,21492,1BQ,"Eastern Airlines f/k/a Dynamic Airways, LLC",2023,1,Airline_Financial_2023.csv
2023,5064.4,5064.4,0.0,33810.59,12752.46,6068.83,0.0,28746.19,20108,NC,Northern Air Cargo Inc.,2023,2,Airline_Financial_2023.csv
2023,5584.29,6417.5,0.0,31000.83,11752.29,3220.68,0.0,24583.34,20447,U7,USA Jet Airlines Inc.,2023,1,Airline_Financial_2023.csv
2023,5663.66,6301.24,0.0,28562.45,10943.39,2992.12,0.0,22261.21,20447,U7,USA Jet Airlines Inc.,2023,2,Airline_Financial_2023.csv
2023,5898.0,3586.0,172322.0,199261.0,80192.0,18452.0,18012.0,195675.0,19393,WN,Southwest Airlines Co.,2023,3,Airline_Financial_2023.csv
2023,5969.38,9445.51,0.0,170866.98,91465.02,15822.93,19290.88,161421.47,20377,X9,Omni Air International LLC,2023,3,Airline_Financial_2023.csv
2023,6182.54,6182.54,0.0,7906.96,1158.1,197.95,0.0,1724.42,20169,L2,Lynden Air Cargo Airlines,2023,1,Airline_Financial_2023.csv
2023,6350.7,6350.7,0.0,27906.04,0.0,0.0,0.0,21555.34,21652,27Q,"Jet Aviation Flight Services, Inc.",2023,2,Airline_Financial_2023.csv
2023,6430.0,6506.51,0.0,33427.75,18223.33,4833.88,2106.29,26921.24,19874,8C,Air Transport International,2023,3,Airline_Financial_2023.csv
2023,6452.14,6516.32,0.0,34891.4,18923.17,5416.33,2180.74,28375.07,19874,8C,Air Transport International,2023,1,Airline_Financial_2023.csv
2023,6498.32,8334.74,0.0,47365.05,13999.59,4308.13,0.0,39030.31,21634,KH,Aloha Air Cargo,2023,4,Airline_Financial_2023.csv
2023,6625.26,6625.26,0.0,27035.24,0.0,0.0,0.0,20409.98,21652,27Q,"Jet Aviation Flight Services, Inc.",2023,3,Airline_Financial_2023.csv
2023,6934.55,6926.53,0.0,37724.22,20047.66,6008.51,0.0,30797.69,20195,WI,Sky Lease Cargo,2023,2,Airline_Financial_2023.csv
2023,6959.24,6959.24,0.0,26008.57,0.0,0.0,0.0,19049.32,21652,27Q,"Jet Aviation Flight Services, Inc.",2023,1,Airline_Financial_2023.csv
2023,6974.3,21032.15,428551.76,608119.97,276893.14,57470.57,24103.43,587087.82,20368,G4,Allegiant Air,2023,4,Airline_Financial_2023.csv
2023,7034.12,7505.03,0.0,34867.06,12529.5,6703.8,0.0,27362.03,20108,NC,Northern Air Cargo Inc.,2023,1,Airline_Financial_2023.csv
2023,7058.23,7097.77,0.0,33003.03,10890.56,2864.92,0.0,25905.26,21634,KH,Aloha Air Cargo,2023,2,Airline_Financial_2023.csv
2023,7301.01,7455.26,0.0,35032.25,10839.43,3085.88,0.0,27576.99,21634,KH,Aloha Air Cargo,2023,1,Airline_Financial_2023.csv
2023,7706.05,7706.05,0.0,9183.57,896.81,246.79,0.0,1477.52,20169,L2,Lynden Air Cargo Airlines,2023,2,Airline_Financial_2023.csv
2023,7720.26,14480.61,449652.27,449747.09,154787.72,83120.58,19049.0,435266.48,20398,MQ,Envoy Air,2023,4,Airline_Financial_2023.csv
2023,8933.39,21704.12,337362.05,342602.82,107845.84,96027.37,29978.56,320898.7,20452,YX,Republic Airline,2023,3,Airline_Financial_2023.csv
2023,9203.25,9534.24,0.0,35306.77,8786.13,6335.72,0.0,25772.53,20108,NC,Northern Air Cargo Inc.,2023,3,Airline_Financial_2023.csv
2023,9485.93,10428.61,21366.15,38383.22,10728.71,1952.5,1388.41,27954.61,20422,SY,Sun Country Airlines d/b/a MN Airlines,2023,2,Airline_Financial_2023.csv
2023,9561.79,9561.97,0.0,11380.45,688.34,488.62,0.0,1818.49,20169,L2,Lynden Air Cargo Airlines,2023,3,Airline_Financial_2023.csv
2023,10453.55,10000.44,,62623.28,25341.15,12605.37,,52622.85,20370,KAQ,Kalitta Air LLC,2023,4,Airline_Financial_2023.csv
2023,10885.8,25158.0,105603.5,222702.96,88120.24,20906.63,8899.44,197544.96,20422,SY,Sun Country Airlines d/b/a MN Airlines,2023,2,Airline_Financial_2023.csv
2023,11022.58,16221.16,58609.69,62100.71,19319.93,2566.7,5454.48,45879.56,20409,B6,JetBlue Airways,2023,1,Airline_Financial_2023.csv
2023,11445.25,12306.46,0.0,48458.71,11483.22,10474.03,0.0,36152.26,20108,NC,Northern Air Cargo Inc.,2023,4,Airline_Financial_2023.csv
2023,12157.76,12443.19,12136.5,24909.96,3808.11,600.23,1302.49,12466.77,20422,SY,Sun Country Airlines d/b/a MN Airlines,2023,3,Airline_Financial_2023.csv
2023,12825.08,15821.11,0.0,160056.67,82353.49,13527.36,14987.78,144235.56,20377,X9,Omni Air International LLC,2023,2,Airline_Financial_2023.csv
2023,13256.18,22047.41,60689.37,66765.88,17004.87,2492.84,6003.39,44718.47,20409,B6,JetBlue Airways,2023,2,Airline_Financial_2023.csv
2023,14454.69,30310.76,109831.38,213533.58,91807.88,16599.16,7682.72,183222.83,20422,SY,Sun Country Airlines d/b/a MN Airlines,2023,1,Airline_Financial_2023.csv
2023,15263.62,11761.79,,422725.58,168626.31,103888.36,,410963.79,20370,KAQ,Kalitta Air LLC,2023,2,Airline_Financial_2023.csv
2023,17655.41,17678.11,0.0,165981.07,118251.4,11147.62,0.0,148302.97,20405,N8,National Air Cargo Group Inc d/ba National Airlines,2023,4,Airline_Financial_2023.csv
2023,17947.91,13426.49,103592.08,126520.48,37236.69,7066.78,15573.31,113093.98,19690,HA,Hawaiian Airlines Inc.,2023,1,Airline_Financial_2023.csv
2023,20535.63,37067.08,360003.61,363854.5,115207.98,94900.49,30872.99,326787.42,20452,YX,Republic Airline,2023,1,Airline_Financial_2023.csv
2023,21919.93,21976.67,0.0,25920.55,2129.16,763.21,0.0,3943.88,20169,L2,Lynden Air Cargo Airlines,2023,4,Airline_Financial_2023.csv
2023,24262.73,25472.38,61362.02,80581.59,26646.32,3379.06,2802.81,55109.21,20422,SY,Sun Country Airlines d/b/a MN Airlines,2023,1,Airline_Financial_2023.csv
2023,25380.15,47261.22,354967.97,359553.24,108890.76,98116.78,31410.41,312292.03,20452,YX,Republic Airline,2023,2,Airline_Financial_2023.csv
2023,26073.0,30332.0,234299.0,268537.0,95039.0,20295.0,21020.0,238205.0,19393,WN,Southwest Airlines Co.,2023,2,Airline_Financial_2023.csv
2023,27858.09,30574.13,0.0,52645.24,47654.85,3288.74,0.0,22071.11,21629,KD,Western Global,2023,4,Airline_Financial_2023.csv
2023,31166.32,42237.41,0.0,115948.06,39957.24,16417.39,0.0,73710.65,19917,5X,United Parcel Service,2023,2,Airline_Financial_2023.csv
2023,31361.56,52112.2,486437.88,576783.76,264965.22,50246.81,43215.35,524671.56,20409,B6,JetBlue Airways,2023,1,Airline_Financial_2023.csv
2023,33012.91,43451.43,0.0,109796.97,36138.63,15297.84,0.0,66345.54,19917,5X,United Parcel Service,2023,3,Airline_Financial_2023.csv
2023,33778.63,97062.36,1028065.51,1214275.01,478079.74,108783.59,90260.3,1117212.65,19977,UA,United Air Lines Inc.,2023,1,Airline_Financial_2023.csv
2023,35783.22,46070.34,0.0,136185.79,49661.43,20448.63,0.0,90115.45,19917,5X,United Parcel Service,2023,1,Airline_Financial_2023.csv
2023,39287.06,67528.54,0.0,778485.91,475759.32,70903.86,12943.19,710957.37,20007,5Y,Atlas Air Inc.,2023,4,Airline_Financial_2023.csv
2023,39558.96,55042.11,0.0,345606.19,179682.83,50030.7,0.0,290564.08,19917,5X,United Parcel Service,2023,2,Airline_Financial_2023.csv
2023,40060.44,45714.35,0.0,109190.74,35939.66,12633.45,0.0,63476.39,19917,5X,United Parcel Service,2023,4,Airline_Financial_2023.csv
2023,41625.29,48767.68,86543.87,95360.82,17104.98,2434.82,6044.06,46593.13,20409,B6,JetBlue Airways,2023,3,Airline_Financial_2023.csv
2023,42086.0,130143.0,929796.0,1208422.0,387329.0,103832.0,115524.0,1078279.0,19790,DL,Delta Air Lines Inc.,2023,1,Airline_Financial_2023.csv
2023,42551.1,56052.01,0.0,363411.52,198529.77,47727.08,0.0,307359.51,19917,5X,United Parcel Service,2023,1,Airline_Financial_2023.csv
2023,48084.04,402729.51,6145310.24,8630655.8,2692858.86,856558.2,551371.23,8227926.29,19805,AA,American Airlines Inc.,2023,1,Airline_Financial_2023.csv
2023,48686.85,60228.15,0.0,363087.4,181605.92,39510.94,7342.98,302859.26,20007,5Y,Atlas Air Inc.,2023,3,Airline_Financial_2023.csv
2023,48811.14,-8259.54,32961.96,52085.42,36999.63,4016.96,3464.24,60344.96,20436,F9,Frontier Airlines Inc.,2023,4,Airline_Financial_2023.csv
2023,52925.01,52925.01,1828826.07,2188758.88,849368.76,286087.94,186027.3,2135833.87,19805,AA,American Airlines Inc.,2023,2,Airline_Financial_2023.csv
2023,54428.0,-11804.0,148562.0,159610.0,75962.0,15009.0,15927.0,171414.0,19930,AS,Alaska Airlines Inc.,2023,4,Airline_Financial_2023.csv
2023,55681.09,73890.06,0.0,376974.67,191523.34,52308.39,0.0,303084.62,19917,5X,United Parcel Service,2023,3,Airline_Financial_2023.csv
2023,58680.6,102321.11,521884.36,613351.26,236448.51,50861.34,47943.92,511030.15,20409,B6,JetBlue Airways,2023,2,Airline_Financial_2023.csv
2023,60170.0,105215.0,629528.0,843900.0,271521.0,71584.0,74725.0,738685.0,19790,DL,Delta Air Lines Inc.,2023,3,Airline_Financial_2023.csv
2023,61325.32,71459.84,0.0,375104.43,196530.58,46841.9,0.0,303644.59,19917,5X,United Parcel Service,2023,4,Airline_Financial_2023.csv
2023,61400.66,98134.16,483814.85,649682.01,277229.08,47668.53,28809.72,551547.86,20368,G4,Allegiant Air,2023,1,Airline_Financial_2023.csv
2023,65300.56,134452.48,1687810.14,1929595.41,807172.26,188054.33,165280.32,1795142.93,20409,B6,JetBlue Airways,2023,2,Airline_Financial_2023.csv
2023,67685.08,125578.3,949128.41,1113588.52,480743.75,74389.5,110489.56,988010.22,19977,UA,United Air Lines Inc.,2023,1,Airline_Financial_2023.csv
2023,68734.66,76471.13,539601.59,876761.89,480898.13,67096.52,46863.35,800290.76,20436,F9,Frontier Airlines Inc.,2023,2,Airline_Financial_2023.csv
2023,82063.05,97433.67,0.0,423696.25,222508.89,40661.24,7044.42,326262.58,20007,5Y,Atlas Air Inc.,2023,4,Airline_Financial_2023.csv
2023,83267.38,127901.96,506834.87,683810.24,251277.76,55867.12,26959.52,555908.28,20368,G4,Allegiant Air,2023,2,Airline_Financial_2023.csv
2023,96798.77,97517.01,0.0,684713.41,285896.04,112362.01,11897.48,587196.4,20007,5Y,Atlas Air Inc.,2023,1,Airline_Financial_2023.csv
2023,97023.74,97023.74,1388437.53,1635109.68,601980.98,195274.95,124031.02,1538085.95,19805,AA,American Airlines Inc.,2023,3,Airline_Financial_2023.csv
2023,97493.0,133102.0,525863.0,655689.0,201377.0,35724.0,59073.0,522587.0,19790,DL,Delta Air Lines Inc.,2023,3,Airline_Financial_2023.csv
2023,98156.0,58679.0,515672.0,661352.0,261787.0,41871.0,59508.0,602673.0,19790,DL,Delta Air Lines Inc.,2023,4,Airline_Financial_2023.csv
2023,101145.44,133522.26,0.0,529250.74,263791.29,60198.4,0.0,395728.48,19917,5X,United Parcel Service,2023,3,Airline_Financial_2023.csv
2023,101389.35,137545.68,0.0,475893.04,219608.63,52021.45,0.0,338347.36,19917,5X,United Parcel Service,2023,2,Airline_Financial_2023.csv
2023,102896.85,98508.17,636860.09,711062.49,258179.55,80405.07,59970.9,612554.32,19690,HA,Hawaiian Airlines Inc.,2023,3,Airline_Financial_2023.csv
2023,104337.0,129245.0,500825.0,626989.0,185024.0,34546.0,54402.0,497744.0,19790,DL,Delta Air Lines Inc.,2023,2,Airline_Financial_2023.csv
2023,109905.2,126723.41,0.0,546198.85,281605.2,60714.63,0.0,419475.44,19917,5X,United Parcel Service,2023,4,Airline_Financial_2023.csv
2023,116213.91,171934.08,1099488.39,1259026.26,449211.84,76446.7,115766.92,1087092.17,19977,UA,United Air Lines Inc.,2023,2,Airline_Financial_2023.csv
2023,124857.0,162891.0,733476.0,974257.0,272030.0,77484.0,83073.0,811366.0,19790,DL,Delta Air Lines Inc.,2023,2,Airline_Financial_2023.csv
2023,136824.61,175548.35,0.0,534065.27,241664.91,48481.26,0.0,358516.92,19917,5X,United Parcel Service,2023,1,Airline_Financial_2023.csv
2023,147690.0,190805.0,1991820.0,2728664.0,905954.0,168955.0,186675.0,2537859.0,19930,AS,Alaska Airlines Inc.,2023,3,Airline_Financial_2023.csv
2023,158234.0,98265.0,770294.0,1011224.0,353069.0,83492.0,90394.0,912959.0,19790,DL,Delta Air Lines Inc.,2023,4,Airline_Financial_2023.csv
2023,181322.68,201189.56,0.0,720957.29,283286.42,73660.23,12416.08,519767.73,20007,5Y,Atlas Air Inc.,2023,2,Airline_Financial_2023.csv
2023,187179.0,113787.0,5470499.0,6325725.0,2545802.0,585760.0,571804.0,6211938.0,19393,WN,Southwest Airlines Co.,2023,3,Airline_Financial_2023.csv
2023,203072.13,295915.63,1230350.87,1378130.32,510429.91,72952.35,123833.05,1082214.69,19977,UA,United Air Lines Inc.,2023,3,Airline_Financial_2023.csv
2023,204885.14,204885.14,1568233.07,1847377.16,688275.64,231252.2,141310.25,1642492.02,19805,AA,American Airlines Inc.,2023,4,Airline_Financial_2023.csv
2023,235681.0,339651.0,1961243.0,2694962.0,747128.0,172950.0,174508.0,2355311.0,19930,AS,Alaska Airlines Inc.,2023,2,Airline_Financial_2023.csv
2023,247678.32,290886.58,580309.44,694046.9,185958.71,36503.36,38816.41,403160.31,20409,B6,JetBlue Airways,2023,3,Airline_Financial_2023.csv
2023,294006.71,822511.12,6527373.75,9307001.56,2849039.9,944466.53,578959.21,8484490.44,19805,AA,American Airlines Inc.,2023,4,Airline_Financial_2023.csv
2023,304965.51,430385.5,2967746.0,3228753.54,1073427.46,215594.25,316253.16,2798368.04,19977,UA,United Air Lines Inc.,2023,2,Airline_Financial_2023.csv
2023,311187.0,180030.0,1750716.0,2176767.0,877994.0,149758.0,197703.0,1996737.0,19790,DL,Delta Air Lines Inc.,2023,4,Airline_Financial_2023.csv
2023,336987.32,336987.32,1534455.4,1798322.7,559262.05,201137.73,130413.64,1461335.38,19805,AA,American Airlines Inc.,2023,2,Airline_Financial_2023.csv
2023,356274.83,356274.83,1796986.18,2123188.47,724108.45,232287.73,149390.72,1766913.64,19805,AA,American Airlines Inc.,2023,1,Airline_Financial_2023.csv
2023,414969.54,606293.11,3296246.22,3542580.88,1269002.06,247695.06,361020.22,2936287.77,19977,UA,United Air Lines Inc.,2023,3,Airline_Financial_2023.csv
2023,493731.0,684911.0,2879158.0,3468590.0,1100073.0,211698.0,317150.0,2783679.0,19790,DL,Delta Air Lines Inc.,2023,3,Airline_Financial_2023.csv
2023,529146.09,800582.08,6108101.63,8458214.15,2455818.72,677855.7,538963.04,7657632.08,19977,UA,United Air Lines Inc.,2023,3,Airline_Financial_2023.csv
2023,530939.0,657744.0,2598810.0,3148176.0,939664.0,187888.0,276967.0,2490432.0,19790,DL,Delta Air Lines Inc.,2023,2,Airline_Financial_2023.csv
2023,538978.0,1056742.0,6720861.0,10578432.0,2781585.0,819265.0,844380.0,9521690.0,19790,DL,Delta Air Lines Inc.,2023,3,Airline_Financial_2023.csv
2023,657189.0,764539.0,5905592.0,6768542.0,2395467.0,511548.0,529810.0,6004003.0,19393,WN,Southwest Airlines Co.,2023,2,Airline_Financial_2023.csv
2023,658476.11,935324.1,6096492.37,8533410.96,2448100.11,641909.63,515851.57,7598086.86,19977,UA,United Air Lines Inc.,2023,4,Airline_Financial_2023.csv
2023,678906.5,905410.53,6104806.55,8516937.52,2196331.58,685345.37,496630.07,7611526.98,19977,UA,United Air Lines Inc.,2023,2,Airline_Financial_2023.csv
2023,924309.0,1309203.0,,6677516.0,952412.0,435584.0,,5368313.0,20107,FX,Federal Express Corporation,2023,1,Airline_Financial_2023.csv
2023,1048548.1,1795694.9,6982839.53,9762724.41,2453064.57,872999.97,566605.94,7967029.51,19805,AA,American Airlines Inc.,2023,2,Airline_Financial_2023.csv
2023,1060395.0,1311250.0,,6428728.0,850251.0,426816.0,,5117478.0,20107,FX,Federal Express Corporation,2023,3,Airline_Financial_2023.csv
2023,1113926.0,1268321.0,,6438317.0,881476.0,428173.0,,5169996.0,20107,FX,Federal Express Corporation,2023,2,Airline_Financial_2023.csv
2023,1153288.0,1533243.0,7027014.0,10888168.0,2504663.0,764769.0,839502.0,9354925.0,19790,DL,Delta Air Lines Inc.,2023,2,Airline_Financial_2023.csv
2023,1193347.0,1356577.0,,6767553.0,951565.0,411756.0,,5410976.0,20107,FX,Federal Express Corporation,2023,4,Airline_Financial_2023.csv
2023,1550496.0,987203.0,6739846.0,10407790.0,2898769.0,771612.0,856731.0,9420587.0,19790,DL,Delta Air Lines Inc.,2023,4,Airline_Financial_2023.csv
2024,-687645.0,-818953.0,,1880195.0,203986.0,141190.0,,2699148.0,20107,FX,Federal Express Corporation,2024,2,Airline_Financial_2024.csv
2024,-577811.0,-761366.0,,2177653.0,206285.0,149688.0,,2939019.0,20107,FX,Federal Express Corporation,2024,4,Airline_Financial_2024.csv
2024,-540065.0,-730890.0,,2022787.0,191010.0,150829.0,,2753677.0,20107,FX,Federal Express Corporation,2024,3,Airline_Financial_2024.csv
2024,-539748.67,-117804.23,1333272.28,1558333.44,799886.03,157381.39,159208.6,1676137.68,20409,B6,JetBlue Airways,2024,1,Airline_Financial_2024.csv
2024,-520092.14,-398791.62,543730.03,1038862.98,611263.8,75788.4,74522.95,1437654.6,20416,NK,Spirit Air Lines,2024,4,Airline_Financial_2024.csv
2024,-446885.0,-619214.0,,1916468.0,203932.0,146816.0,,2535682.0,20107,FX,Federal Express Corporation,2024,1,Airline_Financial_2024.csv
2024,-406248.43,-500721.12,1259141.55,1501303.86,927668.65,202931.39,193397.61,2002024.98,20409,B6,JetBlue Airways,2024,3,Airline_Financial_2024.csv
2024,-367296.54,-367296.54,952361.56,1214276.18,673765.74,216530.17,131118.66,1581572.71,19805,AA,American Airlines Inc.,2024,1,Airline_Financial_2024.csv
2024,-280406.58,-268573.79,557033.48,1084576.31,702249.35,81780.66,79446.82,1353150.09,20416,NK,Spirit Air Lines,2024,3,Airline_Financial_2024.csv
2024,-255716.0,-346438.0,,1266317.0,363345.0,135572.0,,1612755.0,20107,FX,Federal Express Corporation,2024,1,Airline_Financial_2024.csv
2024,-223225.0,-379934.0,5263468.0,6123075.0,2713187.0,632386.0,513802.0,6503009.0,19393,WN,Southwest Airlines Co.,2024,1,Airline_Financial_2024.csv
2024,-198165.0,-368714.0,,1307881.0,386956.0,133693.0,,1676595.0,20107,FX,Federal Express Corporation,2024,2,Airline_Financial_2024.csv
2024,-171898.37,-135888.2,562460.78,1141272.3,700043.63,75898.51,75827.86,1277160.5,20416,NK,Spirit Air Lines,2024,2,Airline_Financial_2024.csv
2024,-160495.52,-16737.07,474372.54,563148.74,286472.77,47526.65,57219.88,579885.81,20409,B6,JetBlue Airways,2024,1,Airline_Financial_2024.csv
2024,-153726.35,-189318.88,0.0,1022271.7,646785.46,295542.25,0.0,1211590.57,19917,5X,United Parcel Service,2024,3,Airline_Financial_2024.csv
2024,-146936.29,-172953.43,0.0,1148432.84,719261.31,299879.5,0.0,1321386.27,19917,5X,United Parcel Service,2024,4,Airline_Financial_2024.csv
2024,-123379.16,-179346.24,530898.95,1094689.64,680204.59,75313.2,75016.39,1274035.88,20416,NK,Spirit Air Lines,2024,1,Airline_Financial_2024.csv
2024,-112947.63,-117957.0,30532.09,59630.06,70992.42,16313.43,18865.88,177587.06,19690,HA,Hawaiian Airlines Inc.,2024,4,Airline_Financial_2024.csv
2024,-107908.16,-142352.7,0.0,1046765.79,614082.98,300905.06,0.0,1189118.49,19917,5X,United Parcel Service,2024,1,Airline_Financial_2024.csv
2024,-106330.0,-132103.0,1331857.0,2017945.0,736787.0,170140.0,169836.0,2150048.0,19930,AS,Alaska Airlines Inc.,2024,1,Airline_Financial_2024.csv
2024,-102407.05,-141570.95,0.0,1081080.15,654977.07,310060.44,0.0,1222651.1,19917,5X,United Parcel Service,2024,2,Airline_Financial_2024.csv
2024,-99529.84,-57467.71,1121771.27,1323730.56,564963.57,145353.55,115367.84,1381198.27,19977,UA,United Air Lines Inc.,2024,1,Airline_Financial_2024.csv
2024,-97925.57,-97925.57,2039905.7,2439491.69,980533.97,344397.79,217855.27,2537417.26,19805,AA,American Airlines Inc.,2024,3,Airline_Financial_2024.csv
2024,-90368.23,-68223.97,528656.81,610033.19,243975.53,89825.52,65584.58,678257.16,19690,HA,Hawaiian Airlines Inc.,2024,3,Airline_Financial_2024.csv
2024,-89408.56,-89408.56,289606.26,365061.01,188345.34,63133.3,38173.45,454469.58,19805,AA,American Airlines Inc.,2024,1,Airline_Financial_2024.csv
2024,-88488.29,-76924.05,1649005.3,1833199.23,825861.35,196542.87,220483.43,1910123.27,19977,UA,United Air Lines Inc.,2024,1,Airline_Financial_2024.csv
2024,-87793.1,-95863.28,429613.46,491314.33,247903.95,80099.32,56215.84,587177.61,19690,HA,Hawaiian Airlines Inc.,2024,1,Airline_Financial_2024.csv
2024,-77697.99,-78351.03,142978.53,142978.53,93494.69,78504.86,24960.04,221329.57,20363,9E,Endeavor Air Inc.,2024,3,Airline_Financial_2024.csv
2024,-75957.0,-79958.0,,336283.0,45729.0,21424.0,,416241.0,20107,FX,Federal Express Corporation,2024,1,Airline_Financial_2024.csv
2024,-75843.6,-77702.16,135703.8,135703.8,97495.53,68671.08,24330.59,213405.96,20363,9E,Endeavor Air Inc.,2024,1,Airline_Financial_2024.csv
2024,-74294.31,-74294.31,287856.66,355594.72,164303.38,58434.02,36866.35,429889.03,19805,AA,American Airlines Inc.,2024,3,Airline_Financial_2024.csv
2024,-72798.54,-73475.0,146321.03,146321.03,95814.44,76775.6,25151.51,219796.03,20363,9E,Endeavor Air Inc.,2024,2,Airline_Financial_2024.csv
2024,-72255.78,-72255.78,349805.4,448091.59,199546.37,78569.7,49803.28,520347.37,19805,AA,American Airlines Inc.,2024,4,Airline_Financial_2024.csv
2024,-71602.19,-72370.34,150430.72,150430.72,95437.59,80137.93,24360.47,222801.06,20363,9E,Endeavor Air Inc.,2024,4,Airline_Financial_2024.csv
2024,-70631.45,-42946.29,1369514.55,1588463.8,784159.49,139311.86,184590.78,1631410.09,19977,UA,United Air Lines Inc.,2024,1,Airline_Financial_2024.csv
2024,-67623.0,-2236.0,1230574.0,1541430.0,677992.0,133353.0,143935.0,1543666.0,19790,DL,Delta Air Lines Inc.,2024,1,Airline_Financial_2024.csv
2024,-65597.21,-50298.04,68578.56,131027.76,77096.34,9558.9,9399.29,181325.81,20416,NK,Spirit Air Lines,2024,4,Airline_Financial_2024.csv
2024,-62041.46,-62041.46,1273537.16,1598827.67,645022.02,246041.51,157181.56,1660869.13,19805,AA,American Airlines Inc.,2024,4,Airline_Financial_2024.csv
2024,-59514.62,-22214.81,1038051.85,1243527.76,504324.3,123490.03,103212.33,1265742.57,19977,UA,United Air Lines Inc.,2024,2,Airline_Financial_2024.csv
2024,-52680.15,-42694.9,514361.93,590509.2,249467.93,87293.99,66895.14,633204.1,19690,HA,Hawaiian Airlines Inc.,2024,2,Airline_Financial_2024.csv
2024,-49788.38,-33606.76,58607.2,160499.38,110158.7,15095.81,10621.0,194106.14,22080,MX,Breeze Aviation Group DBA  Breeze,2024,3,Airline_Financial_2024.csv
2024,-49335.73,-40099.74,0.0,662994.08,457310.68,71705.09,11577.57,703093.82,20007,5Y,Atlas Air Inc.,2024,1,Airline_Financial_2024.csv
2024,-47599.63,-50734.54,128292.57,154228.13,86396.96,20611.18,21837.4,204962.67,19690,HA,Hawaiian Airlines Inc.,2024,1,Airline_Financial_2024.csv
2024,-42863.18,12617.01,100374.97,100374.97,29496.68,35130.83,4249.33,87757.96,20378,YV,Mesa Airlines Inc.,2024,4,Airline_Financial_2024.csv
2024,-38123.53,-31402.34,127938.82,153467.02,71608.41,17829.66,18335.12,184869.36,19690,HA,Hawaiian Airlines Inc.,2024,3,Airline_Financial_2024.csv
2024,-36584.87,7419.62,956364.75,1152464.89,436947.48,115343.25,94829.85,1145045.27,19977,UA,United Air Lines Inc.,2024,3,Airline_Financial_2024.csv
2024,-35667.0,-46099.0,194995.0,211392.0,107872.0,24910.0,24865.0,257491.0,19930,AS,Alaska Airlines Inc.,2024,1,Airline_Financial_2024.csv
2024,-35056.58,-10721.53,67034.41,170926.89,106772.9,11230.67,9841.5,181648.42,22080,MX,Breeze Aviation Group DBA  Breeze,2024,2,Airline_Financial_2024.csv
2024,-32019.2,-33158.04,265842.4,265842.45,141500.17,97339.9,16907.79,299000.49,20397,OH,PSA Airlines Inc.,2024,4,Airline_Financial_2024.csv
2024,-29752.09,2186.14,1383914.27,1631797.68,712296.07,192399.27,155612.73,1629611.54,20409,B6,JetBlue Airways,2024,4,Airline_Financial_2024.csv
2024,-29092.96,-27865.27,57793.76,112527.79,72860.31,8484.97,8242.83,140393.06,20416,NK,Spirit Air Lines,2024,3,Airline_Financial_2024.csv
2024,-28147.96,-27137.95,50324.55,145898.01,103069.05,11542.05,9592.58,173035.96,22080,MX,Breeze Aviation Group DBA  Breeze,2024,1,Airline_Financial_2024.csv
2024,-24610.78,-24610.78,269253.75,333494.73,148780.83,49657.75,32133.13,358105.52,19805,AA,American Airlines Inc.,2024,2,Airline_Financial_2024.csv
2024,-21931.0,-39662.0,,356542.0,45864.0,26482.0,,396204.0,20107,FX,Federal Express Corporation,2024,2,Airline_Financial_2024.csv
2024,-21699.99,-18822.94,468880.82,558356.93,256352.95,71890.0,53929.69,577179.87,20409,B6,JetBlue Airways,2024,4,Airline_Financial_2024.csv
2024,-21029.09,-16623.81,68808.33,139616.93,85639.46,9285.0,9276.36,156240.73,20416,NK,Spirit Air Lines,2024,2,Airline_Financial_2024.csv
2024,-19255.71,-27990.45,82857.06,170847.52,106159.1,11754.08,11707.76,198837.97,20416,NK,Spirit Air Lines,2024,1,Airline_Financial_2024.csv
2024,-18371.45,-9089.52,12445.34,15812.1,7302.37,2297.4,4442.4,24901.62,20401,3M,Silver Airways,2024,3,Airline_Financial_2024.csv
2024,-17710.81,-7537.89,90016.35,221923.99,103916.58,20280.74,12302.78,229461.88,20422,SY,Sun Country Airlines d/b/a MN Airlines,2024,2,Airline_Financial_2024.csv
2024,-17000.07,-16791.36,0.0,133687.13,111355.3,20355.69,0.0,150478.49,20405,N8,National Air Cargo Group Inc d/ba National Airlines,2024,1,Airline_Financial_2024.csv
2024,-16849.52,-6215.26,15085.71,18458.33,7095.68,2675.97,4555.11,24673.59,20401,3M,Silver Airways,2024,4,Airline_Financial_2024.csv
2024,-16138.59,-15211.54,3261.9,3261.9,674.51,17130.1,138.94,18473.43,20378,YV,Mesa Airlines Inc.,2024,3,Airline_Financial_2024.csv
2024,-16056.6,-6513.6,89768.82,221964.07,98653.33,21486.92,11955.01,228477.66,20422,SY,Sun Country Airlines d/b/a MN Airlines,2024,3,Airline_Financial_2024.csv
2024,-15616.87,10299.56,82489.88,87202.44,30614.82,4715.37,10748.41,76902.88,20409,B6,JetBlue Airways,2024,1,Airline_Financial_2024.csv
2024,-15082.9,-12519.81,0.0,40180.87,28679.56,3296.89,0.0,52700.68,21629,KD,Western Global,2024,1,Airline_Financial_2024.csv
2024,-14927.64,-7733.9,12125.24,15173.89,6239.7,2236.61,3426.59,22907.78,20401,3M,Silver Airways,2024,2,Airline_Financial_2024.csv
2024,-14872.74,-14356.7,3307.69,3307.69,859.85,16136.42,149.05,17664.39,20378,YV,Mesa Airlines Inc.,2024,2,Airline_Financial_2024.csv
2024,-14335.63,41497.23,1101752.59,1312667.54,447933.93,133536.83,106086.53,1271170.31,19977,UA,United Air Lines Inc.,2024,4,Airline_Financial_2024.csv
2024,-14060.73,-6438.09,12508.17,15227.41,6278.84,2140.55,3434.26,21665.5,20401,3M,Silver Airways,2024,1,Airline_Financial_2024.csv
2024,-13627.38,-11208.29,0.0,51533.5,36586.04,3436.8,0.0,62741.79,21629,KD,Western Global,2024,2,Airline_Financial_2024.csv
2024,-13611.36,1070.23,48597.73,84000.06,42427.71,10807.76,0.0,82929.83,20207,XP,TEM Enterprises dba  Avelo Airlines,2024,4,Airline_Financial_2024.csv
2024,-13467.6,-11115.26,116178.28,141403.18,72790.37,15404.92,13498.81,152518.44,19690,HA,Hawaiian Airlines Inc.,2024,2,Airline_Financial_2024.csv
2024,-13319.32,-13112.77,0.0,26557.86,24086.3,6532.07,0.0,39670.63,20108,NC,Northern Air Cargo Inc.,2024,1,Airline_Financial_2024.csv
2024,-12931.52,-12827.11,0.0,135902.86,114813.76,16919.89,0.0,148729.96,20405,N8,National Air Cargo Group Inc d/ba National Airlines,2024,2,Airline_Financial_2024.csv
2024,-12927.16,-12322.07,39954.93,63434.79,48202.67,5875.1,4231.35,75756.86,20436,F9,Frontier Airlines Inc.,2024,1,Airline_Financial_2024.csv
2024,-12464.26,-10850.6,2858.11,2858.11,673.12,12434.39,123.59,13708.71,20378,YV,Mesa Airlines Inc.,2024,4,Airline_Financial_2024.csv
2024,-12453.53,-17973.76,490279.21,801934.58,521688.04,70610.49,51528.99,819908.35,20436,F9,Frontier Airlines Inc.,2024,1,Airline_Financial_2024.csv
2024,-12212.41,-12706.93,0.0,18966.71,9023.0,12667.36,0.0,31673.63,20169,L2,Lynden Air Cargo Airlines,2024,4,Airline_Financial_2024.csv
2024,-12025.05,-14394.76,466150.91,466463.41,177327.83,98119.58,21842.37,480858.17,20398,MQ,Envoy Air,2024,1,Airline_Financial_2024.csv
2024,-11536.96,-11894.27,6902.35,6902.35,2283.34,15061.37,273.5,18796.62,20378,YV,Mesa Airlines Inc.,2024,1,Airline_Financial_2024.csv
2024,-11520.31,-6653.4,364401.32,549126.2,255709.59,58446.35,31877.6,555779.6,20368,G4,Allegiant Air,2024,3,Airline_Financial_2024.csv
2024,-11306.17,-11117.9,0.0,131067.46,106206.36,15131.88,1047.19,142185.36,20405,N8,National Air Cargo Group Inc d/ba National Airlines,2024,3,Airline_Financial_2024.csv
2024,-10799.86,-8460.01,0.0,114019.73,72647.4,14660.4,7692.47,122479.74,20377,X9,Omni Air International LLC,2024,3,Airline_Financial_2024.csv
2024,-10339.26,-10252.95,0.0,17662.63,8420.15,11144.41,0.0,27915.58,20169,L2,Lynden Air Cargo Airlines,2024,2,Airline_Financial_2024.csv
2024,-10286.5,-7285.52,293130.39,293130.39,137321.9,104509.19,16383.59,300415.91,20397,OH,PSA Airlines Inc.,2024,3,Airline_Financial_2024.csv
2024,-10115.64,-10356.78,0.0,18765.33,8887.4,11881.71,0.0,29122.11,20169,L2,Lynden Air Cargo Airlines,2024,1,Airline_Financial_2024.csv
2024,-9830.8,-10601.69,43654.84,43657.4,20185.84,19079.79,2329.0,54259.09,20046,ZW,Air Wisconsin Airlines Corp,2024,1,Airline_Financial_2024.csv
2024,-9540.89,21889.31,111994.64,111994.64,32268.49,33059.23,4714.33,90105.34,20378,YV,Mesa Airlines Inc.,2024,3,Airline_Financial_2024.csv
2024,-9040.68,-6242.17,301112.47,301112.47,138315.4,114454.97,14700.25,307354.64,20397,OH,PSA Airlines Inc.,2024,2,Airline_Financial_2024.csv
2024,-8906.93,8410.24,79208.43,206899.12,115878.53,17380.72,10803.03,198488.88,22080,MX,Breeze Aviation Group DBA  Breeze,2024,4,Airline_Financial_2024.csv
2024,-8314.48,-7923.28,-21.54,10351.89,7086.29,2677.47,0.0,18275.18,21492,1BQ,"Eastern Airlines f/k/a Dynamic Airways, LLC",2024,2,Airline_Financial_2024.csv
2024,-8248.51,111.38,0.0,58402.93,29897.44,8857.54,,58291.55,20151,M6,Amerijet International,2024,1,Airline_Financial_2024.csv
2024,-8218.0,47246.0,1044636.0,1323892.0,487949.0,134126.0,122092.0,1276646.0,19790,DL,Delta Air Lines Inc.,2024,1,Airline_Financial_2024.csv
2024,-8096.08,-9225.64,47137.06,47138.96,19267.78,21822.27,2250.14,56364.6,20046,ZW,Air Wisconsin Airlines Corp,2024,2,Airline_Financial_2024.csv
2024,-7521.28,330.22,0.0,55076.85,28079.27,8318.88,,54746.63,20151,M6,Amerijet International,2024,1,Airline_Financial_2024.csv
2024,-7491.0,-12751.0,176654.0,205505.0,91061.0,21223.0,17244.0,218256.0,19393,WN,Southwest Airlines Co.,2024,1,Airline_Financial_2024.csv
2024,-7254.86,-7823.87,43694.93,68277.69,47434.45,5505.15,3999.43,76101.56,20436,F9,Frontier Airlines Inc.,2024,2,Airline_Financial_2024.csv
2024,-7244.19,-7205.58,0.0,22159.46,8508.25,12501.09,0.0,29365.04,20169,L2,Lynden Air Cargo Airlines,2024,3,Airline_Financial_2024.csv
2024,-7189.0,-9246.0,166270.0,178606.0,70218.0,18961.0,17670.0,187853.0,19930,AS,Alaska Airlines Inc.,2024,4,Airline_Financial_2024.csv
2024,-6885.98,-1094.52,7765.26,9856.18,5858.09,2077.5,2769.09,10950.7,20401,3M,Silver Airways,2024,3,Airline_Financial_2024.csv
2024,-6777.01,-5641.27,0.0,60122.61,38213.27,3437.47,0.0,65763.89,21629,KD,Western Global,2024,3,Airline_Financial_2024.csv
2024,-6501.86,-6152.28,0.0,11867.46,7005.08,1956.14,0.0,18019.74,21492,1BQ,"Eastern Airlines f/k/a Dynamic Airways, LLC",2024,1,Airline_Financial_2024.csv
2024,-6382.41,-4618.81,0.0,53834.84,32309.86,5874.81,,58453.65,22085,GCA,"Global Crossing Airlines, Inc.",2024,1,Airline_Financial_2024.csv
2024,-6301.46,-1713.16,6508.93,7945.68,5250.24,2268.08,1960.82,9658.85,20401,3M,Silver Airways,2024,4,Airline_Financial_2024.csv
2024,-6265.73,-5098.28,42230.41,71501.57,38962.11,10782.86,0.0,76599.86,20207,XP,TEM Enterprises dba  Avelo Airlines,2024,3,Airline_Financial_2024.csv
2024,-6198.04,-303.33,9672.75,11775.08,6575.19,2579.05,2655.65,12078.41,20401,3M,Silver Airways,2024,1,Airline_Financial_2024.csv
2024,-6035.37,-121.48,9968.02,12456.16,6758.98,2736.66,2812.86,12577.64,20401,3M,Silver Airways,2024,2,Airline_Financial_2024.csv
2024,-6034.62,2840.08,0.0,69858.1,32412.02,11072.67,,67018.02,20151,M6,Amerijet International,2024,3,Airline_Financial_2024.csv
2024,-5966.84,8903.02,0.0,808026.51,513647.4,83387.3,13742.79,799123.49,20007,5Y,Atlas Air Inc.,2024,2,Airline_Financial_2024.csv
2024,-5778.13,-5421.71,-2.29,13317.82,6902.34,1994.41,0.0,18739.52,21492,1BQ,"Eastern Airlines f/k/a Dynamic Airways, LLC",2024,1,Airline_Financial_2024.csv
2024,-5678.35,-5377.56,-0.81,3170.75,4322.22,1250.9,0.0,8548.31,21492,1BQ,"Eastern Airlines f/k/a Dynamic Airways, LLC",2024,3,Airline_Financial_2024.csv
2024,-5611.05,-4549.67,0.0,24391.99,8761.7,3422.12,0.0,28941.67,21875,37Q,"Eastern Air Express, LLC (EAX)",2024,4,Airline_Financial_2024.csv
2024,-5380.06,-3793.51,0.0,125560.56,70758.69,14698.36,13203.78,129354.08,20377,X9,Omni Air International LLC,2024,1,Airline_Financial_2024.csv
2024,-5355.0,23597.0,546887.0,690500.0,283582.0,52409.0,63732.0,666903.0,19790,DL,Delta Air Lines Inc.,2024,1,Airline_Financial_2024.csv
2024,-5270.19,12911.51,104037.88,219265.92,95617.81,19188.09,9706.18,206354.41,20422,SY,Sun Country Airlines d/b/a MN Airlines,2024,1,Airline_Financial_2024.csv
2024,-5216.19,-1635.76,0.0,59377.85,26119.36,23516.42,0.0,61013.61,20453,ABX,ABX Air Inc,2024,3,Airline_Financial_2024.csv
2024,-5029.14,-4630.03,0.0,11847.57,7214.6,2060.24,0.0,16477.6,20447,U7,USA Jet Airlines Inc.,2024,1,Airline_Financial_2024.csv
2024,-4960.17,-3425.13,,14636.92,6712.04,6904.21,,18062.06,20372,KLQ,Kalitta Charters II,2024,2,Airline_Financial_2024.csv
2024,-4907.24,-4450.41,,13959.37,6174.29,7119.52,,18409.78,20372,KLQ,Kalitta Charters II,2024,1,Airline_Financial_2024.csv
2024,-4891.51,-2492.03,0.0,52436.41,33896.36,6769.69,0.0,54928.44,22085,GCA,"Global Crossing Airlines, Inc.",2024,3,Airline_Financial_2024.csv
2024,-4750.06,7045.45,1452136.24,1693553.18,786373.39,164260.65,164352.06,1686507.73,20409,B6,JetBlue Airways,2024,2,Airline_Financial_2024.csv
2024,-4459.71,-3527.28,0.0,99479.29,39257.11,50167.03,0.0,103006.57,19874,8C,Air Transport International,2024,2,Airline_Financial_2024.csv
2024,-4211.76,14941.28,0.0,802604.06,496861.99,83045.67,13385.53,787662.78,20007,5Y,Atlas Air Inc.,2024,3,Airline_Financial_2024.csv
2024,-4155.07,-3946.37,0.0,8881.29,9095.73,740.12,1612.17,12827.66,20405,N8,National Air Cargo Group Inc d/ba National Airlines,2024,1,Airline_Financial_2024.csv
2024,-4025.16,-4817.76,53569.81,53572.22,19581.5,23232.97,2405.23,58389.98,20046,ZW,Air Wisconsin Airlines Corp,2024,3,Airline_Financial_2024.csv
2024,-3908.82,-3720.55,0.0,11744.32,11544.48,957.16,856.04,15464.87,20405,N8,National Air Cargo Group Inc d/ba National Airlines,2024,3,Airline_Financial_2024.csv
2024,-3859.1,8182.15,99553.18,226555.64,91396.78,22200.04,11407.6,218373.49,20422,SY,Sun Country Airlines d/b/a MN Airlines,2024,4,Airline_Financial_2024.csv
2024,-3638.38,2097.31,0.0,45410.9,20947.81,7156.24,,43313.58,20151,M6,Amerijet International,2024,3,Airline_Financial_2024.csv
2024,-3619.89,-2691.32,0.0,100006.97,39735.46,48947.49,0.0,102698.29,19874,8C,Air Transport International,2024,1,Airline_Financial_2024.csv
2024,-3484.64,-3268.4,0.0,6542.34,3467.51,1336.44,0.0,9810.74,20447,U7,USA Jet Airlines Inc.,2024,3,Airline_Financial_2024.csv
2024,-3253.33,-2488.9,0.0,10302.1,5263.84,2086.98,0.0,12791.0,21875,37Q,"Eastern Air Express, LLC (EAX)",2024,2,Airline_Financial_2024.csv
2024,-2990.18,-3471.35,912.44,14880.71,6999.48,5848.32,,18352.06,20408,5V,Tatonduk Outfitters Limited d/b/a Everts Air Alaska and Everts Air Cargo,2024,1,Airline_Financial_2024.csv
2024,-2986.7,-2990.14,0.0,7297.56,3941.35,1633.61,0.0,10287.69,21875,37Q,"Eastern Air Express, LLC (EAX)",2024,1,Airline_Financial_2024.csv
2024,-2944.05,-2859.44,0.0,48059.77,20765.05,20884.01,0.0,50919.21,20453,ABX,ABX Air Inc,2024,2,Airline_Financial_2024.csv
2024,-2915.33,2889.17,,14668.37,1971.54,3294.58,,11779.2,20370,KAQ,Kalitta Air LLC,2024,3,Airline_Financial_2024.csv
2024,-2851.07,-2674.15,0.0,5352.82,2837.06,1093.45,0.0,8026.97,20447,U7,USA Jet Airlines Inc.,2024,3,Airline_Financial_2024.csv
2024,-2660.1,-2555.69,0.0,9332.23,8338.74,732.06,1425.61,11887.91,20405,N8,National Air Cargo Group Inc d/ba National Airlines,2024,2,Airline_Financial_2024.csv
2024,-2505.99,5051.95,0.0,72909.39,33340.14,11509.03,,67857.45,20151,M6,Amerijet International,2024,2,Airline_Financial_2024.csv
2024,-2477.04,-2280.46,0.0,5835.37,3553.46,1014.74,0.0,8115.83,20447,U7,USA Jet Airlines Inc.,2024,1,Airline_Financial_2024.csv
2024,-2473.29,13877.6,107485.65,107485.65,38377.08,29448.68,4726.83,93608.05,20378,YV,Mesa Airlines Inc.,2024,2,Airline_Financial_2024.csv
2024,-2417.99,-2402.36,22461.57,33482.1,21535.32,3098.03,1608.1,35884.46,20436,F9,Frontier Airlines Inc.,2024,4,Airline_Financial_2024.csv
2024,-2402.5,-3693.92,116468.94,201832.71,57059.17,34726.34,5147.4,205526.63,20427,PT,Piedmont Airlines,2024,2,Airline_Financial_2024.csv
2024,-2123.22,-1914.66,,13620.42,5507.12,5305.21,,15535.08,20372,KLQ,Kalitta Charters II,2024,3,Airline_Financial_2024.csv
2024,-2039.99,-1929.73,0.0,8251.06,4630.94,2565.33,693.27,10180.79,20310,WL,"Caribbean Sun Airlines, Inc. d/b/a World Atlantic Airlines",2024,2,Airline_Financial_2024.csv
2024,-1792.77,1694.83,0.0,150793.95,81912.23,15707.92,16493.89,149099.11,20377,X9,Omni Air International LLC,2024,2,Airline_Financial_2024.csv
2024,-1717.71,3516.82,262046.68,262046.68,131551.16,72805.14,13209.71,258529.87,20397,OH,PSA Airlines Inc.,2024,1,Airline_Financial_2024.csv
2024,-1708.93,-1494.32,0.0,11541.67,5773.35,1543.66,0.0,13035.99,20447,U7,USA Jet Airlines Inc.,2024,2,Airline_Financial_2024.csv
2024,-1601.67,-1380.61,0.0,9703.46,6532.45,1257.3,726.76,11084.07,20377,X9,Omni Air International LLC,2024,3,Airline_Financial_2024.csv
2024,-1380.05,-1971.93,978.66,17191.28,7790.68,5392.3,,19163.21,20408,5V,Tatonduk Outfitters Limited d/b/a Everts Air Alaska and Everts Air Cargo,2024,4,Airline_Financial_2024.csv
2024,-1342.73,-1174.11,0.0,9068.45,4536.2,1212.88,0.0,10242.56,20447,U7,USA Jet Airlines Inc.,2024,2,Airline_Financial_2024.csv
2024,-1291.26,5509.18,468607.38,469176.19,165627.11,96550.2,22215.87,463667.0,20398,MQ,Envoy Air,2024,4,Airline_Financial_2024.csv
2024,-1286.64,3252.98,0.0,44011.02,20025.5,6912.81,,40758.05,20151,M6,Amerijet International,2024,2,Airline_Financial_2024.csv
2024,-1263.38,-2782.03,0.0,7088.02,7085.0,904.53,848.33,9870.04,20405,N8,National Air Cargo Group Inc d/ba National Airlines,2024,4,Airline_Financial_2024.csv
2024,-1239.91,-1232.74,0.0,5881.39,3904.78,1059.49,0.0,7114.13,20166,GFQ,Gulf And Caribbean Cargo,2024,1,Airline_Financial_2024.csv
2024,-1232.95,-530.22,0.0,104216.16,38226.55,52776.57,0.0,104746.38,19874,8C,Air Transport International,2024,3,Airline_Financial_2024.csv
2024,-1176.04,-1136.76,0.0,4924.38,4423.89,352.85,0.0,6061.14,20166,GFQ,Gulf And Caribbean Cargo,2024,2,Airline_Financial_2024.csv
2024,-1129.72,-1113.24,,13218.08,4242.85,3500.37,,14331.31,20370,KAQ,Kalitta Air LLC,2024,2,Airline_Financial_2024.csv
2024,-1099.14,-983.75,0.0,8179.91,4939.48,1053.16,960.29,9163.66,20377,X9,Omni Air International LLC,2024,1,Airline_Financial_2024.csv
2024,-1021.77,-1050.15,59371.94,59665.57,36391.55,16257.88,1651.58,60715.72,20500,G7,GoJet Airlines LLC d/b/a United Express,2024,1,Airline_Financial_2024.csv
2024,-929.55,-1268.93,938.22,17331.71,7411.09,5467.91,,18600.64,20408,5V,Tatonduk Outfitters Limited d/b/a Everts Air Alaska and Everts Air Cargo,2024,2,Airline_Financial_2024.csv
2024,-925.27,-947.94,1655.54,1655.54,1189.41,837.76,296.83,2603.48,20363,9E,Endeavor Air Inc.,2024,1,Airline_Financial_2024.csv
2024,-833.23,-788.2,0.0,3370.15,1891.51,1047.81,283.17,4158.35,20310,WL,"Caribbean Sun Airlines, Inc. d/b/a World Atlantic Airlines",2024,2,Airline_Financial_2024.csv
2024,-828.85,-6106.41,,407743.41,183665.98,103185.71,,413849.82,20370,KAQ,Kalitta Air LLC,2024,1,Airline_Financial_2024.csv
2024,-745.76,-1120.08,1005.28,18515.27,7774.0,6203.98,,19635.35,20408,5V,Tatonduk Outfitters Limited d/b/a Everts Air Alaska and Everts Air Cargo,2024,3,Airline_Financial_2024.csv
2024,-741.39,-748.28,1490.16,1490.16,975.79,781.9,256.15,2238.45,20363,9E,Endeavor Air Inc.,2024,2,Airline_Financial_2024.csv
2024,-685.24,-672.76,0.0,10232.02,6793.25,1843.23,0.0,10904.78,20166,GFQ,Gulf And Caribbean Cargo,2024,1,Airline_Financial_2024.csv
2024,-635.06,142.82,64807.97,65845.03,37458.17,17944.41,2823.94,65702.21,20500,G7,GoJet Airlines LLC d/b/a United Express,2024,3,Airline_Financial_2024.csv
2024,-596.91,3342.8,0.0,59934.58,32441.54,7575.74,0.0,56591.78,22085,GCA,"Global Crossing Airlines, Inc.",2024,4,Airline_Financial_2024.csv
2024,-509.53,-159.79,0.0,5800.22,2551.42,2297.16,0.0,5960.0,20453,ABX,ABX Air Inc,2024,3,Airline_Financial_2024.csv
2024,-489.09,-494.34,1027.54,1027.54,651.9,547.39,166.4,1521.88,20363,9E,Endeavor Air Inc.,2024,4,Airline_Financial_2024.csv
2024,-461.45,-552.38,17888.05,17900.04,6804.77,3765.23,838.18,18452.42,20398,MQ,Envoy Air,2024,1,Airline_Financial_2024.csv
2024,-451.86,-455.66,831.51,831.51,543.73,456.56,145.16,1287.17,20363,9E,Endeavor Air Inc.,2024,3,Airline_Financial_2024.csv
2024,-422.56,-430.07,0.0,30870.26,5407.76,0.0,0.0,31300.33,21974,3EQ,"Scott Aviation, LLC  d/b/a  Silver Air",2024,3,Airline_Financial_2024.csv
2024,-409.34,-4757.04,0.0,8402.07,5236.42,1309.25,0.0,13159.12,21492,1BQ,"Eastern Airlines f/k/a Dynamic Airways, LLC",2024,4,Airline_Financial_2024.csv
2024,-392.18,-380.91,0.0,6402.06,2766.12,2781.97,0.0,6782.96,20453,ABX,ABX Air Inc,2024,2,Airline_Financial_2024.csv
2024,-362.02,-566.24,0.0,10927.73,6193.95,1378.0,735.66,11493.97,20377,X9,Omni Air International LLC,2024,4,Airline_Financial_2024.csv
2024,-304.38,-554.05,0.0,29071.22,5853.55,0.0,0.0,29625.27,21974,3EQ,"Scott Aviation, LLC  d/b/a  Silver Air",2024,1,Airline_Financial_2024.csv
2024,-114.13,752.26,,16656.26,6495.54,5423.58,,15904.01,20372,KLQ,Kalitta Charters II,2024,4,Airline_Financial_2024.csv
2024,-101.8,-105.42,845.39,845.39,439.63,309.55,64.11,950.81,20397,OH,PSA Airlines Inc.,2024,4,Airline_Financial_2024.csv
2024,-57.18,-40.49,1630.56,1630.56,741.55,581.33,113.45,1671.05,20397,OH,PSA Airlines Inc.,2024,3,Airline_Financial_2024.csv
2024,-52.68,224.77,19118.88,19142.08,6757.48,3939.19,906.39,18917.31,20398,MQ,Envoy Air,2024,4,Airline_Financial_2024.csv
2024,-52.61,-36.31,1753.6,1753.6,783.43,666.54,107.7,1789.91,20397,OH,PSA Airlines Inc.,2024,2,Airline_Financial_2024.csv
2024,-13.67,28.11,2091.98,2091.98,1027.12,581.21,128.54,2063.87,20397,OH,PSA Airlines Inc.,2024,1,Airline_Financial_2024.csv
2024,-3.81,-98.05,27915.81,44483.16,28811.21,3413.31,2163.38,44581.21,20436,F9,Frontier Airlines Inc.,2024,3,Airline_Financial_2024.csv
2024,-3.19,-476.7,0.0,163981.13,132381.85,340.98,0.0,164457.82,20100,PO,Polar Air Cargo Airways,2024,2,Airline_Financial_2024.csv
2024,-1.67,-860.1,0.0,209940.88,176872.65,676.27,0.0,210800.98,20100,PO,Polar Air Cargo Airways,2024,4,Airline_Financial_2024.csv
2024,-0.9,-59.54,0.0,32320.81,26239.07,75.52,0.0,32380.35,20100,PO,Polar Air Cargo Airways,2024,1,Airline_Financial_2024.csv
2024,-0.01,486.81,0.0,154105.26,124470.28,468.89,0.0,153618.44,20100,PO,Polar Air Cargo Airways,2024,3,Airline_Financial_2024.csv
2024,0.0,0.0,,0.0,0.0,0.0,,0.0,20372,KLQ,Kalitta Charters II,2024,1,Airline_Financial_2024.csv
2024,0.0,0.0,,0.0,0.0,0.0,,0.0,20372,KLQ,Kalitta Charters II,2024,2,Airline_Financial_2024.csv
2024,0.0,0.0,,0.0,0.0,0.0,,0.0,20372,KLQ,Kalitta Charters II,2024,3,Airline_Financial_2024.csv
2024,0.0,0.0,,0.0,0.0,0.0,,0.0,20372,KLQ,Kalitta Charters II,2024,4,Airline_Financial_2024.csv
2024,0.0,0.0,0.0,0.0,0.0,0.0,0.0,0.0,19687,QX,Horizon Air,2024,1,Airline_Financial_2024.csv
2024,0.0,0.0,0.0,0.0,0.0,0.0,0.0,0.0,19687,QX,Horizon Air,2024,2,Airline_Financial_2024.csv
2024,0.0,0.0,0.0,0.0,0.0,0.0,0.0,0.0,19687,QX,Horizon Air,2024,3,Airline_Financial_2024.csv
2024,0.0,0.0,0.0,0.0,0.0,0.0,0.0,0.0,19687,QX,Horizon Air,2024,4,Airline_Financial_2024.csv
2024,0.0,0.0,0.0,0.0,0.0,0.0,0.0,0.0,20100,PO,Polar Air Cargo Airways,2024,2,Airline_Financial_2024.csv
2024,0.0,0.0,0.0,0.0,0.0,0.0,0.0,0.0,20100,PO,Polar Air Cargo Airways,2024,4,Airline_Financial_2024.csv
2024,0.0,0.0,0.0,0.0,0.0,0.0,0.0,0.0,20452,YX,Republic Airline,2024,1,Airline_Financial_2024.csv
2024,0.0,0.0,0.0,0.0,0.0,0.0,0.0,0.0,20452,YX,Republic Airline,2024,2,Airline_Financial_2024.csv
2024,0.0,0.0,0.0,0.0,0.0,0.0,0.0,0.0,20452,YX,Republic Airline,2024,3,Airline_Financial_2024.csv
2024,0.0,0.0,0.0,0.0,0.0,0.0,0.0,0.0,20452,YX,Republic Airline,2024,4,Airline_Financial_2024.csv
2024,0.0,6.53,0.0,2064.82,1667.75,6.28,0.0,2058.3,20100,PO,Polar Air Cargo Airways,2024,3,Airline_Financial_2024.csv
2024,0.0,113.98,0.0,36079.8,29141.53,109.78,0.0,35965.82,20100,PO,Polar Air Cargo Airways,2024,3,Airline_Financial_2024.csv
2024,0.15,-9.23,0.0,5167.59,4194.92,12.07,0.0,5176.82,20100,PO,Polar Air Cargo Airways,2024,1,Airline_Financial_2024.csv
2024,0.75,-296.75,0.0,163978.28,133117.51,383.14,0.0,164275.03,20100,PO,Polar Air Cargo Airways,2024,1,Airline_Financial_2024.csv
2024,1.67,-122.31,0.0,30321.33,25543.44,97.67,0.0,30443.64,20100,PO,Polar Air Cargo Airways,2024,4,Airline_Financial_2024.csv
2024,3.19,-75.45,0.0,27235.08,21983.13,56.63,0.0,27310.53,20100,PO,Polar Air Cargo Airways,2024,2,Airline_Financial_2024.csv
2024,9.29,-1.68,0.0,31362.99,5279.54,0.0,0.0,31364.67,21974,3EQ,"Scott Aviation, LLC  d/b/a  Silver Air",2024,2,Airline_Financial_2024.csv
2024,19.65,132.58,0.0,4541.85,2331.68,434.92,534.08,4409.27,20377,X9,Omni Air International LLC,2024,2,Airline_Financial_2024.csv
2024,37.43,9770.06,494344.36,587601.32,273219.69,55668.2,56905.69,577831.27,20409,B6,JetBlue Airways,2024,2,Airline_Financial_2024.csv
2024,46.76,59.35,5833.08,5898.64,2591.81,1698.72,648.27,5839.29,20304,OO,SkyWest Airlines Inc.,2024,1,Airline_Financial_2024.csv
2024,65.63,121.69,15920.68,15926.67,5593.28,3508.38,768.26,15804.98,20398,MQ,Envoy Air,2024,2,Airline_Financial_2024.csv
2024,97.25,143.97,0.0,5283.22,3443.93,334.28,0.0,5139.26,20166,GFQ,Gulf And Caribbean Cargo,2024,4,Airline_Financial_2024.csv
2024,131.28,194.35,0.0,7132.1,4649.14,451.26,0.0,6937.75,20166,GFQ,Gulf And Caribbean Cargo,2024,4,Airline_Financial_2024.csv
2024,132.14,126.73,2134.13,2149.94,717.72,863.88,91.0,2023.2,20445,C5,CommuteAir LLC dba CommuteAir,2024,4,Airline_Financial_2024.csv
2024,147.32,143.19,2593.39,2593.39,806.58,1111.12,97.37,2450.21,20445,C5,CommuteAir LLC dba CommuteAir,2024,1,Airline_Financial_2024.csv
2024,184.27,320.53,15673.73,15687.06,5448.53,3178.89,737.98,15366.53,20398,MQ,Envoy Air,2024,3,Airline_Financial_2024.csv
2024,205.84,190.3,2588.58,2588.58,766.14,1138.0,85.61,2398.28,20445,C5,CommuteAir LLC dba CommuteAir,2024,2,Airline_Financial_2024.csv
2024,219.87,-52.74,,14124.36,6368.97,4123.16,,14177.1,20177,PFQ,Asia Pacific,2024,2,Airline_Financial_2024.csv
2024,221.53,287.11,0.0,3705.85,2264.79,232.49,0.0,3418.74,20166,GFQ,Gulf And Caribbean Cargo,2024,3,Airline_Financial_2024.csv
2024,228.84,-48.31,0.0,1010.87,416.37,119.94,29.26,1059.18,20310,WL,"Caribbean Sun Airlines, Inc. d/b/a World Atlantic Airlines",2024,4,Airline_Financial_2024.csv
2024,231.23,224.1,2870.16,2912.48,929.16,1180.05,131.43,2688.38,20445,C5,CommuteAir LLC dba CommuteAir,2024,3,Airline_Financial_2024.csv
2024,234.01,-3689.89,0.0,7709.58,4242.7,1181.63,0.0,11399.47,21492,1BQ,"Eastern Airlines f/k/a Dynamic Airways, LLC",2024,4,Airline_Financial_2024.csv
2024,234.26,256.75,0.0,34850.87,6591.1,0.0,0.0,34594.12,21974,3EQ,"Scott Aviation, LLC  d/b/a  Silver Air",2024,4,Airline_Financial_2024.csv
2024,274.07,78.42,0.0,5654.22,2508.4,2132.25,0.0,5575.8,20453,ABX,ABX Air Inc,2024,1,Airline_Financial_2024.csv
2024,282.75,2542.54,0.0,57545.54,33776.3,6930.82,,55003.0,22085,GCA,"Global Crossing Airlines, Inc.",2024,2,Airline_Financial_2024.csv
2024,318.07,1326.5,0.0,11938.17,4215.55,1817.48,371.5,10611.67,21161,09Q,"Swift Air, LLC d/b/a Eastern Air Lines d/b/a Eastern",2024,1,Airline_Financial_2024.csv
2024,331.03,429.03,0.0,5537.63,3384.26,347.42,0.0,5108.6,20166,GFQ,Gulf And Caribbean Cargo,2024,3,Airline_Financial_2024.csv
2024,392.76,1314.93,0.0,5478.51,2309.04,207.87,94.46,4163.58,20310,WL,"Caribbean Sun Airlines, Inc. d/b/a World Atlantic Airlines",2024,3,Airline_Financial_2024.csv
2024,400.46,1902.43,57802.78,58707.6,32348.67,15343.59,2540.97,56805.17,20500,G7,GoJet Airlines LLC d/b/a United Express,2024,2,Airline_Financial_2024.csv
2024,420.56,1502.84,0.0,17307.23,6565.9,2786.41,0.0,15804.38,21875,37Q,"Eastern Air Express, LLC (EAX)",2024,3,Airline_Financial_2024.csv
2024,512.48,512.48,0.0,2879.16,0.0,0.0,0.0,2366.68,21652,27Q,"Jet Aviation Flight Services, Inc.",2024,2,Airline_Financial_2024.csv
2024,521.52,521.52,0.0,2705.54,0.0,0.0,0.0,2184.03,21652,27Q,"Jet Aviation Flight Services, Inc.",2024,1,Airline_Financial_2024.csv
2024,585.8,288.35,,15312.16,6889.14,3960.97,,15023.81,20177,PFQ,Asia Pacific,2024,3,Airline_Financial_2024.csv
2024,628.13,628.13,0.0,2523.03,0.0,0.0,0.0,1894.9,21652,27Q,"Jet Aviation Flight Services, Inc.",2024,4,Airline_Financial_2024.csv
2024,655.29,413.44,,14935.66,6452.39,4141.56,,14522.22,20177,PFQ,Asia Pacific,2024,1,Airline_Financial_2024.csv
2024,686.76,686.76,0.0,3021.08,0.0,0.0,0.0,2334.32,21652,27Q,"Jet Aviation Flight Services, Inc.",2024,3,Airline_Financial_2024.csv
2024,691.22,839.04,9123.83,9182.25,3578.36,2682.23,930.07,8343.21,20304,OO,SkyWest Airlines Inc.,2024,2,Airline_Financial_2024.csv
2024,722.38,647.97,,18848.23,5050.74,4951.23,,18200.26,20370,KAQ,Kalitta Air LLC,2024,1,Airline_Financial_2024.csv
2024,723.7,802.38,,21245.05,11882.42,2385.3,,20442.67,21754,2PQ,21 Air LLC,2024,4,Airline_Financial_2024.csv
2024,749.81,798.77,42793.77,79772.03,42470.54,9798.89,0.0,78973.26,20207,XP,TEM Enterprises dba  Avelo Airlines,2024,1,Airline_Financial_2024.csv
2024,756.53,900.92,10635.26,10725.15,4233.55,3158.04,1088.17,9824.23,20304,OO,SkyWest Airlines Inc.,2024,3,Airline_Financial_2024.csv
2024,769.59,1008.73,,18441.61,9775.98,3198.19,,17432.88,21754,2PQ,21 Air LLC,2024,2,Airline_Financial_2024.csv
2024,844.27,840.14,0.0,4757.31,1418.03,610.14,194.89,3917.17,20310,WL,"Caribbean Sun Airlines, Inc. d/b/a World Atlantic Airlines",2024,1,Airline_Financial_2024.csv
2024,971.54,945.04,0.0,8832.46,3383.13,3165.48,0.0,7887.42,20453,ABX,ABX Air Inc,2024,4,Airline_Financial_2024.csv
2024,1028.48,1128.08,0.0,8361.23,2973.17,841.09,0.0,7233.15,20447,U7,USA Jet Airlines Inc.,2024,4,Airline_Financial_2024.csv
2024,1066.22,1389.23,12784.03,12890.91,4764.57,3828.22,1333.46,11501.68,20304,OO,SkyWest Airlines Inc.,2024,4,Airline_Financial_2024.csv
2024,1083.43,1321.07,,15395.81,7864.64,2278.19,,14074.74,21754,2PQ,21 Air LLC,2024,1,Airline_Financial_2024.csv
2024,1254.76,1129.0,,18840.82,7840.49,4730.38,,17711.83,20177,PFQ,Asia Pacific,2024,4,Airline_Financial_2024.csv
2024,1520.56,2593.61,46381.39,76447.26,38156.19,10219.18,0.0,73853.65,20207,XP,TEM Enterprises dba  Avelo Airlines,2024,2,Airline_Financial_2024.csv
2024,1608.65,1764.43,0.0,13077.82,4650.35,1315.55,0.0,11313.39,20447,U7,USA Jet Airlines Inc.,2024,4,Airline_Financial_2024.csv
2024,1712.44,7141.78,0.0,64274.06,22696.17,9785.17,2000.09,57132.29,21161,09Q,"Swift Air, LLC d/b/a Eastern Air Lines d/b/a Eastern",2024,1,Airline_Financial_2024.csv
2024,1725.37,2047.08,0.0,29619.57,9053.81,6132.79,0.0,27572.48,20108,NC,Northern Air Cargo Inc.,2024,1,Airline_Financial_2024.csv
2024,1726.34,1897.78,,19605.8,9228.51,3339.57,,17708.02,21754,2PQ,21 Air LLC,2024,3,Airline_Financial_2024.csv
2024,1818.0,1024.0,160543.0,185060.0,73394.0,17850.0,15688.0,184036.0,19393,WN,Southwest Airlines Co.,2024,3,Airline_Financial_2024.csv
2024,1961.7,1720.46,116486.23,209175.76,50443.05,34989.32,6087.34,207455.3,20427,PT,Piedmont Airlines,2024,3,Airline_Financial_2024.csv
2024,1977.27,3666.5,479686.82,479867.04,168524.4,105706.72,23147.63,476200.54,20398,MQ,Envoy Air,2024,2,Airline_Financial_2024.csv
2024,2044.5,3159.19,0.0,61595.66,31962.44,3746.11,0.0,58436.47,21629,KD,Western Global,2024,4,Airline_Financial_2024.csv
2024,2067.0,2056.91,0.0,11647.21,3471.72,1493.79,477.15,9590.3,20310,WL,"Caribbean Sun Airlines, Inc. d/b/a World Atlantic Airlines",2024,1,Airline_Financial_2024.csv
2024,2149.83,2154.08,0.0,23052.7,13015.19,2923.66,0.0,20898.63,20195,WI,Sky Lease Cargo,2024,1,Airline_Financial_2024.csv
2024,2160.25,2415.98,0.0,13615.48,4092.03,1750.34,0.0,11199.5,21492,1BQ,"Eastern Airlines f/k/a Dynamic Airways, LLC",2024,2,Airline_Financial_2024.csv
2024,2384.8,2448.89,0.0,8034.52,5185.24,575.71,0.0,5585.63,20166,GFQ,Gulf And Caribbean Cargo,2024,2,Airline_Financial_2024.csv
2024,2392.47,2774.44,0.0,12875.75,4814.28,1588.52,0.0,10101.31,21492,1BQ,"Eastern Airlines f/k/a Dynamic Airways, LLC",2024,3,Airline_Financial_2024.csv
2024,2464.94,705.31,0.0,50853.77,22560.38,19177.39,0.0,50148.45,20453,ABX,ABX Air Inc,2024,1,Airline_Financial_2024.csv
2024,2747.88,10828.11,0.0,116591.69,39056.81,52662.95,0.0,105763.58,19874,8C,Air Transport International,2024,4,Airline_Financial_2024.csv
2024,2756.9,2597.52,62827.61,63293.66,21678.78,25668.89,2682.87,60696.14,20445,C5,CommuteAir LLC dba CommuteAir,2024,4,Airline_Financial_2024.csv
2024,2876.42,3671.99,0.0,32352.15,10214.24,4200.71,0.0,28680.17,21634,KH,Aloha Air Cargo,2024,1,Airline_Financial_2024.csv
2024,3004.81,2913.94,57063.78,57063.78,17760.04,24468.42,2142.53,54149.84,20445,C5,CommuteAir LLC dba CommuteAir,2024,1,Airline_Financial_2024.csv
2024,3063.82,4673.81,570986.18,631560.53,265428.17,189872.89,60974.25,626886.72,20304,OO,SkyWest Airlines Inc.,2024,1,Airline_Financial_2024.csv
2024,3362.29,2995.38,61101.73,61101.73,19067.84,27066.71,2021.32,58106.36,20445,C5,CommuteAir LLC dba CommuteAir,2024,2,Airline_Financial_2024.csv
2024,3541.02,1240.06,0.0,128305.6,68823.1,14627.27,8288.7,127065.54,20377,X9,Omni Air International LLC,2024,4,Airline_Financial_2024.csv
2024,3554.0,4858.0,139955.0,151007.0,58277.0,13223.0,14154.0,146149.0,19930,AS,Alaska Airlines Inc.,2024,2,Airline_Financial_2024.csv
2024,3668.85,3671.77,0.0,27398.59,0.0,0.0,0.0,23726.82,21652,27Q,"Jet Aviation Flight Services, Inc.",2024,2,Airline_Financial_2024.csv
2024,3824.39,3671.62,61645.84,62553.64,20626.79,25456.77,2819.0,58882.02,20445,C5,CommuteAir LLC dba CommuteAir,2024,3,Airline_Financial_2024.csv
2024,3883.46,4478.1,120466.8,214816.95,51293.13,35171.52,5923.16,210338.85,20427,PT,Piedmont Airlines,2024,4,Airline_Financial_2024.csv
2024,3896.71,3883.98,0.0,28556.11,0.0,0.0,0.0,24672.13,21652,27Q,"Jet Aviation Flight Services, Inc.",2024,1,Airline_Financial_2024.csv
2024,3971.24,13295.38,0.0,55393.83,23346.98,2101.83,955.05,42098.44,20310,WL,"Caribbean Sun Airlines, Inc. d/b/a World Atlantic Airlines",2024,3,Airline_Financial_2024.csv
2024,4295.86,6872.32,0.0,53288.99,21396.53,8187.48,,46416.66,20151,M6,Amerijet International,2024,4,Airline_Financial_2024.csv
2024,4347.88,-917.91,0.0,19206.45,7911.01,2278.86,555.87,20124.36,20310,WL,"Caribbean Sun Airlines, Inc. d/b/a World Atlantic Airlines",2024,4,Airline_Financial_2024.csv
2024,4646.28,4638.13,0.0,29323.88,0.0,0.0,0.0,24685.74,21652,27Q,"Jet Aviation Flight Services, Inc.",2024,3,Airline_Financial_2024.csv
2024,5076.57,5046.17,0.0,30385.21,0.0,0.0,0.0,25339.04,21652,27Q,"Jet Aviation Flight Services, Inc.",2024,4,Airline_Financial_2024.csv
2024,5169.0,6768.0,96274.0,103928.0,39259.0,9048.0,9722.0,97160.0,19930,AS,Alaska Airlines Inc.,2024,3,Airline_Financial_2024.csv
2024,5381.74,5369.74,75548.22,77118.04,40416.64,20519.39,3596.76,71748.3,20500,G7,GoJet Airlines LLC d/b/a United Express,2024,4,Airline_Financial_2024.csv
2024,5580.34,9707.0,474666.22,475069.9,165004.31,96270.01,22349.24,465362.9,20398,MQ,Envoy Air,2024,3,Airline_Financial_2024.csv
2024,6107.41,6131.05,0.0,37782.06,24076.67,2948.95,0.0,31651.02,20195,WI,Sky Lease Cargo,2024,3,Airline_Financial_2024.csv
2024,6174.77,6242.22,0.0,34239.91,17554.39,6657.87,2162.79,27997.7,19874,8C,Air Transport International,2024,2,Airline_Financial_2024.csv
2024,6237.09,10255.53,0.0,82650.37,33371.6,12769.79,,72394.84,20151,M6,Amerijet International,2024,4,Airline_Financial_2024.csv
2024,6345.27,6417.51,0.0,35905.94,19092.45,6600.23,2095.67,29488.43,19874,8C,Air Transport International,2024,1,Airline_Financial_2024.csv
2024,6462.0,6866.0,148753.0,171371.0,65651.0,15762.0,14967.0,164505.0,19393,WN,Southwest Airlines Co.,2024,4,Airline_Financial_2024.csv
2024,6473.99,329.75,,464781.75,199388.44,121930.91,,464452.0,20370,KAQ,Kalitta Air LLC,2024,3,Airline_Financial_2024.csv
2024,7172.05,16826.51,80184.22,87075.99,27036.13,4572.73,9781.49,70249.48,20409,B6,JetBlue Airways,2024,4,Airline_Financial_2024.csv
2024,7285.13,8834.47,111080.5,201355.9,44660.75,29568.03,4979.14,192521.43,20427,PT,Piedmont Airlines,2024,1,Airline_Financial_2024.csv
2024,7793.48,7849.43,0.0,36448.73,18071.54,6772.29,2105.62,28599.3,19874,8C,Air Transport International,2024,3,Airline_Financial_2024.csv
2024,8556.16,8322.74,0.0,77785.53,29794.5,27877.66,0.0,69462.78,20453,ABX,ABX Air Inc,2024,4,Airline_Financial_2024.csv
2024,8922.27,4199.99,,446479.92,194191.34,112827.27,,442279.93,20370,KAQ,Kalitta Air LLC,2024,2,Airline_Financial_2024.csv
2024,9093.12,139538.57,6280786.05,9267740.68,2732876.94,1016037.61,641999.08,9128202.11,19805,AA,American Airlines Inc.,2024,3,Airline_Financial_2024.csv
2024,9227.45,9227.45,0.0,11189.04,1116.52,344.02,0.0,1961.6,20169,L2,Lynden Air Cargo Airlines,2024,1,Airline_Financial_2024.csv
2024,9493.83,8967.16,0.0,43653.89,26037.34,3705.81,0.0,34686.72,20195,WI,Sky Lease Cargo,2024,4,Airline_Financial_2024.csv
2024,9546.0,23157.0,103531.0,103823.0,24075.0,23856.0,6227.0,80666.0,19687,QX,Horizon Air,2024,1,Airline_Financial_2024.csv
2024,10999.58,10880.06,0.0,47681.68,27625.44,3926.27,0.0,36801.62,20195,WI,Sky Lease Cargo,2024,2,Airline_Financial_2024.csv
2024,11083.47,11580.07,0.0,36500.25,14473.72,7158.69,1838.99,24920.18,19874,8C,Air Transport International,2024,4,Airline_Financial_2024.csv
2024,11122.11,11050.49,,34916.22,5195.76,9899.95,,23865.74,20370,KAQ,Kalitta Air LLC,2024,4,Airline_Financial_2024.csv
2024,11779.0,12771.0,205512.0,235905.0,93271.0,21274.0,17567.0,223134.0,19393,WN,Southwest Airlines Co.,2024,2,Airline_Financial_2024.csv
2024,11836.49,11836.49,0.0,14192.55,1037.42,486.26,0.0,2356.06,20169,L2,Lynden Air Cargo Airlines,2024,3,Airline_Financial_2024.csv
2024,12636.0,26712.0,112250.0,112250.0,24518.0,24825.0,6324.0,85538.0,19687,QX,Horizon Air,2024,2,Airline_Financial_2024.csv
2024,13481.28,24638.35,453343.05,632518.29,289083.16,58885.24,29941.75,607879.95,20368,G4,Allegiant Air,2024,1,Airline_Financial_2024.csv
2024,14713.53,14713.53,0.0,18203.6,1630.39,773.82,0.0,3490.08,20169,L2,Lynden Air Cargo Airlines,2024,4,Airline_Financial_2024.csv
2024,16381.75,34953.18,336641.64,343728.32,112373.73,105550.49,29365.32,308775.14,20452,YX,Republic Airline,2024,1,Airline_Financial_2024.csv
2024,17112.67,17112.76,0.0,19562.78,1191.35,462.15,0.0,2450.01,20169,L2,Lynden Air Cargo Airlines,2024,2,Airline_Financial_2024.csv
2024,17125.64,32032.5,360074.03,370046.53,118543.56,110727.54,32380.62,338014.03,20452,YX,Republic Airline,2024,3,Airline_Financial_2024.csv
2024,17185.48,17880.69,11620.21,33851.08,6259.49,1360.43,909.11,15970.4,20422,SY,Sun Country Airlines d/b/a MN Airlines,2024,4,Airline_Financial_2024.csv
2024,18632.73,18895.78,9462.98,27506.22,2956.18,540.61,369.27,8610.44,20422,SY,Sun Country Airlines d/b/a MN Airlines,2024,3,Airline_Financial_2024.csv
2024,18752.0,35161.0,116075.0,116075.0,26271.0,23162.0,6854.0,80914.0,19687,QX,Horizon Air,2024,3,Airline_Financial_2024.csv
2024,19507.53,19902.56,14798.31,32456.33,4386.29,721.22,880.86,12553.78,20422,SY,Sun Country Airlines d/b/a MN Airlines,2024,2,Airline_Financial_2024.csv
2024,20963.52,36980.27,369655.62,378047.39,118789.39,107664.71,33393.0,341067.12,20452,YX,Republic Airline,2024,4,Airline_Financial_2024.csv
2024,22227.98,41253.27,349598.69,358379.81,112079.41,102817.47,29805.06,317126.54,20452,YX,Republic Airline,2024,2,Airline_Financial_2024.csv
2024,23257.8,31797.54,0.0,367371.92,191553.88,39276.41,6126.89,335574.37,20007,5Y,Atlas Air Inc.,2024,3,Airline_Financial_2024.csv
2024,23793.0,37657.0,118115.0,118219.0,27865.0,28576.0,6269.0,80562.0,19687,QX,Horizon Air,2024,4,Airline_Financial_2024.csv
2024,25215.49,36777.84,641372.05,698992.64,271054.59,221086.98,61018.97,662214.79,20304,OO,SkyWest Airlines Inc.,2024,2,Airline_Financial_2024.csv
2024,25539.71,18485.48,550805.87,890402.03,552741.41,80338.11,53945.45,871916.55,20436,F9,Frontier Airlines Inc.,2024,3,Airline_Financial_2024.csv
2024,27344.98,25055.82,,475090.79,196177.25,116059.36,,450034.97,20370,KAQ,Kalitta Air LLC,2024,4,Airline_Financial_2024.csv
2024,29148.21,40935.17,0.0,111853.76,37407.47,18246.73,0.0,70918.58,19917,5X,United Parcel Service,2024,2,Airline_Financial_2024.csv
2024,29153.25,38974.34,0.0,94534.8,29526.09,13404.5,0.0,55560.46,19917,5X,United Parcel Service,2024,3,Airline_Financial_2024.csv
2024,29590.98,39645.53,136275.44,147278.54,40219.29,6515.14,15926.95,107633.01,20409,B6,JetBlue Airways,2024,2,Airline_Financial_2024.csv
2024,31517.02,41029.82,0.0,115040.69,39082.0,18196.53,0.0,74010.86,19917,5X,United Parcel Service,2024,1,Airline_Financial_2024.csv
2024,31707.64,47368.08,452537.78,649471.8,279778.53,59162.22,32863.09,602103.72,20368,G4,Allegiant Air,2024,2,Airline_Financial_2024.csv
2024,31969.41,40266.02,0.0,88018.42,26506.61,9792.91,0.0,47752.4,19917,5X,United Parcel Service,2024,4,Airline_Financial_2024.csv
2024,32898.73,26557.98,124680.42,124680.42,41260.89,30142.51,4837.28,98122.44,20378,YV,Mesa Airlines Inc.,2024,1,Airline_Financial_2024.csv
2024,33537.0,76170.0,624522.0,803397.0,291772.0,54614.0,71277.0,727227.0,19790,DL,Delta Air Lines Inc.,2024,4,Airline_Financial_2024.csv
2024,38099.85,48566.83,683635.7,745129.13,291563.54,223091.49,64347.81,696562.3,20304,OO,SkyWest Airlines Inc.,2024,3,Airline_Financial_2024.csv
2024,38160.64,52798.21,701274.43,767336.87,287186.12,244852.71,65601.04,714538.67,20304,OO,SkyWest Airlines Inc.,2024,4,Airline_Financial_2024.csv
2024,38480.38,32883.92,557545.28,903912.84,540207.61,65536.77,54935.67,871028.92,20436,F9,Frontier Airlines Inc.,2024,2,Airline_Financial_2024.csv
2024,40443.78,42264.74,57846.33,92216.05,23173.75,3718.73,3480.25,49951.3,20422,SY,Sun Country Airlines d/b/a MN Airlines,2024,1,Airline_Financial_2024.csv
2024,40540.39,54213.65,0.0,343051.63,180688.41,50823.79,0.0,288837.98,19917,5X,United Parcel Service,2024,1,Airline_Financial_2024.csv
2024,42154.86,42154.86,1953565.89,2329272.1,962482.96,314085.37,204373.7,2287117.24,19805,AA,American Airlines Inc.,2024,2,Airline_Financial_2024.csv
2024,42845.0,103737.0,778638.0,1028276.0,347383.0,90706.0,84361.0,924539.0,19790,DL,Delta Air Lines Inc.,2024,2,Airline_Financial_2024.csv
2024,43630.6,59039.03,0.0,317950.85,165452.11,43021.03,0.0,258911.82,19917,5X,United Parcel Service,2024,3,Airline_Financial_2024.csv
2024,45332.63,64873.37,0.0,342460.25,174505.48,51455.29,0.0,277586.88,19917,5X,United Parcel Service,2024,2,Airline_Financial_2024.csv
2024,47486.14,61423.18,0.0,322401.91,165154.18,45032.14,0.0,260978.73,19917,5X,United Parcel Service,2024,4,Airline_Financial_2024.csv
2024,48066.49,46547.84,0.0,219922.89,130956.96,15585.52,1067.21,173375.06,20405,N8,National Air Cargo Group Inc d/ba National Airlines,2024,4,Airline_Financial_2024.csv
2024,48452.0,66499.0,,435587.0,55847.0,16554.0,,369088.0,20107,FX,Federal Express Corporation,2024,4,Airline_Financial_2024.csv
2024,50728.71,55953.15,0.0,375029.47,185747.25,42136.57,6548.97,319076.32,20007,5Y,Atlas Air Inc.,2024,1,Airline_Financial_2024.csv
2024,55175.0,71174.0,,440888.0,45842.0,25518.0,,369714.0,20107,FX,Federal Express Corporation,2024,3,Airline_Financial_2024.csv
2024,55479.89,62410.56,0.0,388951.59,192376.52,41564.98,6615.23,326541.04,20007,5Y,Atlas Air Inc.,2024,2,Airline_Financial_2024.csv
2024,55844.0,58149.0,637888.0,829902.0,286937.0,72724.0,82306.0,771753.0,19790,DL,Delta Air Lines Inc.,2024,3,Airline_Financial_2024.csv
2024,58094.81,49385.38,633808.36,969301.62,540455.14,94014.08,51603.71,919916.24,20436,F9,Frontier Airlines Inc.,2024,4,Airline_Financial_2024.csv
2024,65614.0,36965.0,5799439.0,6685060.0,2651287.0,644833.0,566707.0,6648095.0,19393,WN,Southwest Airlines Co.,2024,3,Airline_Financial_2024.csv
2024,70247.1,299543.33,6168960.36,8873504.56,2816457.61,963596.65,583219.27,8573961.23,19805,AA,American Airlines Inc.,2024,1,Airline_Financial_2024.csv
2024,70542.0,126854.0,814852.0,1070175.0,325501.0,91542.0,94147.0,943321.0,19790,DL,Delta Air Lines Inc.,2024,4,Airline_Financial_2024.csv
2024,70577.63,94118.89,154808.07,169072.25,27300.53,4213.35,11619.3,74953.36,20409,B6,JetBlue Airways,2024,3,Airline_Financial_2024.csv
2024,73197.0,75330.0,613623.0,761376.0,278868.0,47140.0,76202.0,686046.0,19790,DL,Delta Air Lines Inc.,2024,3,Airline_Financial_2024.csv
2024,74909.25,90385.57,0.0,426712.62,198833.42,38364.72,6425.92,336327.05,20007,5Y,Atlas Air Inc.,2024,4,Airline_Financial_2024.csv
2024,82519.95,66491.57,609482.61,711734.14,244251.02,81242.88,65953.99,645242.57,19690,HA,Hawaiian Airlines Inc.,2024,4,Airline_Financial_2024.csv
2024,83363.0,130049.0,618796.0,773389.0,257618.0,45588.0,64679.0,643340.0,19790,DL,Delta Air Lines Inc.,2024,2,Airline_Financial_2024.csv
2024,86849.83,165239.23,1317442.94,1531050.8,619104.75,100510.68,159686.62,1365811.56,19977,UA,United Air Lines Inc.,2024,3,Airline_Financial_2024.csv
2024,94727.07,134027.73,0.0,564853.97,282164.43,72741.33,0.0,430826.24,19917,5X,United Parcel Service,2024,2,Airline_Financial_2024.csv
2024,96655.44,126591.21,0.0,518980.4,253836.26,64511.58,0.0,392389.19,19917,5X,United Parcel Service,2024,1,Airline_Financial_2024.csv
2024,108404.13,148196.31,0.0,984364.27,525246.33,86137.09,14823.66,836167.96,20007,5Y,Atlas Air Inc.,2024,4,Airline_Financial_2024.csv
2024,115598.04,155063.11,0.0,575280.96,276664.98,67084.99,0.0,420217.85,19917,5X,United Parcel Service,2024,3,Airline_Financial_2024.csv
2024,122528.32,122528.32,1325742.51,1581962.45,542749.24,204756.56,130116.09,1459434.14,19805,AA,American Airlines Inc.,2024,3,Airline_Financial_2024.csv
2024,128231.38,162646.17,0.0,562026.73,257402.06,68489.67,0.0,399380.56,19917,5X,United Parcel Service,2024,4,Airline_Financial_2024.csv
2024,128559.96,202644.44,1458736.34,1741264.9,659640.63,106244.81,179055.22,1538620.46,19977,UA,United Air Lines Inc.,2024,4,Airline_Financial_2024.csv
2024,130732.0,78340.42,427841.95,609722.99,242864.58,62853.5,32450.39,531382.58,20368,G4,Allegiant Air,2024,4,Airline_Financial_2024.csv
2024,130945.0,141728.0,1788483.0,2580424.0,755297.0,203951.0,190067.0,2438696.0,19930,AS,Alaska Airlines Inc.,2024,4,Airline_Financial_2024.csv
2024,134829.11,276336.92,5534622.08,7793607.83,2406308.24,728951.15,514816.17,7517270.92,19977,UA,United Air Lines Inc.,2024,1,Airline_Financial_2024.csv
2024,148288.99,227457.54,1363951.24,1601254.8,636811.17,88664.57,154658.82,1373797.26,19977,UA,United Air Lines Inc.,2024,2,Airline_Financial_2024.csv
2024,161889.07,161889.07,1445596.76,1725241.55,630239.26,221340.04,143433.0,1563352.48,19805,AA,American Airlines Inc.,2024,2,Airline_Financial_2024.csv
2024,169897.86,169897.86,1778456.6,2116030.29,792779.69,274124.94,165843.75,1946132.43,19805,AA,American Airlines Inc.,2024,1,Airline_Financial_2024.csv
2024,185860.4,185860.4,1546261.55,1882228.88,630476.59,261549.42,165680.81,1696368.48,19805,AA,American Airlines Inc.,2024,4,Airline_Financial_2024.csv
2024,194936.4,289389.41,2314720.63,2554883.68,877682.58,206882.08,271123.27,2265494.26,19977,UA,United Air Lines Inc.,2024,4,Airline_Financial_2024.csv
2024,195069.0,568984.0,6357024.0,10223923.0,2709508.0,816141.0,815811.0,9654939.0,19790,DL,Delta Air Lines Inc.,2024,1,Airline_Financial_2024.csv
2024,202769.0,326762.0,1845349.0,2321685.0,756041.0,153872.0,207303.0,1994923.0,19790,DL,Delta Air Lines Inc.,2024,4,Airline_Financial_2024.csv
2024,234236.0,322504.0,1914084.0,2743648.0,797027.0,180847.0,193578.0,2421144.0,19930,AS,Alaska Airlines Inc.,2024,2,Airline_Financial_2024.csv
2024,254814.0,270750.0,5867047.0,6759159.0,2589409.0,621679.0,590319.0,6488409.0,19393,WN,Southwest Airlines Co.,2024,4,Airline_Financial_2024.csv
2024,276195.68,367437.67,582447.51,694772.58,144694.16,32045.12,31028.5,327334.91,20409,B6,JetBlue Airways,2024,3,Airline_Financial_2024.csv
2024,295956.0,383431.0,,2056858.0,365577.0,147494.0,,1673427.0,20107,FX,Federal Express Corporation,2024,3,Airline_Financial_2024.csv
2024,314058.0,406387.0,2024632.0,2869593.0,825612.0,190269.0,204445.0,2463206.0,19930,AS,Alaska Airlines Inc.,2024,3,Airline_Financial_2024.csv
2024,324087.87,492623.44,3189905.65,3431814.62,1215629.31,281968.5,350632.44,2939191.18,19977,UA,United Air Lines Inc.,2024,3,Airline_Financial_2024.csv
2024,355477.0,385424.0,6201204.0,7118282.0,2814403.0,641920.0,530069.0,6732858.0,19393,WN,Southwest Airlines Co.,2024,2,Airline_Financial_2024.csv
2024,383660.0,521293.0,,2224296.0,372340.0,151243.0,,1703003.0,20107,FX,Federal Express Corporation,2024,4,Airline_Financial_2024.csv
2024,400101.61,565258.27,3053185.8,3277337.07,1158015.89,230592.31,312658.09,2712078.8,19977,UA,United Air Lines Inc.,2024,2,Airline_Financial_2024.csv
2024,428536.0,623769.0,2662908.0,3209542.0,1002571.0,192161.0,270479.0,2585773.0,19790,DL,Delta Air Lines Inc.,2024,2,Airline_Financial_2024.csv
2024,545143.0,554854.0,2849952.0,3444040.0,1086298.0,201131.0,346855.0,2889186.0,19790,DL,Delta Air Lines Inc.,2024,3,Airline_Financial_2024.csv
2024,590231.81,900734.29,6107080.45,8727727.3,2395833.69,700520.84,547734.51,7826993.01,19977,UA,United Air Lines Inc.,2024,3,Airline_Financial_2024.csv
2024,607886.0,1150917.0,7038218.0,11393244.0,2721495.0,837623.0,886502.0,10242327.0,19790,DL,Delta Air Lines Inc.,2024,4,Airline_Financial_2024.csv
2024,613626.91,1214678.51,6852963.15,9944815.08,2830288.36,972309.54,630269.67,8730136.57,19805,AA,American Airlines Inc.,2024,2,Airline_Financial_2024.csv
2024,674907.4,1106098.56,6506646.62,9728695.54,2557326.87,1047384.74,667102.8,8622596.98,19805,AA,American Airlines Inc.,2024,4,Airline_Financial_2024.csv
2024,675750.0,703800.0,6733359.0,10689626.0,2846160.0,795473.0,936843.0,9985826.0,19790,DL,Delta Air Lines Inc.,2024,3,Airline_Financial_2024.csv
2024,677163.42,970620.92,6354059.46,9086365.85,2284359.82,829797.18,553512.96,8115744.94,19977,UA,United Air Lines Inc.,2024,4,Airline_Financial_2024.csv
2024,824105.0,1444118.0,7360094.0,11686101.0,2843894.0,832063.0,851729.0,10241983.0,19790,DL,Delta Air Lines Inc.,2024,2,Airline_Financial_2024.csv
2024,835111.5,1159271.87,6271761.08,8863983.44,2414553.39,699756.18,524118.7,7704711.58,19977,UA,United Air Lines Inc.,2024,2,Airline_Financial_2024.csv
2024,953401.0,1228194.0,,13888075.0,770166.0,349974.0,,12659881.0,20107,FX,Federal Express Corporation,2024,3,Airline_Financial_2024.csv
2024,1088924.0,1497730.0,,9240480.0,977766.0,365031.0,,7742750.0,20107,FX,Federal Express Corporation,2024,2,Airline_Financial_2024.csv
2024,1114720.0,1410354.0,,6459430.0,877082.0,383504.0,,5049076.0,20107,FX,Federal Express Corporation,2024,1,Airline_Financial_2024.csv
2024,1369322.0,1830548.0,,15484990.0,680961.0,317548.0,,13654442.0,20107,FX,Federal Express Corporation,2024,4,Airline_Financial_2024.csv
2025,-620392.0,-704655.0,,2181714.0,204597.0,122250.0,,2886369.0,20107,FX,Federal Express Corporation,2025,2,Airline_Financial_2025.csv
2025,-543417.0,-680386.0,,2092349.0,207197.0,148621.0,,2772735.0,20107,FX,Federal Express Corporation,2025,1,Airline_Financial_2025.csv
2025,-495549.0,-662895.0,,2247674.0,216307.0,84277.0,,2910569.0,20107,FX,Federal Express Corporation,2025,3,Airline_Financial_2025.csv
2025,-358040.85,-337534.04,331020.59,331385.49,216490.93,217458.06,31955.5,668919.53,20397,OH,PSA Airlines Inc.,2025,3,Airline_Financial_2025.csv
2025,-276521.57,-117510.57,370099.04,834874.68,533613.75,71027.36,70135.09,952385.25,20416,NK,Spirit Air Lines,2025,3,Airline_Financial_2025.csv
2025,-253097.31,-253097.31,923631.15,1186950.28,564895.24,213177.25,134048.39,1440047.6,19805,AA,American Airlines Inc.,2025,1,Airline_Financial_2025.csv
2025,-220264.28,-164974.13,430981.63,913770.45,552358.7,67561.51,74292.75,1078744.58,20416,NK,Spirit Air Lines,2025,2,Airline_Financial_2025.csv
2025,-194832.82,-204638.47,1262541.18,1482163.48,736222.23,198336.91,160880.96,1686801.95,20409,B6,JetBlue Airways,2025,1,Airline_Financial_2025.csv
2025,-161137.3,-180007.29,0.0,1143084.53,708852.96,349356.82,0.0,1323091.82,19917,5X,United Parcel Service,2025,3,Airline_Financial_2025.csv
2025,-144505.0,-215944.0,5364086.0,6227446.0,2577159.0,586882.0,547614.0,6443390.0,19393,WN,Southwest Airlines Co.,2025,1,Airline_Financial_2025.csv
2025,-141502.93,-189871.23,0.0,1142464.5,700792.83,333219.69,0.0,1332335.74,19917,5X,United Parcel Service,2025,1,Airline_Financial_2025.csv
2025,-140853.84,-160823.87,0.0,1131405.81,673676.12,341811.52,0.0,1292229.68,19917,5X,United Parcel Service,2025,2,Airline_Financial_2025.csv
2025,-139926.82,-140607.15,1267892.3,1511925.92,710525.47,201837.66,161566.81,1652533.07,20409,B6,JetBlue Airways,2025,3,Airline_Financial_2025.csv
2025,-116660.39,-116660.39,375422.86,471522.51,226688.82,88017.96,55166.55,588182.9,19805,AA,American Airlines Inc.,2025,1,Airline_Financial_2025.csv
2025,-112003.22,3990.56,5809328.35,8751045.99,2608337.36,1039956.31,654039.62,8747055.42,19805,AA,American Airlines Inc.,2025,1,Airline_Financial_2025.csv
2025,-92025.14,-92025.14,2029572.72,2471870.16,999552.9,383570.32,254861.41,2563895.3,19805,AA,American Airlines Inc.,2025,3,Airline_Financial_2025.csv
2025,-82311.98,-82311.98,286857.77,362880.02,172419.02,66860.35,44348.38,445192.0,19805,AA,American Airlines Inc.,2025,3,Airline_Financial_2025.csv
2025,-82072.96,-83964.78,168509.21,168509.21,108593.02,86236.69,30757.7,252473.99,20363,9E,Endeavor Air Inc.,2025,3,Airline_Financial_2025.csv
2025,-82049.62,-65132.11,887195.43,1089747.85,424017.63,110699.63,107551.52,1154879.96,19977,UA,United Air Lines Inc.,2025,3,Airline_Financial_2025.csv
2025,-79804.04,-80941.52,166818.76,166818.76,110498.59,85576.43,29153.09,247760.28,20363,9E,Endeavor Air Inc.,2025,2,Airline_Financial_2025.csv
2025,-76633.38,-46526.52,1398052.88,1638201.22,719338.14,201338.04,164731.41,1684727.74,20409,B6,JetBlue Airways,2025,2,Airline_Financial_2025.csv
2025,-74104.36,-75220.56,160558.89,160558.89,104394.74,83416.97,25665.15,235779.45,20363,9E,Endeavor Air Inc.,2025,1,Airline_Financial_2025.csv
2025,-68942.78,-69446.34,545889.09,841319.78,530322.88,84391.91,55892.85,910766.12,20436,F9,Frontier Airlines Inc.,2025,3,Airline_Financial_2025.csv
2025,-61525.0,-75282.0,1459649.0,2173909.0,691655.0,181632.0,195270.0,2249191.0,19930,AS,Alaska Airlines Inc.,2025,1,Airline_Financial_2025.csv
2025,-57915.27,-62913.12,575011.81,874277.52,538828.96,74693.8,55538.31,937190.64,20436,F9,Frontier Airlines Inc.,2025,2,Airline_Financial_2025.csv
2025,-52506.12,5082.71,91718.08,91718.08,30550.13,34267.79,4000.17,86635.37,20378,YV,Mesa Airlines Inc.,2025,1,Airline_Financial_2025.csv
2025,-49290.51,-48283.06,492342.08,585779.28,253195.46,82254.63,63525.6,634062.34,19690,HA,Hawaiian Airlines Inc.,2025,1,Airline_Financial_2025.csv
2025,-41146.61,-7787.38,1045042.38,1255364.92,458477.58,119451.13,110772.72,1263152.31,19977,UA,United Air Lines Inc.,2025,2,Airline_Financial_2025.csv
2025,-40954.4,-17403.98,54813.75,123649.64,79031.2,10519.55,10387.4,141053.61,20416,NK,Spirit Air Lines,2025,3,Airline_Financial_2025.csv
2025,-36062.51,-39436.09,544699.91,867800.43,524936.26,78686.9,54741.81,907236.52,20436,F9,Frontier Airlines Inc.,2025,1,Airline_Financial_2025.csv
2025,-34050.32,-21734.68,364807.74,552573.95,264310.85,69242.64,35355.67,574308.63,20368,G4,Allegiant Air,2025,3,Airline_Financial_2025.csv
2025,-31639.89,-26808.95,83276.89,231720.04,143599.92,21492.06,13355.14,258528.99,22080,MX,Breeze Aviation Group DBA  Breeze,2025,3,Airline_Financial_2025.csv
2025,-28362.09,-28362.09,315516.72,393570.53,163605.3,60161.29,41663.45,421932.62,19805,AA,American Airlines Inc.,2025,2,Airline_Financial_2025.csv
2025,-26410.0,-34153.0,198528.0,214115.0,94072.0,24704.0,26559.0,248268.0,19930,AS,Alaska Airlines Inc.,2025,1,Airline_Financial_2025.csv
2025,-26220.75,-17919.65,535683.01,643115.56,287326.4,85736.43,65142.46,661035.21,20409,B6,JetBlue Airways,2025,3,Airline_Financial_2025.csv
2025,-25992.43,-12903.74,488639.51,576645.79,255704.13,74899.8,56797.88,589549.53,20409,B6,JetBlue Airways,2025,2,Airline_Financial_2025.csv
2025,-25566.39,-19148.78,50024.65,106062.64,64113.06,7841.96,8623.27,125211.42,20416,NK,Spirit Air Lines,2025,2,Airline_Financial_2025.csv
2025,-25551.82,-21644.08,126994.32,152778.18,70707.12,19731.91,21279.56,174422.26,19690,HA,Hawaiian Airlines Inc.,2025,2,Airline_Financial_2025.csv
2025,-23447.66,-3814.8,12230.49,14784.49,7384.22,2952.21,3536.14,18599.29,20401,3M,Silver Airways,2025,1,Airline_Financial_2025.csv
2025,-23445.66,-21032.34,67817.33,207862.17,124541.76,16136.82,10309.92,228894.51,22080,MX,Breeze Aviation Group DBA  Breeze,2025,1,Airline_Financial_2025.csv
2025,-19477.95,-19193.56,132338.47,160499.98,75380.03,18785.43,19618.92,179693.55,19690,HA,Hawaiian Airlines Inc.,2025,1,Airline_Financial_2025.csv
2025,-18901.03,-165.92,107476.3,238549.02,108250.66,20480.43,12841.87,238714.94,20422,SY,Sun Country Airlines d/b/a MN Airlines,2025,1,Airline_Financial_2025.csv
2025,-17815.44,12363.54,,445905.4,196942.33,116018.6,,433541.87,20370,KAQ,Kalitta Air LLC,2025,1,Airline_Financial_2025.csv
2025,-17092.55,-13747.01,39330.18,76261.33,46380.72,11487.37,0.0,90008.34,20207,XP,TEM Enterprises dba  Avelo Airlines,2025,1,Airline_Financial_2025.csv
2025,-16948.96,-10821.98,495746.71,496340.37,169465.71,114405.31,21294.31,507162.34,20398,MQ,Envoy Air,2025,3,Airline_Financial_2025.csv
2025,-16308.49,-6930.77,91258.52,229530.83,99705.46,23609.87,13638.05,236461.6,20422,SY,Sun Country Airlines d/b/a MN Airlines,2025,2,Airline_Financial_2025.csv
2025,-15019.72,-6919.08,84506.97,231185.92,103998.69,20551.0,13468.95,238105.0,20422,SY,Sun Country Airlines d/b/a MN Airlines,2025,3,Airline_Financial_2025.csv
2025,-13839.0,-12538.0,608411.0,706328.0,283180.0,94234.0,63574.0,718867.0,19690,HA,Hawaiian Airlines Inc.,2025,3,Airline_Financial_2025.csv
2025,-12624.21,4626.65,494756.58,594094.75,261039.46,72890.53,55720.58,589468.11,20409,B6,JetBlue Airways,2025,1,Airline_Financial_2025.csv
2025,-12495.47,-10541.49,3028.92,3028.92,897.16,12059.67,135.73,13570.41,20378,YV,Mesa Airlines Inc.,2025,1,Airline_Financial_2025.csv
2025,-12412.3,-12454.66,0.0,15573.54,7865.89,12301.36,0.0,28028.2,20169,L2,Lynden Air Cargo Airlines,2025,1,Airline_Financial_2025.csv
2025,-11748.54,-11792.78,36782.18,54513.93,39783.95,4691.45,2981.86,66306.71,20436,F9,Frontier Airlines Inc.,2025,2,Airline_Financial_2025.csv
2025,-11538.54,-11331.75,5738.74,5738.74,1712.98,14126.42,293.82,17070.49,20378,YV,Mesa Airlines Inc.,2025,2,Airline_Financial_2025.csv
2025,-10774.64,-9603.26,0.0,45604.37,30351.85,3990.23,0.0,55207.62,21629,KD,Western Global,2025,1,Airline_Financial_2025.csv
2025,-10747.59,-6428.94,39223.99,87355.04,46769.8,13851.15,0.0,93783.98,20207,XP,TEM Enterprises dba  Avelo Airlines,2025,3,Airline_Financial_2025.csv
2025,-10492.36,-9861.69,5729.17,5729.17,1751.56,12581.83,291.43,15590.86,20378,YV,Mesa Airlines Inc.,2025,3,Airline_Financial_2025.csv
2025,-10071.87,-8241.22,0.0,97199.49,61253.76,11391.02,6819.01,105440.71,20377,X9,Omni Air International LLC,2025,1,Airline_Financial_2025.csv
2025,-9742.17,2363.51,7541.36,9100.96,3164.78,1172.83,2176.75,6737.45,20401,3M,Silver Airways,2025,1,Airline_Financial_2025.csv
2025,-9476.14,-9462.83,0.0,18099.17,8212.75,10941.34,0.0,27562.0,20169,L2,Lynden Air Cargo Airlines,2025,2,Airline_Financial_2025.csv
2025,-8587.21,-8127.88,29605.81,44759.49,31614.27,4249.27,2395.0,52887.37,20436,F9,Frontier Airlines Inc.,2025,3,Airline_Financial_2025.csv
2025,-7759.77,-4031.22,46224.01,87229.82,45077.87,12362.98,0.0,91261.04,20207,XP,TEM Enterprises dba  Avelo Airlines,2025,2,Airline_Financial_2025.csv
2025,-6667.82,-6328.79,28506.8,44047.86,29845.36,3805.68,2333.42,50376.65,20436,F9,Frontier Airlines Inc.,2025,1,Airline_Financial_2025.csv
2025,-6177.36,-6096.36,0.0,45265.53,27602.74,3769.48,0.0,51361.89,21629,KD,Western Global,2025,3,Airline_Financial_2025.csv
2025,-5143.83,-4898.48,0.0,5761.39,3944.26,1502.12,0.0,10659.87,21492,1BQ,"Eastern Airlines f/k/a Dynamic Airways, LLC",2025,1,Airline_Financial_2025.csv
2025,-5057.51,-736.74,313306.86,313306.86,143531.36,106528.63,17891.71,314043.6,20397,OH,PSA Airlines Inc.,2025,2,Airline_Financial_2025.csv
2025,-5018.54,-4254.32,0.0,100825.02,35679.22,55994.46,0.0,105079.34,19874,8C,Air Transport International,2025,1,Airline_Financial_2025.csv
2025,-4646.0,-6942.0,172449.0,200204.0,82853.0,18868.0,17604.0,207146.0,19393,WN,Southwest Airlines Co.,2025,1,Airline_Financial_2025.csv
2025,-4551.14,-4312.41,0.0,5316.68,3094.62,1461.6,0.0,9629.08,21492,1BQ,"Eastern Airlines f/k/a Dynamic Airways, LLC",2025,1,Airline_Financial_2025.csv
2025,-4479.85,-5181.4,476335.49,476724.01,165087.46,103096.8,19892.69,481905.4,20398,MQ,Envoy Air,2025,2,Airline_Financial_2025.csv
2025,-4473.05,-6326.16,0.0,21615.98,13281.52,5150.16,0.0,27942.14,21634,KH,Aloha Air Cargo,2025,3,Airline_Financial_2025.csv
2025,-4168.24,-4227.56,0.0,11025.6,11593.73,69.67,1092.48,15253.16,20405,N8,National Air Cargo Group Inc d/ba National Airlines,2025,1,Airline_Financial_2025.csv
2025,-3961.42,-4176.58,0.0,9571.86,5335.98,2319.52,0.0,13748.43,21492,1BQ,"Eastern Airlines f/k/a Dynamic Airways, LLC",2025,2,Airline_Financial_2025.csv
2025,-3564.38,-3001.71,467569.97,467980.14,159998.19,95080.71,19949.49,470981.86,20398,MQ,Envoy Air,2025,1,Airline_Financial_2025.csv
2025,-3228.45,-3096.18,0.0,5675.7,3234.11,1127.32,0.0,8771.87,20447,U7,USA Jet Airlines Inc.,2025,2,Airline_Financial_2025.csv
2025,-3126.48,1903.06,344942.74,344942.83,147166.09,135015.48,17420.94,343039.76,20397,OH,PSA Airlines Inc.,2025,1,Airline_Financial_2025.csv
2025,-3114.68,-3418.62,0.0,9490.57,4878.19,2183.14,0.0,12909.19,21492,1BQ,"Eastern Airlines f/k/a Dynamic Airways, LLC",2025,3,Airline_Financial_2025.csv
2025,-3063.61,3751.78,0.0,82566.14,35989.52,15106.0,,78814.36,20151,M6,Amerijet International,2025,2,Airline_Financial_2025.csv
2025,-2947.0,-2670.0,129553.0,150403.0,60299.0,20066.0,13537.0,153073.0,19690,HA,Hawaiian Airlines Inc.,2025,3,Airline_Financial_2025.csv
2025,-2731.27,-3290.64,961.58,16721.85,8009.5,6212.39,,20012.49,20408,5V,Tatonduk Outfitters Limited d/b/a Everts Air Alaska and Everts Air Cargo,2025,1,Airline_Financial_2025.csv
2025,-2337.84,-2242.06,0.0,4109.99,2341.94,816.34,0.0,6352.05,20447,U7,USA Jet Airlines Inc.,2025,2,Airline_Financial_2025.csv
2025,-2215.09,-2045.41,0.0,7674.38,3763.41,1073.68,0.0,9719.8,20447,U7,USA Jet Airlines Inc.,2025,3,Airline_Financial_2025.csv
2025,-2159.03,-1510.92,0.0,64802.18,29463.27,26084.89,0.0,66313.1,20453,ABX,ABX Air Inc,2025,1,Airline_Financial_2025.csv
2025,-2089.44,-2601.76,0.0,35683.63,21711.22,8040.88,0.0,38285.39,20108,NC,Northern Air Cargo Inc.,2025,3,Airline_Financial_2025.csv
2025,-1958.37,1042.73,0.0,58021.81,29831.19,9860.64,302.45,56979.08,22085,GCA,"Global Crossing Airlines, Inc.",2025,3,Airline_Financial_2025.csv
2025,-1921.02,-1802.88,0.0,8335.71,4563.69,1253.87,0.0,10138.59,20447,U7,USA Jet Airlines Inc.,2025,1,Airline_Financial_2025.csv
2025,-1910.71,3657.95,0.0,126315.57,70465.92,16159.2,8189.61,122657.62,20377,X9,Omni Air International LLC,2025,2,Airline_Financial_2025.csv
2025,-1887.73,-1982.61,80682.28,80696.69,43606.02,26710.4,4718.84,82679.3,20500,G7,GoJet Airlines LLC d/b/a United Express,2025,3,Airline_Financial_2025.csv
2025,-1812.35,-1673.52,0.0,6279.04,3079.15,878.47,0.0,7952.56,20447,U7,USA Jet Airlines Inc.,2025,3,Airline_Financial_2025.csv
2025,-1776.89,-1726.74,0.0,7657.61,5900.35,1843.77,698.74,9384.35,20405,N8,National Air Cargo Group Inc d/ba National Airlines,2025,2,Airline_Financial_2025.csv
2025,-1694.21,-2240.45,1165.36,17148.01,6578.0,6905.02,,19388.46,20408,5V,Tatonduk Outfitters Limited d/b/a Everts Air Alaska and Everts Air Cargo,2025,2,Airline_Financial_2025.csv
2025,-1679.22,-1583.04,1552.52,1554.23,992.35,1019.89,172.88,3137.28,20397,OH,PSA Airlines Inc.,2025,3,Airline_Financial_2025.csv
2025,-1627.62,-1628.06,,15727.73,6618.62,7009.91,,17355.79,20372,KLQ,Kalitta Charters II,2025,1,Airline_Financial_2025.csv
2025,-1509.37,-1416.55,0.0,6549.48,3585.76,985.19,0.0,7966.03,20447,U7,USA Jet Airlines Inc.,2025,1,Airline_Financial_2025.csv
2025,-1482.18,-946.37,43352.7,43404.61,14819.66,10004.66,1862.17,44350.99,20398,MQ,Envoy Air,2025,3,Airline_Financial_2025.csv
2025,-1475.93,-1528.71,73833.81,73917.74,40686.99,24138.45,3824.18,75446.45,20500,G7,GoJet Airlines LLC d/b/a United Express,2025,2,Airline_Financial_2025.csv
2025,-1423.25,4111.97,0.0,87491.57,39646.32,15856.76,,83379.6,20151,M6,Amerijet International,2025,3,Airline_Financial_2025.csv
2025,-1270.77,1998.39,0.0,39803.47,17263.18,7245.94,,37805.08,20151,M6,Amerijet International,2025,2,Airline_Financial_2025.csv
2025,-1241.44,-1086.41,0.0,12307.8,4403.84,1874.09,578.86,13394.21,20310,WL,"Caribbean Sun Airlines, Inc. d/b/a World Atlantic Airlines",2025,3,Airline_Financial_2025.csv
2025,-1229.0,-1781.0,95661.0,104067.0,40008.0,10094.0,12212.0,105847.0,19930,AS,Alaska Airlines Inc.,2025,3,Airline_Financial_2025.csv
2025,-928.42,8545.8,84946.15,84946.15,28438.27,29401.27,4265.68,76400.35,20378,YV,Mesa Airlines Inc.,2025,3,Airline_Financial_2025.csv
2025,-892.83,1807.02,58514.69,63780.95,23393.53,4304.62,8670.49,61973.92,20409,B6,JetBlue Airways,2025,1,Airline_Financial_2025.csv
2025,-888.57,-777.93,0.0,5714.25,3766.29,738.02,412.13,6492.18,20377,X9,Omni Air International LLC,2025,1,Airline_Financial_2025.csv
2025,-801.7,-813.78,1737.02,1737.02,1129.4,902.45,277.66,2550.8,20363,9E,Endeavor Air Inc.,2025,1,Airline_Financial_2025.csv
2025,-609.02,-693.7,,16161.5,6762.06,6607.64,,16855.2,20372,KLQ,Kalitta Charters II,2025,3,Airline_Financial_2025.csv
2025,-564.76,-572.81,1180.54,1180.54,781.98,605.61,206.31,1753.35,20363,9E,Endeavor Air Inc.,2025,2,Airline_Financial_2025.csv
2025,-485.11,-561.07,51580.43,51622.5,17876.65,11163.93,2154.1,52183.57,20398,MQ,Envoy Air,2025,2,Airline_Financial_2025.csv
2025,-466.68,-118.46,0.0,16956.83,7508.66,1955.99,604.39,17075.29,20310,WL,"Caribbean Sun Airlines, Inc. d/b/a World Atlantic Airlines",2025,1,Airline_Financial_2025.csv
2025,-441.38,2048.22,0.0,39550.15,17831.86,7131.95,,37501.93,20151,M6,Amerijet International,2025,3,Airline_Financial_2025.csv
2025,-363.8,-2912.79,0.0,48696.69,27432.49,4195.23,0.0,51609.48,21629,KD,Western Global,2025,2,Airline_Financial_2025.csv
2025,-281.01,-109.04,0.0,3681.13,2160.51,513.85,252.91,3790.17,20377,X9,Omni Air International LLC,2025,2,Airline_Financial_2025.csv
2025,-239.76,-167.79,0.0,7196.37,3271.94,2896.76,0.0,7364.16,20453,ABX,ABX Air Inc,2025,1,Airline_Financial_2025.csv
2025,-190.31,-194.69,390.73,390.73,251.8,199.96,71.32,585.43,20363,9E,Endeavor Air Inc.,2025,3,Airline_Financial_2025.csv
2025,-188.98,-159.15,24789.84,24811.58,8482.86,5041.03,1057.69,24970.73,20398,MQ,Envoy Air,2025,1,Airline_Financial_2025.csv
2025,-166.35,-136.12,0.0,31868.96,5899.93,0.0,0.0,32005.08,21974,3EQ,"Scott Aviation, LLC  d/b/a  Silver Air",2025,1,Airline_Financial_2025.csv
2025,-80.7,-89.77,0.0,4454.44,2573.06,636.72,291.1,4544.21,20377,X9,Omni Air International LLC,2025,3,Airline_Financial_2025.csv
2025,-77.07,-164.47,0.0,74523.31,58037.56,255.79,0.0,74687.77,20100,PO,Polar Air Cargo Airways,2025,2,Airline_Financial_2025.csv
2025,-44.01,-6.39,2727.73,2727.73,1206.56,927.47,198.83,2734.12,20397,OH,PSA Airlines Inc.,2025,2,Airline_Financial_2025.csv
2025,-38.4,-33.6,0.0,380.65,136.2,57.96,17.9,414.25,20310,WL,"Caribbean Sun Airlines, Inc. d/b/a World Atlantic Airlines",2025,3,Airline_Financial_2025.csv
2025,-32.73,4.64,0.0,11570.37,3542.85,1978.3,421.27,11565.73,20310,WL,"Caribbean Sun Airlines, Inc. d/b/a World Atlantic Airlines",2025,2,Airline_Financial_2025.csv
2025,-27.82,16.97,3071.76,3071.76,1275.49,1202.33,190.18,3054.79,20397,OH,PSA Airlines Inc.,2025,1,Airline_Financial_2025.csv
2025,-19.45,-4.94,0.0,706.54,312.86,81.5,25.18,711.47,20310,WL,"Caribbean Sun Airlines, Inc. d/b/a World Atlantic Airlines",2025,1,Airline_Financial_2025.csv
2025,-3.6,67.3,0.0,32034.84,25966.61,67.31,0.0,31967.55,20100,PO,Polar Air Cargo Airways,2025,1,Airline_Financial_2025.csv
2025,-1.01,0.14,0.0,357.85,109.57,61.18,13.03,357.7,20310,WL,"Caribbean Sun Airlines, Inc. d/b/a World Atlantic Airlines",2025,2,Airline_Financial_2025.csv
2025,0.0,0.0,,0.0,0.0,0.0,,0.0,20372,KLQ,Kalitta Charters II,2025,1,Airline_Financial_2025.csv
2025,0.0,0.0,,0.0,0.0,0.0,,0.0,20372,KLQ,Kalitta Charters II,2025,2,Airline_Financial_2025.csv
2025,0.0,0.0,,0.0,0.0,0.0,,0.0,20372,KLQ,Kalitta Charters II,2025,3,Airline_Financial_2025.csv
2025,0.0,0.0,0.0,0.0,0.0,0.0,0.0,0.0,19687,QX,Horizon Air,2025,1,Airline_Financial_2025.csv
2025,0.0,0.0,0.0,0.0,0.0,0.0,0.0,0.0,19687,QX,Horizon Air,2025,2,Airline_Financial_2025.csv
2025,0.0,0.0,0.0,0.0,0.0,0.0,0.0,0.0,19687,QX,Horizon Air,2025,3,Airline_Financial_2025.csv
2025,0.0,0.0,0.0,0.0,0.0,0.0,0.0,0.0,20100,PO,Polar Air Cargo Airways,2025,1,Airline_Financial_2025.csv
2025,0.0,0.0,0.0,0.0,0.0,0.0,0.0,0.0,20100,PO,Polar Air Cargo Airways,2025,2,Airline_Financial_2025.csv
2025,0.0,0.0,0.0,0.0,0.0,0.0,0.0,0.0,20100,PO,Polar Air Cargo Airways,2025,3,Airline_Financial_2025.csv
2025,0.0,0.0,0.0,0.0,0.0,0.0,0.0,0.0,20100,PO,Polar Air Cargo Airways,2025,3,Airline_Financial_2025.csv
2025,0.0,0.0,0.0,0.0,0.0,0.0,0.0,0.0,20452,YX,Republic Airline,2025,1,Airline_Financial_2025.csv
2025,2.26,4.38,56.89,58.1,18.97,14.96,5.11,53.71,20452,YX,Republic Airline,2025,3,Airline_Financial_2025.csv
2025,3.6,340.93,0.0,152429.6,123534.74,320.29,0.0,152088.67,20100,PO,Polar Air Cargo Airways,2025,1,Airline_Financial_2025.csv
2025,9.88,15.69,105.13,107.73,35.55,26.91,8.96,92.04,20452,YX,Republic Airline,2025,2,Airline_Financial_2025.csv
2025,87.73,-294.73,,14518.25,5396.41,5757.81,,14812.98,20177,PFQ,Asia Pacific,2025,2,Airline_Financial_2025.csv
2025,93.73,94.85,997.98,1006.23,285.76,438.8,39.43,911.38,20445,C5,CommuteAir LLC dba CommuteAir,2025,2,Airline_Financial_2025.csv
2025,99.61,1824.88,0.0,4876.79,746.43,1800.15,0.0,3051.91,21518,1EQ,"KaiserAir, Inc.",2025,3,Airline_Financial_2025.csv
2025,121.6,119.75,1781.29,1804.59,547.44,781.27,70.54,1684.83,20445,C5,CommuteAir LLC dba CommuteAir,2025,1,Airline_Financial_2025.csv
2025,149.95,3109.31,0.0,66600.84,38743.14,7272.35,0.0,63491.53,22085,GCA,"Global Crossing Airlines, Inc.",2025,1,Airline_Financial_2025.csv
2025,152.07,83.65,0.0,58339.65,45221.59,200.24,0.0,58256.0,20100,PO,Polar Air Cargo Airways,2025,2,Airline_Financial_2025.csv
2025,171.92,-299.3,,15550.9,6298.75,5620.4,,15850.19,20177,PFQ,Asia Pacific,2025,3,Airline_Financial_2025.csv
2025,173.46,4191.97,0.0,78204.04,34944.64,13830.91,,74012.06,20151,M6,Amerijet International,2025,1,Airline_Financial_2025.csv
2025,188.38,1917.46,0.0,4792.59,595.27,1740.53,0.0,2875.13,21518,1EQ,"KaiserAir, Inc.",2025,1,Airline_Financial_2025.csv
2025,188.48,200.74,2216.5,2223.35,596.92,1006.16,98.51,2022.61,20445,C5,CommuteAir LLC dba CommuteAir,2025,3,Airline_Financial_2025.csv
2025,206.44,230.58,0.0,5289.13,2013.63,2188.51,0.0,5058.54,20453,ABX,ABX Air Inc,2025,2,Airline_Financial_2025.csv
2025,280.72,326.06,0.0,3873.74,2355.34,201.25,0.0,3547.68,20166,GFQ,Gulf And Caribbean Cargo,2025,3,Airline_Financial_2025.csv
2025,325.02,2568.14,0.0,43881.47,19506.0,7720.38,,41313.32,20151,M6,Amerijet International,2025,1,Airline_Financial_2025.csv
2025,402.75,433.47,0.0,3564.02,2093.01,148.67,0.0,3130.55,20166,GFQ,Gulf And Caribbean Cargo,2025,2,Airline_Financial_2025.csv
2025,445.6,517.57,0.0,6148.98,3738.75,319.46,0.0,5631.41,20166,GFQ,Gulf And Caribbean Cargo,2025,3,Airline_Financial_2025.csv
2025,468.84,121.52,,16420.67,6812.7,5446.58,,16299.16,20177,PFQ,Asia Pacific,2025,1,Airline_Financial_2025.csv
2025,581.24,602.83,0.0,31256.66,6176.4,0.0,0.0,30653.83,21974,3EQ,"Scott Aviation, LLC  d/b/a  Silver Air",2025,3,Airline_Financial_2025.csv
2025,588.84,538.76,128514.41,227315.34,62551.02,31219.09,6534.16,226776.57,20427,PT,Piedmont Airlines,2025,2,Airline_Financial_2025.csv
2025,588.84,538.76,128514.41,227315.34,62594.53,31219.09,6490.65,226776.57,20427,PT,Piedmont Airlines,2025,3,Airline_Financial_2025.csv
2025,607.72,3281.29,0.0,61381.33,31040.83,9647.28,0.0,58100.04,22085,GCA,"Global Crossing Airlines, Inc.",2025,2,Airline_Financial_2025.csv
2025,609.35,611.2,0.0,10633.63,4086.72,4093.5,0.0,10022.43,20453,ABX,ABX Air Inc,2025,3,Airline_Financial_2025.csv
2025,611.72,393.79,0.0,32328.75,23355.26,2266.9,1394.58,31934.96,20405,N8,National Air Cargo Group Inc d/ba National Airlines,2025,3,Airline_Financial_2025.csv
2025,635.56,635.56,0.0,2714.08,0.0,0.0,0.0,2078.52,21652,27Q,"Jet Aviation Flight Services, Inc.",2025,1,Airline_Financial_2025.csv
2025,668.29,719.27,0.0,5913.85,3472.97,246.7,0.0,5194.58,20166,GFQ,Gulf And Caribbean Cargo,2025,2,Airline_Financial_2025.csv
2025,685.05,993.01,10610.61,10713.92,3621.06,3566.04,1152.04,9720.91,20304,OO,SkyWest Airlines Inc.,2025,3,Airline_Financial_2025.csv
2025,746.93,747.65,0.0,5549.96,3232.79,343.99,0.0,4802.31,20166,GFQ,Gulf And Caribbean Cargo,2025,1,Airline_Financial_2025.csv
2025,764.01,764.01,0.0,2948.26,0.0,0.0,0.0,2184.25,21652,27Q,"Jet Aviation Flight Services, Inc.",2025,2,Airline_Financial_2025.csv
2025,777.41,778.17,0.0,5776.49,3364.74,358.03,0.0,4998.32,20166,GFQ,Gulf And Caribbean Cargo,2025,1,Airline_Financial_2025.csv
2025,856.97,1248.78,11197.1,11284.95,3989.16,3407.67,1196.23,10036.17,20304,OO,SkyWest Airlines Inc.,2025,2,Airline_Financial_2025.csv
2025,1075.7,-817.02,,13889.61,5857.06,5739.93,,14706.63,20372,KLQ,Kalitta Charters II,2025,2,Airline_Financial_2025.csv
2025,1086.56,1086.56,0.0,3423.29,0.0,0.0,0.0,2336.73,21652,27Q,"Jet Aviation Flight Services, Inc.",2025,3,Airline_Financial_2025.csv
2025,1228.32,1246.5,0.0,34288.47,6902.3,0.0,0.0,33041.97,21974,3EQ,"Scott Aviation, LLC  d/b/a  Silver Air",2025,2,Airline_Financial_2025.csv
2025,1231.65,1314.5,15700.94,15866.28,5907.79,4966.26,1766.8,14551.78,20304,OO,SkyWest Airlines Inc.,2025,1,Airline_Financial_2025.csv
2025,1282.0,844.0,136011.0,166331.0,66891.0,14810.0,15212.0,165487.0,19393,WN,Southwest Airlines Co.,2025,3,Airline_Financial_2025.csv
2025,1364.0,2385.0,145640.0,156555.0,58196.0,15794.0,18000.0,154170.0,19930,AS,Alaska Airlines Inc.,2025,2,Airline_Financial_2025.csv
2025,1407.7,3141.37,0.0,5073.67,837.22,666.96,0.0,1932.3,21518,1EQ,"KaiserAir, Inc.",2025,2,Airline_Financial_2025.csv
2025,1434.81,1570.46,0.0,26625.76,8078.8,8515.56,0.0,25055.3,20169,L2,Lynden Air Cargo Airlines,2025,3,Airline_Financial_2025.csv
2025,1498.3,1349.08,124059.27,214853.79,58283.16,31081.11,6554.91,213504.72,20427,PT,Piedmont Airlines,2025,1,Airline_Financial_2025.csv
2025,1539.37,1484.08,0.0,18079.92,0.0,0.0,0.0,16595.84,20100,PO,Polar Air Cargo Airways,2025,3,Airline_Financial_2025.csv
2025,1827.43,1656.11,,14792.89,3181.88,3392.55,,13136.78,20370,KAQ,Kalitta Air LLC,2025,3,Airline_Financial_2025.csv
2025,1928.55,1654.86,0.0,12663.04,3777.93,1965.96,0.0,11008.18,21492,1BQ,"Eastern Airlines f/k/a Dynamic Airways, LLC",2025,3,Airline_Financial_2025.csv
2025,2018.55,1911.18,0.0,8467.47,2358.12,1157.54,0.0,6556.29,21492,1BQ,"Eastern Airlines f/k/a Dynamic Airways, LLC",2025,2,Airline_Financial_2025.csv
2025,2370.42,3373.2,0.0,35795.09,11288.52,5317.73,0.0,32421.89,21875,37Q,"Eastern Air Express, LLC (EAX)",2025,3,Airline_Financial_2025.csv
2025,2546.98,2461.68,,15610.33,2370.55,3690.75,,13148.65,20370,KAQ,Kalitta Air LLC,2025,1,Airline_Financial_2025.csv
2025,2742.07,2572.39,,15171.05,2298.91,3707.46,,12598.67,20370,KAQ,Kalitta Air LLC,2025,2,Airline_Financial_2025.csv
2025,2776.26,1523.23,0.0,143546.94,107568.27,9320.73,1181.77,142023.71,20405,N8,National Air Cargo Group Inc d/ba National Airlines,2025,3,Airline_Financial_2025.csv
2025,2939.26,3282.98,0.0,75304.79,28669.43,31159.22,0.0,72021.82,20453,ABX,ABX Air Inc,2025,2,Airline_Financial_2025.csv
2025,2948.48,2922.31,0.0,30806.42,9766.31,4602.19,0.0,27884.11,21875,37Q,"Eastern Air Express, LLC (EAX)",2025,2,Airline_Financial_2025.csv
2025,3069.74,3156.78,,28273.73,12784.3,5384.93,,25116.95,21754,2PQ,21 Air LLC,2025,1,Airline_Financial_2025.csv
2025,3432.33,3402.91,73230.93,75586.34,39621.07,21467.17,2913.73,72183.44,20500,G7,GoJet Airlines LLC d/b/a United Express,2025,1,Airline_Financial_2025.csv
2025,3857.94,3857.94,0.0,5457.41,779.02,305.42,0.0,1599.47,20169,L2,Lynden Air Cargo Airlines,2025,2,Airline_Financial_2025.csv
2025,4013.14,4025.35,0.0,70032.96,26915.07,26959.74,0.0,66007.61,20453,ABX,ABX Air Inc,2025,3,Airline_Financial_2025.csv
2025,4149.21,6131.17,0.0,112167.86,38896.86,52663.17,0.0,106036.69,19874,8C,Air Transport International,2025,2,Airline_Financial_2025.csv
2025,4181.77,4122.45,0.0,171358.35,137813.01,4544.56,1834.48,167235.9,20405,N8,National Air Cargo Group Inc d/ba National Airlines,2025,1,Airline_Financial_2025.csv
2025,4301.89,4387.96,0.0,28675.01,0.0,0.0,0.0,24287.05,21652,27Q,"Jet Aviation Flight Services, Inc.",2025,1,Airline_Financial_2025.csv
2025,4620.88,8675.18,87873.29,238988.65,129533.61,16671.02,12621.58,230313.47,22080,MX,Breeze Aviation Group DBA  Breeze,2025,2,Airline_Financial_2025.csv
2025,4974.74,4906.27,67636.82,68501.29,20807.78,29269.48,2618.11,63595.02,20445,C5,CommuteAir LLC dba CommuteAir,2025,1,Airline_Financial_2025.csv
2025,5039.52,5076.88,0.0,113630.24,38860.78,55315.56,0.0,108553.36,19874,8C,Air Transport International,2025,3,Airline_Financial_2025.csv
2025,5147.88,4626.13,1392.7,24165.48,7764.25,5763.18,,19539.35,20408,5V,Tatonduk Outfitters Limited d/b/a Everts Air Alaska and Everts Air Cargo,2025,3,Airline_Financial_2025.csv
2025,5601.87,6098.77,,36524.03,15450.73,6590.5,,30425.26,21754,2PQ,21 Air LLC,2025,3,Airline_Financial_2025.csv
2025,5645.0,19881.0,129839.0,129963.0,30195.0,30981.0,7504.0,110082.0,19687,QX,Horizon Air,2025,3,Airline_Financial_2025.csv
2025,5837.91,5774.48,0.0,30372.25,0.0,0.0,0.0,24597.76,21652,27Q,"Jet Aviation Flight Services, Inc.",2025,2,Airline_Financial_2025.csv
2025,5997.19,6399.69,72790.02,73844.22,20068.55,33190.16,3235.25,67444.53,20445,C5,CommuteAir LLC dba CommuteAir,2025,3,Airline_Financial_2025.csv
2025,6231.13,-186.91,,483939.8,237271.4,116191.97,,484126.71,20370,KAQ,Kalitta Air LLC,2025,3,Airline_Financial_2025.csv
2025,6313.44,6398.9,,35329.43,14775.59,6343.37,,28930.53,21754,2PQ,21 Air LLC,2025,2,Airline_Financial_2025.csv
2025,6349.65,6320.06,0.0,29864.2,0.0,0.0,0.0,23544.14,21652,27Q,"Jet Aviation Flight Services, Inc.",2025,3,Airline_Financial_2025.csv
2025,6574.19,6591.86,0.0,24487.93,10544.86,4452.42,0.0,17896.07,20195,WI,Sky Lease Cargo,2025,3,Airline_Financial_2025.csv
2025,6587.0,17057.0,125537.0,125537.0,27929.0,32794.0,7584.0,108480.0,19687,QX,Horizon Air,2025,2,Airline_Financial_2025.csv
2025,6595.85,6678.23,74517.79,75125.84,21591.23,32700.73,2907.77,68447.61,20445,C5,CommuteAir LLC dba CommuteAir,2025,2,Airline_Financial_2025.csv
2025,6719.0,7090.0,198329.0,228351.0,88475.0,20441.0,20073.0,221261.0,19393,WN,Southwest Airlines Co.,2025,2,Airline_Financial_2025.csv
2025,6740.8,-31807.03,55393.59,111363.93,72240.8,9797.12,9504.75,143170.96,20416,NK,Spirit Air Lines,2025,1,Airline_Financial_2025.csv
2025,6796.75,6554.73,0.0,125267.32,68012.78,15273.57,7771.3,118712.59,20377,X9,Omni Air International LLC,2025,3,Airline_Financial_2025.csv
2025,7008.08,7002.04,0.0,39219.02,24317.24,2678.62,0.0,32216.99,20195,WI,Sky Lease Cargo,2025,1,Airline_Financial_2025.csv
2025,7274.0,18046.0,116441.0,116619.0,27379.0,31061.0,7307.0,98573.0,19687,QX,Horizon Air,2025,1,Airline_Financial_2025.csv
2025,7404.91,5140.7,0.0,30708.14,9023.74,3407.41,0.0,25567.45,21875,37Q,"Eastern Air Express, LLC (EAX)",2025,1,Airline_Financial_2025.csv
2025,7743.47,7743.47,0.0,9263.07,877.7,286.67,0.0,1519.6,20169,L2,Lynden Air Cargo Airlines,2025,3,Airline_Financial_2025.csv
2025,8164.55,8129.02,0.0,37899.17,19898.43,6059.14,0.0,29770.15,20195,WI,Sky Lease Cargo,2025,2,Airline_Financial_2025.csv
2025,8829.96,11911.87,87044.98,87044.98,28959.12,26858.16,4383.01,75133.11,20378,YV,Mesa Airlines Inc.,2025,2,Airline_Financial_2025.csv
2025,9953.09,10008.23,0.0,35219.41,14839.64,6812.46,1963.25,25211.18,19874,8C,Air Transport International,2025,1,Airline_Financial_2025.csv
2025,10089.78,10139.94,0.0,187876.17,147823.31,5653.04,1882.33,177736.24,20405,N8,National Air Cargo Group Inc d/ba National Airlines,2025,2,Airline_Financial_2025.csv
2025,10714.25,25600.74,394156.45,402537.47,131589.89,106487.88,35552.49,376936.72,20452,YX,Republic Airline,2025,3,Airline_Financial_2025.csv
2025,11834.04,11836.0,0.0,16323.33,2316.03,1018.58,0.0,4487.34,20169,L2,Lynden Air Cargo Airlines,2025,1,Airline_Financial_2025.csv
2025,12487.73,12490.49,0.0,37808.83,14482.45,7068.43,2136.29,25318.34,19874,8C,Air Transport International,2025,3,Airline_Financial_2025.csv
2025,13691.76,13852.5,0.0,38744.16,14766.87,6315.59,2103.26,24891.66,19874,8C,Air Transport International,2025,2,Airline_Financial_2025.csv
2025,14067.0,32326.0,641302.0,809214.0,320940.0,60372.0,79977.0,776888.0,19790,DL,Delta Air Lines Inc.,2025,1,Airline_Financial_2025.csv
2025,14152.77,7510.34,,441409.6,202209.28,108901.88,,433899.26,20370,KAQ,Kalitta Air LLC,2025,2,Airline_Financial_2025.csv
2025,16633.44,16821.07,7253.71,24352.32,2685.16,419.28,434.94,7531.25,20422,SY,Sun Country Airlines d/b/a MN Airlines,2025,3,Airline_Financial_2025.csv
2025,17821.41,27645.78,0.0,301714.9,168830.5,24280.84,5386.5,274069.12,20007,5Y,Atlas Air Inc.,2025,3,Airline_Financial_2025.csv
2025,18831.09,28780.99,0.0,309426.81,171457.37,26380.36,4798.98,280645.82,20007,5Y,Atlas Air Inc.,2025,2,Airline_Financial_2025.csv
2025,22877.47,33093.65,0.0,338717.5,183756.03,32003.25,4665.27,305623.85,20007,5Y,Atlas Air Inc.,2025,1,Airline_Financial_2025.csv
2025,22889.01,23192.94,13892.51,34089.95,3787.95,763.67,627.75,10897.01,20422,SY,Sun Country Airlines d/b/a MN Airlines,2025,2,Airline_Financial_2025.csv
2025,23572.77,37009.28,149993.37,166744.48,47997.67,9285.8,19579.9,129735.2,20409,B6,JetBlue Airways,2025,3,Airline_Financial_2025.csv
2025,28244.74,38460.59,0.0,93812.66,29733.31,13552.01,0.0,55352.07,19917,5X,United Parcel Service,2025,2,Airline_Financial_2025.csv
2025,28480.28,40565.05,129455.67,141455.64,37431.7,6705.9,14545.27,100890.59,20409,B6,JetBlue Airways,2025,2,Airline_Financial_2025.csv
2025,30926.52,40980.69,0.0,94188.17,29055.49,13311.6,0.0,53207.48,19917,5X,United Parcel Service,2025,3,Airline_Financial_2025.csv
2025,32353.26,54442.39,378022.29,388102.4,121943.02,104209.49,32051.23,333660.01,20452,YX,Republic Airline,2025,1,Airline_Financial_2025.csv
2025,33161.0,65040.0,1117218.0,1424966.0,492990.0,140461.0,139632.0,1359926.0,19790,DL,Delta Air Lines Inc.,2025,1,Airline_Financial_2025.csv
2025,33654.48,55238.59,388531.53,398176.38,131558.06,101099.66,33160.33,342937.78,20452,YX,Republic Airline,2025,2,Airline_Financial_2025.csv
2025,34335.14,43056.65,0.0,97181.68,28956.88,12845.62,0.0,54125.04,19917,5X,United Parcel Service,2025,1,Airline_Financial_2025.csv
2025,36186.24,51723.5,0.0,342129.64,180665.43,55040.53,0.0,290406.15,19917,5X,United Parcel Service,2025,2,Airline_Financial_2025.csv
2025,36235.94,49276.01,611215.48,704661.81,251526.3,91459.24,73204.36,655385.8,19690,HA,Hawaiian Airlines Inc.,2025,2,Airline_Financial_2025.csv
2025,37040.19,90690.84,1204839.74,1434608.03,529479.33,131445.19,116990.28,1343917.19,19977,UA,United Air Lines Inc.,2025,1,Airline_Financial_2025.csv
2025,40043.19,70739.59,1707582.33,1899335.93,774136.55,170267.3,214550.94,1828596.34,19977,UA,United Air Lines Inc.,2025,1,Airline_Financial_2025.csv
2025,40233.76,61189.58,469251.15,668386.09,295083.44,64245.82,42564.49,607196.52,20368,G4,Allegiant Air,2025,1,Airline_Financial_2025.csv
2025,40727.69,65765.79,0.0,830138.95,469991.44,75653.38,11433.79,764373.16,20007,5Y,Atlas Air Inc.,2025,1,Airline_Financial_2025.csv
2025,42527.57,54629.1,0.0,331564.7,171496.19,51158.91,0.0,276935.6,19917,5X,United Parcel Service,2025,1,Airline_Financial_2025.csv
2025,43816.0,80878.0,1292051.0,1638088.0,629172.0,128118.0,162337.0,1557210.0,19790,DL,Delta Air Lines Inc.,2025,1,Airline_Financial_2025.csv
2025,46137.37,50732.98,698854.38,774843.26,284586.04,253386.91,68521.22,724110.28,20304,OO,SkyWest Airlines Inc.,2025,1,Airline_Financial_2025.csv
2025,47261.76,65117.65,0.0,349562.58,180372.78,54005.65,0.0,284444.93,19917,5X,United Parcel Service,2025,3,Airline_Financial_2025.csv
2025,52221.0,34348.0,5546124.0,6782439.0,2727620.0,603892.0,620313.0,6748091.0,19393,WN,Southwest Airlines Co.,2025,3,Airline_Financial_2025.csv
2025,53549.61,43482.09,454902.39,668750.26,285148.93,65062.51,39026.03,625268.17,20368,G4,Allegiant Air,2025,2,Airline_Financial_2025.csv
2025,54539.18,-257347.81,448184.52,901035.44,584493.71,79267.62,76902.08,1158383.25,20416,NK,Spirit Air Lines,2025,1,Airline_Financial_2025.csv
2025,55389.36,84542.71,0.0,906624.8,501627.04,78972.53,14061.08,822082.09,20007,5Y,Atlas Air Inc.,2025,2,Airline_Financial_2025.csv
2025,55492.65,56411.54,59464.55,88099.79,13118.26,2029.48,2696.56,31688.26,20422,SY,Sun Country Airlines d/b/a MN Airlines,2025,1,Airline_Financial_2025.csv
2025,59342.8,90613.46,0.0,960349.09,531586.3,77722.0,17145.05,869735.63,20007,5Y,Atlas Air Inc.,2025,3,Airline_Financial_2025.csv
2025,59579.0,73761.0,,413360.0,58433.0,12858.0,,339599.0,20107,FX,Federal Express Corporation,2025,1,Airline_Financial_2025.csv
2025,59730.67,82518.04,797542.66,877397.66,290531.19,292282.63,72693.28,794879.62,20304,OO,SkyWest Airlines Inc.,2025,3,Airline_Financial_2025.csv
2025,67803.97,91668.17,778651.1,854185.54,287173.09,270561.74,70323.61,762517.37,20304,OO,SkyWest Airlines Inc.,2025,2,Airline_Financial_2025.csv
2025,70304.0,91641.0,,448059.0,57482.0,15356.0,,356418.0,20107,FX,Federal Express Corporation,2025,3,Airline_Financial_2025.csv
2025,72819.0,80591.0,633656.0,799802.0,290751.0,52550.0,76804.0,719211.0,19790,DL,Delta Air Lines Inc.,2025,3,Airline_Financial_2025.csv
2025,74133.13,74133.13,1236635.13,1495265.81,528870.74,218617.65,145822.13,1421132.68,19805,AA,American Airlines Inc.,2025,3,Airline_Financial_2025.csv
2025,74212.0,82138.0,619642.0,834040.0,262409.0,72373.0,78321.0,751902.0,19790,DL,Delta Air Lines Inc.,2025,3,Airline_Financial_2025.csv
2025,81879.0,92139.0,,434733.0,61410.0,14467.0,,342594.0,20107,FX,Federal Express Corporation,2025,2,Airline_Financial_2025.csv
2025,82133.22,131962.12,1491501.78,1721911.71,734914.0,130490.05,188968.78,1589949.59,19977,UA,United Air Lines Inc.,2025,1,Airline_Financial_2025.csv
2025,98174.72,98174.72,1775513.49,2139952.28,764477.89,311043.95,195330.7,2041777.56,19805,AA,American Airlines Inc.,2025,1,Airline_Financial_2025.csv
2025,110154.53,151104.6,0.0,529970.78,239432.85,69962.41,0.0,378866.17,19917,5X,United Parcel Service,2025,2,Airline_Financial_2025.csv
2025,110776.36,268297.65,6217204.85,9358761.43,2710838.88,1099536.98,731012.47,9090463.78,19805,AA,American Airlines Inc.,2025,3,Airline_Financial_2025.csv
2025,114166.0,172227.0,1934080.0,2802131.0,808878.0,204077.0,246903.0,2629904.0,19930,AS,Alaska Airlines Inc.,2025,3,Airline_Financial_2025.csv
2025,119134.91,159769.21,0.0,581114.03,272263.89,77636.72,0.0,421344.82,19917,5X,United Parcel Service,2025,3,Airline_Financial_2025.csv
2025,125429.45,189485.42,1338595.1,1567732.94,637686.16,96046.79,184950.97,1378247.52,19977,UA,United Air Lines Inc.,2025,3,Airline_Financial_2025.csv
2025,128301.0,123589.0,781039.0,1015897.0,314857.0,83616.0,92040.0,892308.0,19790,DL,Delta Air Lines Inc.,2025,2,Airline_Financial_2025.csv
2025,134102.65,168773.04,0.0,543891.61,236372.39,67767.72,0.0,375118.57,19917,5X,United Parcel Service,2025,1,Airline_Financial_2025.csv
2025,146435.0,142410.0,690108.0,855315.0,273896.0,47621.0,78640.0,712905.0,19790,DL,Delta Air Lines Inc.,2025,2,Airline_Financial_2025.csv
2025,174562.71,174562.71,2014883.71,2431043.26,875151.06,321664.15,222935.3,2256480.55,19805,AA,American Airlines Inc.,2025,2,Airline_Financial_2025.csv
2025,191545.12,264662.45,1486912.08,1719634.33,625955.36,94487.68,179414.81,1454971.88,19977,UA,United Air Lines Inc.,2025,2,Airline_Financial_2025.csv
2025,198543.49,198543.49,1437472.27,1730591.56,567559.41,224567.63,155571.59,1532048.06,19805,AA,American Airlines Inc.,2025,2,Airline_Financial_2025.csv
2025,200347.0,254635.0,1867587.0,2686908.0,746270.0,202534.0,230823.0,2432273.0,19930,AS,Alaska Airlines Inc.,2025,2,Airline_Financial_2025.csv
2025,206493.0,217891.0,6093439.0,7015848.0,2718297.0,628027.0,616731.0,6797957.0,19393,WN,Southwest Airlines Co.,2025,2,Airline_Financial_2025.csv
2025,223887.0,421750.0,6347150.0,10210867.0,2695288.0,826359.0,875549.0,9789117.0,19790,DL,Delta Air Lines Inc.,2025,1,Airline_Financial_2025.csv
2025,228359.34,314362.08,5657409.38,8156754.89,2410027.12,758914.91,537802.38,7842392.81,19977,UA,United Air Lines Inc.,2025,1,Airline_Financial_2025.csv
2025,253595.0,313887.0,,1820076.0,316438.0,134484.0,,1506189.0,20107,FX,Federal Express Corporation,2025,1,Airline_Financial_2025.csv
2025,262213.0,341028.0,,1916004.0,314198.0,153539.0,,1574976.0,20107,FX,Federal Express Corporation,2025,3,Airline_Financial_2025.csv
2025,305472.0,343554.0,,1787469.0,297646.0,121694.0,,1443915.0,20107,FX,Federal Express Corporation,2025,2,Airline_Financial_2025.csv
2025,307265.39,436502.93,3224773.6,3485605.35,1252599.2,282298.31,380931.53,3049102.42,19977,UA,United Air Lines Inc.,2025,3,Airline_Financial_2025.csv
2025,372655.68,797386.44,6563211.89,9835244.14,2705187.93,1046145.64,724621.53,9037857.7,19805,AA,American Airlines Inc.,2025,2,Airline_Financial_2025.csv
2025,375920.03,491228.85,3127777.23,3369522.59,1130416.56,273760.61,357189.6,2878293.74,19977,UA,United Air Lines Inc.,2025,2,Airline_Financial_2025.csv
2025,447358.75,577269.46,6217968.61,8891106.43,2392242.66,827358.13,583332.42,8313836.97,19977,UA,United Air Lines Inc.,2025,2,Airline_Financial_2025.csv
2025,512040.0,545496.0,2810762.0,3437573.0,1068222.0,217141.0,330590.0,2892077.0,19790,DL,Delta Air Lines Inc.,2025,3,Airline_Financial_2025.csv
2025,598510.68,834882.5,6285346.77,9081802.72,2451658.33,750121.52,617101.23,8246920.21,19977,UA,United Air Lines Inc.,2025,3,Airline_Financial_2025.csv
2025,674333.0,658782.0,2726632.0,3291660.0,955095.0,183454.0,303841.0,2632878.0,19790,DL,Delta Air Lines Inc.,2025,2,Airline_Financial_2025.csv
2025,839761.0,937862.0,7006762.0,11653572.0,2794384.0,851703.0,944945.0,10715710.0,19790,DL,Delta Air Lines Inc.,2025,3,Airline_Financial_2025.csv
2025,1132161.0,1387019.0,,13731468.0,661781.0,332518.0,,12344449.0,20107,FX,Federal Express Corporation,2025,1,Airline_Financial_2025.csv
2025,1203961.0,1522602.0,,14894084.0,642011.0,362956.0,,13371482.0,20107,FX,Federal Express Corporation,2025,3,Airline_Financial_2025.csv
2025,1261194.0,1207541.0,7227649.0,11546057.0,2780332.0,797317.0,923087.0,10338516.0,19790,DL,Delta Air Lines Inc.,2025,2,Airline_Financial_2025.csv
2025,1395956.0,1527110.0,,14402237.0,666594.0,339766.0,,12875127.0,20107,FX,Federal Express Corporation,2025,2,Airline_Financial_2025.csv
